{"type":"FeatureCollection","crs":{"type":"name","properties":{"name":"EPSG:4326"}},"features":[{"type":"Feature","id":1,"geometry":{"type":"Polygon","coordinates":[[[-82.991525,42.38439],[-82.992494,42.384003],[-82.989581,42.379873],[-82.986532,42.375528],[-82.986538,42.375525],[-82.987677,42.375001],[-82.988773,42.374499],[-82.989742,42.374056],[-82.990846,42.373552],[-82.991944,42.373049],[-82.993868,42.372166],[-82.994114,42.372049],[-82.995858,42.374502],[-82.996664,42.375647],[-82.99776,42.377205],[-82.998834,42.37873],[-83.00034,42.380869],[-83.00204,42.383286],[-83.002999,42.384649],[-83.003954,42.386009],[-83.005446,42.388126],[-83.00673,42.389948],[-83.007076,42.390325],[-83.007085,42.390327],[-83.006756,42.390825],[-83.006701,42.390907],[-83.006401,42.391293],[-83.00631,42.39141],[-83.006045,42.39147],[-83.003448,42.391906],[-83.003255,42.39193],[-83.002754,42.39199],[-83.00268,42.391999],[-83.001854,42.392053],[-83.0013,42.392086],[-83.000506,42.392111],[-82.99953,42.392101],[-82.998287,42.392095],[-82.99796,42.392094],[-82.99748,42.392105],[-82.997097,42.392126],[-82.996619,42.392167],[-82.996227,42.392211],[-82.995843,42.392269],[-82.995385,42.392345],[-82.994893,42.392448],[-82.994504,42.392544],[-82.994011,42.392682],[-82.993712,42.392777],[-82.993176,42.392965],[-82.992666,42.393167],[-82.992277,42.39333],[-82.991894,42.393529],[-82.991569,42.393707],[-82.991497,42.393747],[-82.991103,42.39399],[-82.990885,42.394132],[-82.990786,42.394202],[-82.990368,42.394497],[-82.989849,42.394915],[-82.98931,42.395303],[-82.988835,42.394901],[-82.98835,42.394167],[-82.986327,42.391068],[-82.985793,42.390244],[-82.984293,42.387956],[-82.983955,42.387422],[-82.98385,42.387266],[-82.98112,42.383107],[-82.980419,42.382028],[-82.980195,42.381683],[-82.978917,42.379726],[-82.978806,42.379488],[-82.978638,42.379249],[-82.978571,42.379145],[-82.978751,42.379054],[-82.979214,42.378849],[-82.979769,42.378612],[-82.980423,42.378334],[-82.980852,42.378138],[-82.981731,42.377737],[-82.982812,42.377241],[-82.982923,42.37719],[-82.983773,42.376798],[-82.985027,42.378597],[-82.986696,42.380991],[-82.989598,42.385155],[-82.990564,42.384774],[-82.991525,42.38439]]]},"properties":{"OBJECTID":1,"council_district":4,"nhood_num":103,"nhood_name":"West End","Website":"https://theneighborhoods.org/neighborhoods/west-end"}},{"type":"Feature","id":2,"geometry":{"type":"Polygon","coordinates":[[[-82.975849,42.389332],[-82.976029,42.389288],[-82.976781,42.389506],[-82.977161,42.389637],[-82.978501,42.390098],[-82.978777,42.390215],[-82.978859,42.390249],[-82.979162,42.390422],[-82.97947,42.390623],[-82.980636,42.39138],[-82.98084,42.391512],[-82.98214,42.392357],[-82.982356,42.392503],[-82.982622,42.392645],[-82.983216,42.392938],[-82.983628,42.393143],[-82.98378,42.393232],[-82.983889,42.393305],[-82.984264,42.393596],[-82.984789,42.394037],[-82.984923,42.394144],[-82.985132,42.394309],[-82.985472,42.394668],[-82.985747,42.394882],[-82.985984,42.395084],[-82.986326,42.395396],[-82.986545,42.395622],[-82.986795,42.395886],[-82.986918,42.396007],[-82.98714,42.396237],[-82.987263,42.396346],[-82.987362,42.396422],[-82.987457,42.396487],[-82.987595,42.396566],[-82.987231,42.396837],[-82.986953,42.39703],[-82.986675,42.397207],[-82.986272,42.397444],[-82.986024,42.39758],[-82.985481,42.397832],[-82.984792,42.398123],[-82.98456,42.398221],[-82.984133,42.398373],[-82.984007,42.398412],[-82.981876,42.399042],[-82.980446,42.399465],[-82.976964,42.400485],[-82.975257,42.400937],[-82.973033,42.401465],[-82.971978,42.401715],[-82.970944,42.401961],[-82.970484,42.402065],[-82.970165,42.402147],[-82.969608,42.402281],[-82.968893,42.402467],[-82.968608,42.402542],[-82.968215,42.402641],[-82.967776,42.402751],[-82.966305,42.403121],[-82.96571,42.403277],[-82.965464,42.403346],[-82.965461,42.403341],[-82.965303,42.403105],[-82.964308,42.401604],[-82.963295,42.400075],[-82.963167,42.399882],[-82.962153,42.398353],[-82.961115,42.39678],[-82.961083,42.396657],[-82.96108,42.396532],[-82.961015,42.396379],[-82.960111,42.394995],[-82.961231,42.394593],[-82.962195,42.394244],[-82.963159,42.393896],[-82.964136,42.393545],[-82.965083,42.393205],[-82.966009,42.392873],[-82.967045,42.3925],[-82.968089,42.392124],[-82.969161,42.391739],[-82.970234,42.391353],[-82.971306,42.390966],[-82.972373,42.390579],[-82.973431,42.390199],[-82.974488,42.389819],[-82.975849,42.389332]]]},"properties":{"OBJECTID":2,"council_district":4,"nhood_num":105,"nhood_name":"Chandler Park","Website":"https://theneighborhoods.org/neighborhoods/chandler-park"}},{"type":"Feature","id":3,"geometry":{"type":"Polygon","coordinates":[[[-82.967842,42.383694],[-82.967834,42.383695],[-82.96665,42.383754],[-82.965371,42.383824],[-82.964824,42.383915],[-82.964203,42.38406],[-82.963057,42.384342],[-82.961917,42.384621],[-82.96082,42.384888],[-82.95981,42.385134],[-82.958779,42.385384],[-82.95773,42.385638],[-82.956685,42.385852],[-82.955611,42.386035],[-82.954262,42.386261],[-82.952946,42.386478],[-82.951888,42.386638],[-82.950747,42.386814],[-82.949756,42.386971],[-82.948705,42.38714],[-82.94769,42.387298],[-82.947686,42.387302],[-82.946644,42.387469],[-82.946735,42.387043],[-82.946876,42.38699],[-82.946206,42.385961],[-82.94606,42.38586],[-82.945726,42.385344],[-82.945799,42.385316],[-82.945433,42.384739],[-82.943911,42.382418],[-82.943001,42.381039],[-82.942838,42.381094],[-82.94258,42.381107],[-82.94235,42.380748],[-82.942375,42.380643],[-82.942414,42.380457],[-82.942572,42.380395],[-82.941314,42.378469],[-82.939949,42.376406],[-82.939734,42.376071],[-82.939681,42.375988],[-82.93959,42.376004],[-82.939528,42.376007],[-82.939476,42.376005],[-82.939426,42.375993],[-82.939382,42.375969],[-82.939354,42.375937],[-82.938853,42.375154],[-82.939134,42.375038],[-82.93953,42.374875],[-82.940219,42.374579],[-82.940423,42.374494],[-82.941133,42.374201],[-82.941345,42.374116],[-82.942195,42.373773],[-82.943184,42.373364],[-82.943367,42.373289],[-82.94416,42.372963],[-82.944527,42.372812],[-82.945249,42.372515],[-82.94572,42.37232],[-82.94633,42.372068],[-82.946696,42.371917],[-82.947339,42.371652],[-82.947548,42.371566],[-82.94829,42.37126],[-82.948464,42.371189],[-82.948745,42.371074],[-82.94891,42.371021],[-82.949081,42.370978],[-82.949209,42.370953],[-82.949297,42.370942],[-82.949453,42.370924],[-82.950359,42.370836],[-82.950434,42.370829],[-82.951565,42.370719],[-82.952765,42.370602],[-82.953737,42.370508],[-82.954011,42.370481],[-82.954768,42.370408],[-82.955824,42.370306],[-82.956504,42.37024],[-82.956922,42.3702],[-82.957983,42.370095],[-82.958905,42.370001],[-82.960386,42.372269],[-82.961327,42.37371],[-82.962535,42.375569],[-82.96413,42.378009],[-82.965619,42.38029],[-82.967548,42.383244],[-82.967842,42.383694]]]},"properties":{"OBJECTID":3,"council_district":4,"nhood_num":100,"nhood_name":"Riverbend","Website":"https://theneighborhoods.org/neighborhoods/riverbend"}},{"type":"Feature","id":4,"geometry":{"type":"Polygon","coordinates":[[[-82.951406,42.355028],[-82.952915,42.354868],[-82.956511,42.361323],[-82.956659,42.361555],[-82.958135,42.363932],[-82.957867,42.364272],[-82.958435,42.365124],[-82.959238,42.36634],[-82.959504,42.366754],[-82.959572,42.366918],[-82.959618,42.367138],[-82.959617,42.367302],[-82.959574,42.367514],[-82.95952,42.367671],[-82.959467,42.367756],[-82.959025,42.368361],[-82.958874,42.368577],[-82.958811,42.368698],[-82.958765,42.368787],[-82.958731,42.368909],[-82.958702,42.369012],[-82.958689,42.369265],[-82.958728,42.369515],[-82.958905,42.370001],[-82.957983,42.370095],[-82.956922,42.3702],[-82.956504,42.37024],[-82.955824,42.370306],[-82.954768,42.370408],[-82.954011,42.370481],[-82.953737,42.370508],[-82.952765,42.370602],[-82.951565,42.370719],[-82.950434,42.370829],[-82.950359,42.370836],[-82.949453,42.370924],[-82.949297,42.370942],[-82.949209,42.370953],[-82.949081,42.370978],[-82.94891,42.371021],[-82.948745,42.371074],[-82.948464,42.371189],[-82.94829,42.37126],[-82.947548,42.371566],[-82.947339,42.371652],[-82.946696,42.371917],[-82.94633,42.372068],[-82.94572,42.37232],[-82.945249,42.372515],[-82.944527,42.372812],[-82.94416,42.372963],[-82.943367,42.373289],[-82.943184,42.373364],[-82.942195,42.373773],[-82.941345,42.374116],[-82.941133,42.374201],[-82.940423,42.374494],[-82.940219,42.374579],[-82.93953,42.374875],[-82.939134,42.375038],[-82.938853,42.375154],[-82.938762,42.374742],[-82.937402,42.372693],[-82.934964,42.36907],[-82.933486,42.366848],[-82.932336,42.365132],[-82.93054,42.362417],[-82.930354,42.36214],[-82.930947,42.361903],[-82.930697,42.361525],[-82.930293,42.360914],[-82.930011,42.360492],[-82.929985,42.360446],[-82.929968,42.360398],[-82.929962,42.360365],[-82.929923,42.360297],[-82.929344,42.359448],[-82.928836,42.358697],[-82.928623,42.358362],[-82.928587,42.358302],[-82.92866,42.358249],[-82.931108,42.35749],[-82.931963,42.357336],[-82.935741,42.35666],[-82.941861,42.356039],[-82.943339,42.355936],[-82.944555,42.355765],[-82.945382,42.355686],[-82.945949,42.355632],[-82.948236,42.35527],[-82.951406,42.355028]]]},"properties":{"OBJECTID":4,"council_district":4,"nhood_num":101,"nhood_name":"Jefferson Chalmers","Website":"https://theneighborhoods.org/neighborhoods/jefferson-chalmers"}},{"type":"Feature","id":5,"geometry":{"type":"Polygon","coordinates":[[[-83.25748,42.414597],[-83.257292,42.411187],[-83.25711,42.407468],[-83.257118,42.407468],[-83.257838,42.407461],[-83.258385,42.407456],[-83.259594,42.407442],[-83.260802,42.407432],[-83.26204,42.407439],[-83.263384,42.407442],[-83.263546,42.407441],[-83.263596,42.407448],[-83.263644,42.407461],[-83.263689,42.407479],[-83.263751,42.407522],[-83.270683,42.407426],[-83.275076,42.407508],[-83.275098,42.4075],[-83.275487,42.407506],[-83.276686,42.407458],[-83.276681,42.407278],[-83.277131,42.407278],[-83.277186,42.408981],[-83.277212,42.409552],[-83.277232,42.40994],[-83.277249,42.410465],[-83.277284,42.41153],[-83.277298,42.412041],[-83.277306,42.412522],[-83.277308,42.412778],[-83.277324,42.413175],[-83.277389,42.414325],[-83.277405,42.41453],[-83.276967,42.414535],[-83.274905,42.414576],[-83.272349,42.414626],[-83.269902,42.414671],[-83.268986,42.414691],[-83.266994,42.414724],[-83.266847,42.414724],[-83.26632,42.414727],[-83.265438,42.414685],[-83.264788,42.414666],[-83.264326,42.414662],[-83.263902,42.414655],[-83.263584,42.414645],[-83.26331,42.414648],[-83.262343,42.414612],[-83.261724,42.414584],[-83.259764,42.414585],[-83.258888,42.414586],[-83.258661,42.414581],[-83.25748,42.414597]]]},"properties":{"OBJECTID":5,"council_district":1,"nhood_num":29,"nhood_name":"Riverdale","Website":"https://theneighborhoods.org/neighborhoods/riverdale"}},{"type":"Feature","id":6,"geometry":{"type":"Polygon","coordinates":[[[-82.946644,42.387469],[-82.947699,42.3873],[-82.949365,42.389786],[-82.949576,42.390103],[-82.950843,42.391995],[-82.951033,42.392279],[-82.952049,42.393796],[-82.952646,42.394692],[-82.953091,42.395358],[-82.953201,42.395512],[-82.953257,42.395585],[-82.954492,42.397021],[-82.955844,42.398577],[-82.955963,42.398714],[-82.956167,42.398974],[-82.956812,42.399934],[-82.956902,42.400089],[-82.956965,42.400222],[-82.957542,42.401141],[-82.957727,42.401595],[-82.957841,42.401817],[-82.957963,42.401999],[-82.958987,42.403523],[-82.959788,42.404719],[-82.959973,42.405007],[-82.958096,42.405587],[-82.957091,42.405881],[-82.956269,42.406136],[-82.955578,42.406346],[-82.955482,42.406375],[-82.954542,42.406616],[-82.953957,42.40676],[-82.952449,42.407114],[-82.951662,42.40733],[-82.951156,42.407503],[-82.950517,42.407763],[-82.950281,42.40786],[-82.950099,42.407942],[-82.948934,42.408586],[-82.948415,42.40894],[-82.948214,42.409091],[-82.946521,42.410362],[-82.944989,42.411516],[-82.944188,42.41212],[-82.944051,42.412223],[-82.943217,42.412861],[-82.94299,42.412767],[-82.942845,42.4127],[-82.942536,42.412557],[-82.942399,42.412441],[-82.942282,42.412342],[-82.942002,42.411965],[-82.940839,42.410191],[-82.939824,42.408655],[-82.939666,42.408598],[-82.939586,42.408514],[-82.9391,42.407771],[-82.938578,42.406979],[-82.938043,42.406164],[-82.937506,42.405349],[-82.937017,42.404606],[-82.936665,42.404065],[-82.9364,42.403667],[-82.935791,42.40274],[-82.935294,42.401982],[-82.934694,42.401069],[-82.933955,42.399939],[-82.933254,42.39887],[-82.932532,42.397764],[-82.93182,42.396677],[-82.93111,42.395594],[-82.930383,42.39448],[-82.929717,42.393462],[-82.929181,42.392533],[-82.929055,42.392215],[-82.930325,42.391689],[-82.931448,42.391243],[-82.931931,42.391061],[-82.93244,42.390869],[-82.933431,42.390501],[-82.9344,42.390159],[-82.934634,42.390079],[-82.93537,42.389827],[-82.935503,42.389782],[-82.9361,42.389596],[-82.936352,42.389522],[-82.937205,42.389288],[-82.937347,42.389254],[-82.937643,42.389182],[-82.938343,42.389016],[-82.939219,42.388815],[-82.939416,42.388771],[-82.939603,42.388728],[-82.940571,42.388543],[-82.94089,42.388479],[-82.941662,42.388344],[-82.94221,42.388247],[-82.94259,42.388183],[-82.942743,42.388154],[-82.943353,42.388047],[-82.944039,42.387925],[-82.944473,42.387847],[-82.945602,42.387648],[-82.94647,42.387495],[-82.946644,42.387469]]]},"properties":{"OBJECTID":6,"council_district":4,"nhood_num":97,"nhood_name":"Morningside","Website":"https://theneighborhoods.org/neighborhoods/morningside"}},{"type":"Feature","id":7,"geometry":{"type":"Polygon","coordinates":[[[-82.910651,42.417117],[-82.91069,42.416949],[-82.910804,42.416988],[-82.910828,42.416858],[-82.911074,42.416051],[-82.91124,42.415603],[-82.911432,42.415181],[-82.911873,42.41424],[-82.912227,42.413447],[-82.912266,42.413339],[-82.912584,42.412654],[-82.912713,42.412337],[-82.912792,42.412148],[-82.912663,42.412148],[-82.912743,42.411965],[-82.912801,42.41183],[-82.912887,42.411634],[-82.912969,42.411459],[-82.913067,42.411474],[-82.913261,42.411049],[-82.913385,42.410779],[-82.913775,42.409944],[-82.913944,42.409553],[-82.91452,42.408346],[-82.914751,42.407865],[-82.915019,42.40729],[-82.915703,42.405825],[-82.916097,42.404982],[-82.916368,42.404498],[-82.916843,42.403624],[-82.9172,42.402949],[-82.91742,42.402496],[-82.917776,42.401739],[-82.918406,42.40041],[-82.918783,42.399627],[-82.91893,42.399362],[-82.919169,42.398999],[-82.919247,42.398881],[-82.919843,42.398043],[-82.920225,42.397503],[-82.920451,42.397184],[-82.921138,42.396198],[-82.921407,42.395806],[-82.921674,42.395466],[-82.921732,42.395409],[-82.922181,42.394954],[-82.922399,42.394829],[-82.923102,42.395899],[-82.923538,42.396559],[-82.92375,42.396879],[-82.923966,42.397206],[-82.925198,42.399075],[-82.925829,42.400031],[-82.926266,42.400693],[-82.92667,42.401307],[-82.927125,42.401998],[-82.927551,42.402645],[-82.927981,42.4033],[-82.928399,42.403932],[-82.928706,42.404397],[-82.928841,42.404601],[-82.929273,42.405248],[-82.92983,42.406075],[-82.930092,42.406473],[-82.930925,42.407762],[-82.931889,42.409218],[-82.931997,42.409387],[-82.933005,42.410924],[-82.933125,42.411107],[-82.933231,42.411258],[-82.934142,42.412641],[-82.935214,42.414269],[-82.935477,42.414665],[-82.936373,42.416044],[-82.936637,42.416436],[-82.936889,42.416827],[-82.936928,42.416888],[-82.937145,42.417209],[-82.936898,42.417348],[-82.936802,42.417399],[-82.936414,42.417605],[-82.935329,42.418142],[-82.934894,42.418357],[-82.934481,42.4186],[-82.934126,42.418819],[-82.933456,42.419248],[-82.933152,42.419469],[-82.932823,42.41972],[-82.932365,42.420095],[-82.932126,42.420307],[-82.932057,42.420369],[-82.931703,42.420723],[-82.931375,42.421071],[-82.930971,42.421528],[-82.93066,42.421909],[-82.930286,42.422406],[-82.929808,42.423032],[-82.928816,42.424297],[-82.928745,42.424387],[-82.92851,42.424685],[-82.928448,42.424764],[-82.927972,42.425376],[-82.927822,42.425556],[-82.927495,42.425975],[-82.927306,42.425873],[-82.927151,42.425789],[-82.926612,42.425566],[-82.925699,42.425187],[-82.924752,42.424793],[-82.923813,42.424406],[-82.922869,42.424016],[-82.921895,42.423613],[-82.920937,42.423217],[-82.919887,42.422783],[-82.918641,42.422276],[-82.917992,42.422012],[-82.917419,42.421782],[-82.916328,42.421349],[-82.916259,42.421329],[-82.916111,42.421272],[-82.915309,42.420946],[-82.914719,42.420702],[-82.910565,42.418792],[-82.910618,42.418389],[-82.910663,42.41803],[-82.910676,42.417804],[-82.910732,42.417375],[-82.910772,42.417161],[-82.910651,42.417117]]]},"properties":{"OBJECTID":7,"council_district":4,"nhood_num":92,"nhood_name":"Cornerstone Village","Website":"https://theneighborhoods.org/neighborhoods/cornerstone-village"}},{"type":"Feature","id":8,"geometry":{"type":"Polygon","coordinates":[[[-82.940741,42.450224],[-82.941898,42.449037],[-82.941985,42.448943],[-82.9423,42.448607],[-82.94259,42.448279],[-82.942677,42.44817],[-82.943063,42.447656],[-82.943207,42.447467],[-82.943378,42.447241],[-82.943773,42.446713],[-82.944044,42.44635],[-82.944764,42.445396],[-82.945353,42.444607],[-82.945825,42.443982],[-82.946127,42.443575],[-82.946354,42.443272],[-82.946654,42.442869],[-82.947123,42.442244],[-82.947412,42.441861],[-82.947481,42.441755],[-82.947529,42.44168],[-82.94784,42.441266],[-82.948157,42.440844],[-82.948557,42.440311],[-82.948854,42.439937],[-82.948968,42.439798],[-82.949188,42.439506],[-82.949547,42.439028],[-82.949751,42.438756],[-82.950266,42.438069],[-82.950786,42.437382],[-82.951308,42.436691],[-82.951603,42.436297],[-82.951826,42.436001],[-82.952128,42.435602],[-82.952328,42.435667],[-82.952386,42.435686],[-82.953323,42.435673],[-82.955001,42.435648],[-82.955062,42.435638],[-82.955132,42.435614],[-82.955372,42.435468],[-82.955776,42.43558],[-82.955878,42.435591],[-82.956032,42.435599],[-82.958215,42.435593],[-82.960639,42.435553],[-82.962031,42.435521],[-82.963069,42.435496],[-82.965472,42.435423],[-82.967935,42.435349],[-82.968619,42.435329],[-82.970388,42.435276],[-82.971619,42.43524],[-82.97271,42.435208],[-82.97528,42.435133],[-82.977696,42.435077],[-82.977114,42.43596],[-82.9769,42.436283],[-82.976481,42.436921],[-82.976317,42.437167],[-82.975982,42.437675],[-82.975693,42.438117],[-82.975373,42.438605],[-82.974984,42.439195],[-82.974603,42.439774],[-82.974464,42.439985],[-82.973924,42.440816],[-82.973359,42.441665],[-82.972807,42.442501],[-82.972209,42.443405],[-82.971576,42.44436],[-82.970987,42.445256],[-82.970781,42.445565],[-82.970371,42.446183],[-82.969759,42.447105],[-82.969151,42.448024],[-82.968541,42.448945],[-82.967938,42.449836],[-82.967691,42.449843],[-82.966093,42.449886],[-82.964728,42.449911],[-82.964656,42.449912],[-82.96389,42.449927],[-82.963673,42.449931],[-82.963399,42.449935],[-82.963278,42.449937],[-82.961112,42.44997],[-82.960999,42.449972],[-82.958636,42.450013],[-82.957736,42.450026],[-82.957706,42.450026],[-82.95684,42.450039],[-82.956606,42.450042],[-82.95621,42.450048],[-82.956064,42.450051],[-82.955483,42.450063],[-82.95389,42.450092],[-82.95375,42.450095],[-82.952732,42.450115],[-82.951408,42.450141],[-82.951315,42.450143],[-82.949635,42.450175],[-82.949452,42.450178],[-82.948839,42.45019],[-82.948478,42.450197],[-82.947577,42.450214],[-82.946392,42.450229],[-82.946055,42.450228],[-82.945517,42.450224],[-82.943764,42.450199],[-82.94331,42.450193],[-82.942995,42.450199],[-82.942631,42.450205],[-82.942149,42.450214],[-82.94162,42.450224],[-82.941283,42.45023],[-82.94098,42.450227],[-82.940741,42.450224]]]},"properties":{"OBJECTID":8,"council_district":3,"nhood_num":72,"nhood_name":"Regent Park","Website":"https://theneighborhoods.org/neighborhoods/regent-park"}},{"type":"Feature","id":9,"geometry":{"type":"Polygon","coordinates":[[[-83.218712,42.415553],[-83.218726,42.413758],[-83.218727,42.413531],[-83.218706,42.411914],[-83.218706,42.411752],[-83.218682,42.410875],[-83.218637,42.410122],[-83.218532,42.408332],[-83.21842,42.406541],[-83.218281,42.40474],[-83.218219,42.403728],[-83.218177,42.402923],[-83.218192,42.402216],[-83.218203,42.401127],[-83.218203,42.400665],[-83.218385,42.400738],[-83.218596,42.400823],[-83.218821,42.400913],[-83.219307,42.401099],[-83.220753,42.401694],[-83.221664,42.402056],[-83.224979,42.403391],[-83.225326,42.403531],[-83.226429,42.403976],[-83.227737,42.404505],[-83.228753,42.404908],[-83.229044,42.405024],[-83.230326,42.405539],[-83.231521,42.406019],[-83.232453,42.406394],[-83.232589,42.406449],[-83.233839,42.406953],[-83.234016,42.407025],[-83.235242,42.407518],[-83.236378,42.407972],[-83.236547,42.408041],[-83.237791,42.40854],[-83.237856,42.409937],[-83.237981,42.41155],[-83.238092,42.413361],[-83.238196,42.415019],[-83.237127,42.415146],[-83.237033,42.415149],[-83.236051,42.415202],[-83.23574,42.415215],[-83.23555,42.415223],[-83.234956,42.415236],[-83.23443,42.415246],[-83.233904,42.415256],[-83.233202,42.415271],[-83.231997,42.415291],[-83.231733,42.415293],[-83.230577,42.415322],[-83.230372,42.415325],[-83.229214,42.415347],[-83.227936,42.415372],[-83.226728,42.415393],[-83.225527,42.415421],[-83.224344,42.415444],[-83.222807,42.415473],[-83.221438,42.415501],[-83.220261,42.415523],[-83.220079,42.415533],[-83.219976,42.415539],[-83.219669,42.415541],[-83.219345,42.415535],[-83.219226,42.415538],[-83.219023,42.415544],[-83.218895,42.415548],[-83.218712,42.415553]]]},"properties":{"OBJECTID":9,"council_district":1,"nhood_num":10,"nhood_name":"North Rosedale Park","Website":"https://theneighborhoods.org/neighborhoods/north-rosedale-park"}},{"type":"Feature","id":10,"geometry":{"type":"Polygon","coordinates":[[[-83.258572,42.436355],[-83.258512,42.434536],[-83.258458,42.433209],[-83.258446,42.432737],[-83.258407,42.431515],[-83.258326,42.429839],[-83.258292,42.42912],[-83.258962,42.429115],[-83.259624,42.429119],[-83.260792,42.429126],[-83.261977,42.429133],[-83.263091,42.429139],[-83.264165,42.429145],[-83.265378,42.429151],[-83.267857,42.42917],[-83.267925,42.430663],[-83.267994,42.432368],[-83.268115,42.43527],[-83.268156,42.436251],[-83.268268,42.436238],[-83.271272,42.436189],[-83.27344,42.436079],[-83.273642,42.436401],[-83.27373,42.436821],[-83.273682,42.437343],[-83.273736,42.437511],[-83.273897,42.437654],[-83.274536,42.437807],[-83.274725,42.438015],[-83.274674,42.438219],[-83.274174,42.438509],[-83.274125,42.438825],[-83.274458,42.439474],[-83.274314,42.439798],[-83.274193,42.439975],[-83.273983,42.440202],[-83.273902,42.4405],[-83.27385,42.441062],[-83.273661,42.441328],[-83.273261,42.441545],[-83.272899,42.4418],[-83.271986,42.442164],[-83.270909,42.442405],[-83.270319,42.442643],[-83.270142,42.442723],[-83.269911,42.442826],[-83.269611,42.442961],[-83.26847,42.442995],[-83.265276,42.443072],[-83.26312,42.443125],[-83.260925,42.443181],[-83.258853,42.44323],[-83.25884,42.442997],[-83.258775,42.441585],[-83.258708,42.439775],[-83.258687,42.438957],[-83.258636,42.437973],[-83.258572,42.436355]]]},"properties":{"OBJECTID":10,"council_district":1,"nhood_num":3,"nhood_name":"Berg-Lahser","Website":"https://theneighborhoods.org/neighborhoods/berg-lahser"}},{"type":"Feature","id":11,"geometry":{"type":"Polygon","coordinates":[[[-83.277991,42.428927],[-83.277931,42.427393],[-83.277889,42.426579],[-83.277876,42.425885],[-83.277846,42.425475],[-83.277826,42.424735],[-83.278173,42.42488],[-83.279183,42.425274],[-83.280442,42.425812],[-83.281671,42.426306],[-83.281901,42.426401],[-83.282892,42.426809],[-83.284111,42.427301],[-83.285308,42.427776],[-83.28556,42.427884],[-83.287207,42.428554],[-83.287341,42.428554],[-83.287343,42.428609],[-83.287356,42.42912],[-83.287447,42.432239],[-83.287527,42.434882],[-83.287551,42.435882],[-83.28761,42.4376],[-83.287614,42.437722],[-83.287665,42.439313],[-83.287671,42.439499],[-83.287717,42.442103],[-83.287751,42.442368],[-83.287852,42.442521],[-83.28777,42.442524],[-83.287658,42.442524],[-83.286964,42.442537],[-83.285889,42.442563],[-83.285184,42.442576],[-83.281602,42.442675],[-83.281345,42.442679],[-83.280902,42.442688],[-83.280024,42.442706],[-83.279239,42.442722],[-83.279062,42.442726],[-83.278547,42.442735],[-83.278301,42.442739],[-83.278325,42.442643],[-83.278377,42.442431],[-83.278462,42.442118],[-83.278621,42.441536],[-83.278639,42.441474],[-83.278838,42.440766],[-83.278921,42.440334],[-83.278947,42.440105],[-83.278958,42.439756],[-83.278914,42.439367],[-83.278896,42.439207],[-83.278811,42.438785],[-83.278626,42.438034],[-83.278468,42.437369],[-83.278368,42.436989],[-83.278265,42.436555],[-83.278151,42.436158],[-83.277964,42.435164],[-83.27836,42.435159],[-83.27829,42.434754],[-83.278241,42.434376],[-83.278169,42.433879],[-83.27812,42.433303],[-83.2781,42.4325],[-83.278064,42.430526],[-83.277991,42.428927]]]},"properties":{"OBJECTID":11,"council_district":1,"nhood_num":1,"nhood_name":"Five Points","Website":"https://theneighborhoods.org/neighborhoods/five-points"}},{"type":"Feature","id":12,"geometry":{"type":"Polygon","coordinates":[[[-83.277405,42.41453],[-83.278319,42.41451],[-83.279646,42.414468],[-83.280978,42.414427],[-83.28136,42.414414],[-83.28231,42.414382],[-83.283637,42.414338],[-83.28517,42.41429],[-83.285876,42.414266],[-83.28604,42.414263],[-83.286698,42.414252],[-83.286716,42.414671],[-83.286811,42.416627],[-83.286928,42.419091],[-83.287042,42.421439],[-83.287118,42.423248],[-83.287197,42.425056],[-83.287227,42.425699],[-83.287271,42.426882],[-83.287328,42.42822],[-83.287341,42.428554],[-83.287207,42.428554],[-83.28556,42.427884],[-83.285308,42.427776],[-83.284111,42.427301],[-83.282892,42.426809],[-83.281901,42.426401],[-83.281671,42.426306],[-83.280442,42.425812],[-83.279183,42.425274],[-83.278173,42.42488],[-83.277826,42.424735],[-83.277815,42.424385],[-83.277802,42.423964],[-83.277774,42.423535],[-83.277736,42.422983],[-83.277724,42.42242],[-83.277697,42.421726],[-83.277594,42.419371],[-83.277574,42.418937],[-83.277536,42.418459],[-83.277526,42.417729],[-83.277493,42.416902],[-83.277465,42.416157],[-83.277447,42.415568],[-83.277423,42.414767],[-83.277405,42.41453]]]},"properties":{"OBJECTID":12,"council_district":1,"nhood_num":32,"nhood_name":"The Eye","Website":"https://theneighborhoods.org/neighborhoods/the-eye"}},{"type":"Feature","id":13,"geometry":{"type":"Polygon","coordinates":[[[-83.258238,42.425369],[-83.258218,42.424514],[-83.258209,42.424159],[-83.258197,42.423649],[-83.258178,42.42277],[-83.258168,42.42237],[-83.258149,42.4219],[-83.258104,42.421314],[-83.258026,42.420454],[-83.257943,42.419576],[-83.25786,42.418744],[-83.257806,42.418145],[-83.257786,42.417929],[-83.257643,42.416489],[-83.258503,42.416834],[-83.259742,42.417337],[-83.260901,42.417801],[-83.262354,42.418381],[-83.262594,42.418478],[-83.263815,42.418967],[-83.264094,42.419079],[-83.265034,42.419456],[-83.265283,42.419555],[-83.265165,42.419681],[-83.265081,42.41973],[-83.264897,42.419838],[-83.264813,42.419865],[-83.264719,42.419912],[-83.264641,42.419974],[-83.264587,42.420038],[-83.264425,42.420425],[-83.264165,42.421075],[-83.264107,42.421231],[-83.26389,42.421835],[-83.263268,42.421856],[-83.2629,42.421872],[-83.262916,42.422018],[-83.262912,42.42239],[-83.262898,42.422816],[-83.262849,42.423691],[-83.262828,42.424548],[-83.262835,42.424864],[-83.262846,42.42537],[-83.262246,42.425363],[-83.262052,42.42536],[-83.261576,42.425369],[-83.261476,42.425374],[-83.259958,42.42537],[-83.258238,42.425369]]]},"properties":{"OBJECTID":13,"council_district":1,"nhood_num":5,"nhood_name":"Old Redford","Website":"https://theneighborhoods.org/neighborhoods/old-redford"}},{"type":"Feature","id":14,"geometry":{"type":"Polygon","coordinates":[[[-83.217735,42.38671],[-83.218058,42.386694],[-83.218052,42.387101],[-83.218019,42.387937],[-83.218002,42.3882],[-83.218058,42.389085],[-83.218092,42.390419],[-83.218176,42.391479],[-83.217989,42.391483],[-83.218022,42.392103],[-83.218087,42.393892],[-83.218182,42.396109],[-83.21826,42.397582],[-83.218368,42.399625],[-83.218385,42.400527],[-83.218385,42.400738],[-83.218203,42.400665],[-83.21799,42.40058],[-83.216708,42.400059],[-83.216119,42.399823],[-83.215176,42.399444],[-83.214128,42.39902],[-83.212713,42.398449],[-83.212035,42.398176],[-83.211508,42.397963],[-83.210862,42.397702],[-83.210222,42.397444],[-83.209693,42.39723],[-83.208898,42.396909],[-83.208569,42.396776],[-83.208225,42.396637],[-83.208205,42.396157],[-83.208173,42.394087],[-83.208105,42.391664],[-83.20799,42.389268],[-83.207865,42.386868],[-83.208965,42.386845],[-83.209279,42.386839],[-83.21017,42.386822],[-83.210561,42.386815],[-83.21139,42.386799],[-83.211892,42.38679],[-83.212608,42.386777],[-83.213227,42.386766],[-83.213822,42.386755],[-83.214564,42.386741],[-83.215025,42.386733],[-83.216259,42.386736],[-83.216819,42.386724],[-83.217216,42.386716],[-83.21755,42.386712],[-83.217735,42.38671]]]},"properties":{"OBJECTID":14,"council_district":1,"nhood_num":19,"nhood_name":"Grandmont","Website":"https://theneighborhoods.org/neighborhoods/grandmont"}},{"type":"Feature","id":15,"geometry":{"type":"Polygon","coordinates":[[[-83.228425,42.38644],[-83.229684,42.386413],[-83.229767,42.388824],[-83.229838,42.390981],[-83.229835,42.391148],[-83.22984,42.391217],[-83.229921,42.393629],[-83.22866,42.39366],[-83.227399,42.393688],[-83.226232,42.393716],[-83.225001,42.393743],[-83.223786,42.393769],[-83.222598,42.393797],[-83.222532,42.391376],[-83.221263,42.391414],[-83.220078,42.391439],[-83.218881,42.391464],[-83.218176,42.391479],[-83.218092,42.390419],[-83.218058,42.389085],[-83.218002,42.3882],[-83.218019,42.387937],[-83.218052,42.387101],[-83.218058,42.386694],[-83.21864,42.386667],[-83.219046,42.386652],[-83.21984,42.386635],[-83.221025,42.386609],[-83.222304,42.38658],[-83.223555,42.386552],[-83.224769,42.386525],[-83.226003,42.386497],[-83.227167,42.386468],[-83.228425,42.38644]]]},"properties":{"OBJECTID":15,"council_district":1,"nhood_num":21,"nhood_name":"Grandmont #1","Website":"https://theneighborhoods.org/neighborhoods/grandmont-1"}},{"type":"Feature","id":16,"geometry":{"type":"Polygon","coordinates":[[[-83.23487,42.397156],[-83.23488,42.397584],[-83.234894,42.39816],[-83.234904,42.398161],[-83.237315,42.398091],[-83.237417,42.400668],[-83.232611,42.400771],[-83.232667,42.402577],[-83.232672,42.402895],[-83.232784,42.40308],[-83.232813,42.403197],[-83.232899,42.404396],[-83.232927,42.405752],[-83.232908,42.405933],[-83.232883,42.406007],[-83.232851,42.406073],[-83.232589,42.406449],[-83.232453,42.406394],[-83.231521,42.406019],[-83.230326,42.405539],[-83.229044,42.405024],[-83.228753,42.404908],[-83.227737,42.404505],[-83.226429,42.403976],[-83.225326,42.403531],[-83.224979,42.403391],[-83.221664,42.402056],[-83.220753,42.401694],[-83.219307,42.401099],[-83.218821,42.400913],[-83.218596,42.400823],[-83.218385,42.400738],[-83.218385,42.400527],[-83.218368,42.399625],[-83.21826,42.397582],[-83.218182,42.396109],[-83.218087,42.393892],[-83.218022,42.392103],[-83.217989,42.391483],[-83.218176,42.391479],[-83.218881,42.391464],[-83.220078,42.391439],[-83.221255,42.391414],[-83.222532,42.391376],[-83.222598,42.393797],[-83.225001,42.393743],[-83.22866,42.39366],[-83.231084,42.393607],[-83.232272,42.393587],[-83.232313,42.394742],[-83.232399,42.397164],[-83.23487,42.397156]]]},"properties":{"OBJECTID":16,"council_district":1,"nhood_num":20,"nhood_name":"Rosedale Park","Website":"https://theneighborhoods.org/neighborhoods/rosedale-park"}},{"type":"Feature","id":17,"geometry":{"type":"Polygon","coordinates":[[[-83.232611,42.400769],[-83.237425,42.400669],[-83.237425,42.40067],[-83.237507,42.402486],[-83.237588,42.404291],[-83.237671,42.406079],[-83.237743,42.407896],[-83.237791,42.40854],[-83.236547,42.408041],[-83.236378,42.407972],[-83.235242,42.407518],[-83.234016,42.407025],[-83.233839,42.406953],[-83.232589,42.406449],[-83.232851,42.406073],[-83.232883,42.406007],[-83.232908,42.405933],[-83.232927,42.405752],[-83.232899,42.404396],[-83.232813,42.403197],[-83.232784,42.40308],[-83.232672,42.402895],[-83.232667,42.402577],[-83.232611,42.400771],[-83.232611,42.400769]]]},"properties":{"OBJECTID":17,"council_district":1,"nhood_num":23,"nhood_name":"Minock Park","Website":"https://theneighborhoods.org/neighborhoods/minock-park"}},{"type":"Feature","id":18,"geometry":{"type":"Polygon","coordinates":[[[-83.237041,42.391054],[-83.237033,42.391054],[-83.237129,42.393476],[-83.237315,42.398091],[-83.234904,42.398161],[-83.23487,42.397156],[-83.232399,42.397164],[-83.232274,42.393587],[-83.231084,42.393607],[-83.229921,42.393629],[-83.22984,42.391215],[-83.229835,42.391148],[-83.229838,42.390981],[-83.229767,42.388824],[-83.229684,42.386413],[-83.230859,42.386385],[-83.232007,42.386361],[-83.233241,42.386333],[-83.23442,42.386307],[-83.235648,42.386279],[-83.236851,42.386254],[-83.236871,42.386688],[-83.236904,42.387691],[-83.236924,42.388014],[-83.236947,42.388658],[-83.237041,42.391054]]]},"properties":{"OBJECTID":18,"council_district":1,"nhood_num":22,"nhood_name":"Westwood Park","Website":"https://theneighborhoods.org/neighborhoods/westwood-park"}},{"type":"Feature","id":19,"geometry":{"type":"Polygon","coordinates":[[[-83.216446,42.350616],[-83.216419,42.348511],[-83.216405,42.348065],[-83.216373,42.347263],[-83.216363,42.34693],[-83.216335,42.34572],[-83.216333,42.345683],[-83.216301,42.345174],[-83.216261,42.34414],[-83.216247,42.343787],[-83.216231,42.343366],[-83.216219,42.343043],[-83.21621,42.342474],[-83.216225,42.341157],[-83.216217,42.339892],[-83.216208,42.339741],[-83.216153,42.338826],[-83.216008,42.33714],[-83.215937,42.336128],[-83.215931,42.336038],[-83.215924,42.335679],[-83.215909,42.335355],[-83.215895,42.335187],[-83.215907,42.334124],[-83.215895,42.333579],[-83.215883,42.332525],[-83.215865,42.331415],[-83.215774,42.329098],[-83.216005,42.329094],[-83.217037,42.329078],[-83.218503,42.32905],[-83.21886,42.329051],[-83.220288,42.329031],[-83.220534,42.329018],[-83.2215,42.329003],[-83.222673,42.328985],[-83.223874,42.328961],[-83.224516,42.328949],[-83.224701,42.328945],[-83.224916,42.328946],[-83.225188,42.328942],[-83.225606,42.329369],[-83.22645,42.330578],[-83.227707,42.332377],[-83.230086,42.331798],[-83.231268,42.33133],[-83.23245,42.33087],[-83.234654,42.329843],[-83.234776,42.330881],[-83.234937,42.33199],[-83.234951,42.332266],[-83.234972,42.332727],[-83.235,42.333043],[-83.235046,42.33427],[-83.235105,42.335834],[-83.235527,42.335807],[-83.23634,42.335786],[-83.23732,42.335742],[-83.237568,42.335736],[-83.237707,42.339448],[-83.237846,42.343086],[-83.23901,42.343066],[-83.240015,42.343047],[-83.240186,42.343044],[-83.241355,42.343022],[-83.242505,42.343005],[-83.242584,42.343194],[-83.242714,42.343443],[-83.243697,42.346676],[-83.244202,42.34826],[-83.244244,42.34844],[-83.244263,42.348607],[-83.244513,42.349482],[-83.24475,42.350163],[-83.245377,42.350148],[-83.24664,42.350123],[-83.246718,42.351927],[-83.246802,42.353737],[-83.246885,42.355519],[-83.246883,42.355564],[-83.246968,42.357363],[-83.24688,42.357364],[-83.245708,42.35738],[-83.245564,42.357383],[-83.244504,42.357402],[-83.244389,42.357406],[-83.243269,42.357426],[-83.243195,42.357427],[-83.242586,42.357437],[-83.242037,42.357453],[-83.24081,42.357477],[-83.239606,42.357502],[-83.238383,42.357526],[-83.237197,42.357544],[-83.237107,42.357544],[-83.235953,42.357573],[-83.23473,42.357591],[-83.23353,42.357607],[-83.232305,42.357624],[-83.231084,42.357641],[-83.229862,42.357658],[-83.228644,42.357675],[-83.227438,42.357692],[-83.226212,42.357709],[-83.224875,42.357727],[-83.223703,42.357744],[-83.222534,42.35776],[-83.221338,42.357775],[-83.220103,42.357793],[-83.218906,42.357811],[-83.217708,42.357827],[-83.216908,42.357837],[-83.216581,42.357845],[-83.216471,42.354868],[-83.216426,42.354297],[-83.216457,42.351816],[-83.216446,42.350616]]]},"properties":{"OBJECTID":19,"council_district":7,"nhood_num":208,"nhood_name":"Warrendale","Website":"https://theneighborhoods.org/neighborhoods/warrendale"}},{"type":"Feature","id":20,"geometry":{"type":"Polygon","coordinates":[[[-83.206758,42.357981],[-83.206687,42.356315],[-83.206689,42.356121],[-83.206655,42.355327],[-83.206614,42.354348],[-83.206565,42.353204],[-83.206537,42.352565],[-83.206459,42.350748],[-83.207196,42.350738],[-83.208352,42.350723],[-83.209531,42.350703],[-83.210705,42.350693],[-83.211855,42.350677],[-83.212457,42.350668],[-83.212891,42.350662],[-83.213983,42.350649],[-83.215086,42.350634],[-83.21594,42.350623],[-83.216265,42.350619],[-83.216446,42.350616],[-83.216457,42.351816],[-83.216426,42.354297],[-83.216471,42.354868],[-83.216581,42.357845],[-83.216396,42.357849],[-83.216072,42.357856],[-83.215097,42.357876],[-83.214038,42.357905],[-83.213109,42.357916],[-83.212832,42.35792],[-83.211618,42.357939],[-83.210326,42.357957],[-83.210203,42.357936],[-83.20899,42.357949],[-83.207619,42.357969],[-83.206758,42.357981]]]},"properties":{"OBJECTID":20,"council_district":7,"nhood_num":205,"nhood_name":"Garden View","Website":"https://theneighborhoods.org/neighborhoods/garden-view"}},{"type":"Feature","id":21,"geometry":{"type":"Polygon","coordinates":[[[-83.213037,42.336127],[-83.213204,42.336063],[-83.213248,42.336046],[-83.213658,42.335784],[-83.213773,42.335849],[-83.213867,42.335895],[-83.214025,42.335961],[-83.214199,42.33602],[-83.214447,42.336078],[-83.214688,42.336116],[-83.214884,42.336133],[-83.215082,42.336139],[-83.215415,42.336135],[-83.215759,42.336133],[-83.215937,42.336128],[-83.216008,42.33714],[-83.216153,42.338826],[-83.216208,42.339741],[-83.216217,42.339892],[-83.216225,42.341157],[-83.21621,42.342474],[-83.216219,42.343043],[-83.216231,42.343366],[-83.216247,42.343787],[-83.216261,42.34414],[-83.216301,42.345174],[-83.216333,42.345683],[-83.216335,42.34572],[-83.216363,42.34693],[-83.216373,42.347263],[-83.216405,42.348065],[-83.216419,42.348511],[-83.216446,42.350616],[-83.216265,42.350619],[-83.21594,42.350623],[-83.215086,42.350634],[-83.213983,42.350649],[-83.212891,42.350662],[-83.212457,42.350668],[-83.211855,42.350677],[-83.210705,42.350693],[-83.209531,42.350703],[-83.208352,42.350723],[-83.207196,42.350738],[-83.206459,42.350748],[-83.206537,42.352565],[-83.206565,42.353204],[-83.206614,42.354348],[-83.206655,42.355327],[-83.206689,42.356121],[-83.206687,42.356315],[-83.206758,42.357981],[-83.206733,42.357981],[-83.205488,42.357999],[-83.204307,42.358017],[-83.203764,42.358024],[-83.203262,42.358036],[-83.203113,42.35804],[-83.20161,42.35812],[-83.201374,42.358129],[-83.200798,42.35814],[-83.199463,42.358142],[-83.197195,42.358125],[-83.196997,42.358129],[-83.196958,42.357344],[-83.196947,42.3569],[-83.196885,42.355758],[-83.196751,42.353398],[-83.196609,42.35089],[-83.196544,42.349595],[-83.196488,42.348421],[-83.196432,42.347276],[-83.196373,42.346049],[-83.196342,42.345456],[-83.196315,42.34488],[-83.196324,42.344619],[-83.196289,42.343889],[-83.196288,42.343665],[-83.196287,42.343488],[-83.196223,42.341951],[-83.196142,42.340051],[-83.196124,42.339682],[-83.196212,42.339434],[-83.196214,42.338364],[-83.196208,42.3382],[-83.196135,42.336435],[-83.197173,42.336427],[-83.198286,42.336413],[-83.198393,42.336408],[-83.198532,42.3364],[-83.199625,42.336389],[-83.200866,42.336368],[-83.20211,42.336353],[-83.20335,42.336329],[-83.20458,42.336319],[-83.205886,42.336317],[-83.207067,42.336306],[-83.208288,42.336288],[-83.209507,42.336268],[-83.210729,42.336244],[-83.211993,42.336212],[-83.212594,42.336194],[-83.212812,42.336174],[-83.213037,42.336127]]]},"properties":{"OBJECTID":21,"council_district":7,"nhood_num":204,"nhood_name":"Warren Ave Community","Website":"https://theneighborhoods.org/neighborhoods/warren-ave-community"}},{"type":"Feature","id":22,"geometry":{"type":"Polygon","coordinates":[[[-83.262928,42.355065],[-83.262868,42.355035],[-83.262796,42.354987],[-83.261702,42.354049],[-83.260495,42.353014],[-83.259156,42.351867],[-83.257824,42.350723],[-83.256823,42.349872],[-83.256272,42.349392],[-83.255155,42.348433],[-83.254295,42.347696],[-83.25426,42.347652],[-83.254247,42.347611],[-83.254145,42.346611],[-83.253903,42.344242],[-83.253705,42.342355],[-83.253623,42.341893],[-83.253839,42.341874],[-83.254857,42.341832],[-83.256078,42.341797],[-83.257288,42.341763],[-83.258514,42.341732],[-83.25977,42.341705],[-83.260817,42.341697],[-83.260986,42.3417],[-83.262238,42.341729],[-83.262466,42.341733],[-83.263186,42.341714],[-83.263708,42.3417],[-83.264045,42.341691],[-83.264022,42.341749],[-83.263986,42.342058],[-83.263987,42.342152],[-83.264106,42.342584],[-83.26425,42.342795],[-83.264353,42.343089],[-83.26439,42.343324],[-83.264342,42.343572],[-83.264416,42.344377],[-83.264612,42.3463],[-83.264864,42.34893],[-83.265144,42.35173],[-83.265334,42.353539],[-83.265493,42.35507],[-83.265092,42.355062],[-83.264777,42.355072],[-83.263587,42.355114],[-83.263252,42.355127],[-83.263155,42.355123],[-83.263061,42.355108],[-83.262993,42.355089],[-83.262928,42.355065]]]},"properties":{"OBJECTID":22,"council_district":7,"nhood_num":183,"nhood_name":"Far West Detroit","Website":"https://theneighborhoods.org/neighborhoods/far-west-detroit"}},{"type":"Feature","id":23,"geometry":{"type":"Polygon","coordinates":[[[-82.964896,42.358332],[-82.963479,42.356057],[-82.963147,42.35548],[-82.960898,42.354759],[-82.964954,42.355115],[-82.966269,42.355191],[-82.967595,42.355235],[-82.968151,42.355253],[-82.969532,42.355417],[-82.970355,42.357001],[-82.971593,42.357386],[-82.971807,42.357453],[-82.971849,42.356949],[-82.972475,42.357111],[-82.972531,42.357386],[-82.973003,42.357521],[-82.973514,42.35795],[-82.974205,42.357941],[-82.973903,42.356956],[-82.973363,42.355328],[-82.974722,42.357197],[-82.975259,42.357967],[-82.978884,42.363058],[-82.978013,42.363473],[-82.977141,42.363886],[-82.97692,42.363992],[-82.976311,42.364282],[-82.975673,42.364584],[-82.975477,42.364676],[-82.974639,42.365075],[-82.973729,42.365507],[-82.972836,42.365932],[-82.972094,42.366285],[-82.971986,42.366336],[-82.971657,42.366493],[-82.97143,42.366593],[-82.97123,42.366681],[-82.970611,42.366982],[-82.969326,42.364995],[-82.969127,42.364675],[-82.968994,42.364422],[-82.966716,42.361081],[-82.966581,42.360875],[-82.966392,42.360587],[-82.966118,42.360168],[-82.965633,42.359511],[-82.965597,42.359454],[-82.96541,42.359153],[-82.965155,42.358745],[-82.964896,42.358332]]]},"properties":{"OBJECTID":23,"council_district":5,"nhood_num":120,"nhood_name":"Marina District","Website":"https://theneighborhoods.org/neighborhoods/marina-district"}},{"type":"Feature","id":24,"geometry":{"type":"Polygon","coordinates":[[[-83.08282,42.386046],[-83.083695,42.385721],[-83.084129,42.386366],[-83.084943,42.387579],[-83.085356,42.388191],[-83.085636,42.388605],[-83.085328,42.388716],[-83.08263,42.389733],[-83.082351,42.38932],[-83.079382,42.390435],[-83.076369,42.391498],[-83.076369,42.391498],[-83.076369,42.391498],[-83.076002,42.390959],[-83.075906,42.390821],[-83.075465,42.390191],[-83.075186,42.389727],[-83.075093,42.389585],[-83.074733,42.389048],[-83.077703,42.387946],[-83.080683,42.38684],[-83.08282,42.386046]]]},"properties":{"OBJECTID":24,"council_district":5,"nhood_num":111,"nhood_name":"Arden Park","Website":"https://theneighborhoods.org/neighborhoods/arden-park"}},{"type":"Feature","id":25,"geometry":{"type":"Polygon","coordinates":[[[-82.984622,42.353591],[-82.984572,42.353558],[-82.984498,42.353548],[-82.983896,42.353776],[-82.983681,42.353862],[-82.983672,42.354005],[-82.9838,42.354188],[-82.983928,42.354371],[-82.984055,42.354553],[-82.984311,42.354919],[-82.984438,42.355101],[-82.984567,42.355284],[-82.984694,42.355466],[-82.984823,42.355649],[-82.98495,42.355832],[-82.985079,42.356015],[-82.985206,42.356197],[-82.985334,42.35638],[-82.985462,42.356562],[-82.98559,42.356745],[-82.985718,42.356928],[-82.985846,42.357111],[-82.985974,42.357293],[-82.986065,42.357424],[-82.986214,42.357547],[-82.985783,42.357884],[-82.985402,42.358182],[-82.984933,42.358549],[-82.984589,42.358817],[-82.984081,42.359213],[-82.983587,42.3596],[-82.983456,42.359455],[-82.982946,42.358725],[-82.982861,42.358604],[-82.98252,42.358115],[-82.982095,42.357506],[-82.981985,42.357348],[-82.981866,42.357177],[-82.981738,42.356994],[-82.98161,42.35681],[-82.981473,42.356614],[-82.981337,42.356419],[-82.980955,42.355871],[-82.980827,42.355688],[-82.980716,42.355529],[-82.980606,42.355371],[-82.980437,42.355128],[-82.979362,42.353589],[-82.979753,42.353424],[-82.979815,42.353406],[-82.982346,42.352806],[-82.983758,42.352416],[-82.984622,42.353591]]]},"properties":{"OBJECTID":25,"council_district":5,"nhood_num":123,"nhood_name":"Joseph Berry Sub","Website":"https://theneighborhoods.org/neighborhoods/joseph-berry-sub"}},{"type":"Feature","id":26,"geometry":{"type":"Polygon","coordinates":[[[-82.992481,42.352952],[-82.993229,42.352468],[-82.993338,42.352619],[-82.993686,42.353103],[-82.993632,42.353187],[-82.99375,42.353353],[-82.994195,42.353979],[-82.994273,42.35411],[-82.995392,42.355677],[-82.995507,42.35582],[-82.996598,42.357343],[-82.996712,42.357497],[-82.99709,42.358023],[-82.997201,42.358178],[-82.99766,42.358816],[-82.997666,42.358871],[-82.997837,42.359102],[-82.997938,42.359172],[-82.998011,42.359234],[-82.998468,42.359868],[-82.999452,42.361236],[-83.001147,42.363588],[-83.001716,42.364375],[-83.002732,42.365785],[-83.004153,42.367761],[-83.004085,42.367784],[-83.003655,42.367961],[-83.003363,42.368081],[-83.003203,42.368145],[-83.002201,42.368546],[-83.001925,42.368657],[-83.001227,42.368938],[-83.000485,42.369236],[-83.00025,42.369331],[-82.999769,42.369524],[-82.999513,42.369172],[-82.999479,42.369145],[-82.998381,42.367612],[-82.998337,42.367538],[-82.998291,42.367463],[-82.996791,42.365403],[-82.996672,42.365273],[-82.995095,42.363065],[-82.994989,42.362925],[-82.993823,42.361322],[-82.993805,42.361258],[-82.993627,42.361013],[-82.993551,42.360907],[-82.993493,42.360828],[-82.992337,42.359224],[-82.992224,42.359075],[-82.991134,42.357549],[-82.991018,42.357407],[-82.990142,42.356179],[-82.990146,42.356158],[-82.989822,42.355695],[-82.989743,42.355622],[-82.98948,42.35525],[-82.989357,42.355093],[-82.989604,42.3549],[-82.989804,42.354744],[-82.98996,42.354622],[-82.990443,42.354263],[-82.991208,42.353776],[-82.992481,42.352952]]]},"properties":{"OBJECTID":26,"council_district":5,"nhood_num":125,"nhood_name":"Indian Village","Website":"https://theneighborhoods.org/neighborhoods/indian-village"}},{"type":"Feature","id":27,"geometry":{"type":"Polygon","coordinates":[[[-83.021525,42.333399],[-83.025685,42.331869],[-83.025743,42.331849],[-83.026197,42.33169],[-83.026398,42.332002],[-83.02663,42.332781],[-83.026802,42.332766],[-83.026929,42.332729],[-83.026636,42.331908],[-83.026656,42.331482],[-83.027198,42.331242],[-83.02727,42.331244],[-83.027369,42.331234],[-83.027561,42.331179],[-83.027717,42.331109],[-83.027755,42.331057],[-83.028193,42.330946],[-83.031587,42.329953],[-83.031915,42.329857],[-83.032736,42.33107],[-83.032814,42.331186],[-83.032994,42.331452],[-83.033129,42.331652],[-83.033319,42.331938],[-83.033733,42.332566],[-83.034113,42.333142],[-83.034173,42.333287],[-83.032397,42.33404],[-83.030775,42.334739],[-83.029367,42.335346],[-83.028269,42.335819],[-83.028113,42.335886],[-83.027989,42.335938],[-83.027813,42.336015],[-83.026067,42.33677],[-83.024587,42.337406],[-83.022647,42.338245],[-83.019747,42.33949],[-83.017884,42.340292],[-83.016355,42.340949],[-83.014551,42.341724],[-83.012714,42.342515],[-83.010052,42.34366],[-83.009174,42.344037],[-83.008762,42.344214],[-83.008318,42.344405],[-83.008083,42.344507],[-83.007489,42.344762],[-83.006834,42.345044],[-83.006222,42.345307],[-83.004982,42.345815],[-83.004056,42.346311],[-83.003134,42.346704],[-83.002079,42.347158],[-83.001922,42.346904],[-83.000899,42.345631],[-83.000569,42.345295],[-83.000416,42.345086],[-83.005504,42.341106],[-83.006132,42.340769],[-83.006331,42.340734],[-83.006452,42.340657],[-83.00661,42.340535],[-83.006686,42.340463],[-83.006733,42.340405],[-83.006825,42.34036],[-83.006943,42.340337],[-83.007119,42.340228],[-83.007259,42.340132],[-83.007402,42.340026],[-83.008896,42.339362],[-83.008863,42.339301],[-83.009235,42.339044],[-83.009722,42.3388],[-83.010498,42.338412],[-83.01069,42.338316],[-83.011014,42.338124],[-83.010971,42.33807],[-83.011074,42.337999],[-83.011196,42.337875],[-83.011273,42.337784],[-83.011397,42.337722],[-83.011641,42.3376],[-83.011926,42.337475],[-83.012988,42.336967],[-83.01383,42.336565],[-83.01393,42.336534],[-83.014021,42.336516],[-83.014078,42.336465],[-83.014125,42.336406],[-83.015114,42.336025],[-83.016929,42.335261],[-83.021525,42.333399]]]},"properties":{"OBJECTID":27,"council_district":5,"nhood_num":129,"nhood_name":"Rivertown","Website":"https://theneighborhoods.org/neighborhoods/rivertown"}},{"type":"Feature","id":28,"geometry":{"type":"Polygon","coordinates":[[[-82.99826,42.351328],[-82.998845,42.352213],[-82.998907,42.352351],[-82.999942,42.353896],[-83.000035,42.354042],[-83.001061,42.35559],[-83.001154,42.355743],[-83.002316,42.357472],[-83.00176,42.357674],[-83.00125,42.357861],[-82.999918,42.358389],[-82.998936,42.358777],[-82.998603,42.358909],[-82.997938,42.359172],[-82.997837,42.359102],[-82.997666,42.358871],[-82.99766,42.358816],[-82.997201,42.358178],[-82.99709,42.358023],[-82.996712,42.357497],[-82.996598,42.357343],[-82.995507,42.35582],[-82.995392,42.355677],[-82.994273,42.35411],[-82.994195,42.353979],[-82.99375,42.353353],[-82.993632,42.353187],[-82.993686,42.353103],[-82.993338,42.352619],[-82.993229,42.352468],[-82.994025,42.351953],[-82.994881,42.351398],[-82.996761,42.350185],[-82.996975,42.350518],[-82.997199,42.350858],[-82.997597,42.351441],[-82.997629,42.35147],[-82.99766,42.351486],[-82.997687,42.351493],[-82.99771,42.351499],[-82.997746,42.351501],[-82.997808,42.351491],[-82.99826,42.351328]]]},"properties":{"OBJECTID":28,"council_district":5,"nhood_num":126,"nhood_name":"West Village","Website":"https://theneighborhoods.org/neighborhoods/west-village"}},{"type":"Feature","id":29,"geometry":{"type":"Polygon","coordinates":[[[-82.956511,42.361323],[-82.952915,42.354868],[-82.956083,42.354429],[-82.958339,42.358083],[-82.959053,42.358096],[-82.958433,42.35696],[-82.957144,42.354882],[-82.959092,42.35471],[-82.960898,42.354759],[-82.963147,42.35548],[-82.963479,42.356057],[-82.964896,42.358332],[-82.965155,42.358745],[-82.96541,42.359153],[-82.965597,42.359454],[-82.965633,42.359511],[-82.966118,42.360168],[-82.966392,42.360587],[-82.966581,42.360875],[-82.966716,42.361081],[-82.968994,42.364422],[-82.969127,42.364675],[-82.969326,42.364995],[-82.970611,42.366982],[-82.972189,42.369392],[-82.973625,42.371581],[-82.975191,42.373977],[-82.976664,42.376229],[-82.978486,42.379006],[-82.978571,42.379145],[-82.978638,42.379249],[-82.978806,42.379488],[-82.978917,42.379726],[-82.980195,42.381683],[-82.980419,42.382028],[-82.98112,42.383107],[-82.98385,42.387266],[-82.983955,42.387422],[-82.984293,42.387956],[-82.985793,42.390244],[-82.986327,42.391068],[-82.98835,42.394167],[-82.988835,42.394901],[-82.98931,42.395303],[-82.989091,42.39546],[-82.988053,42.396226],[-82.987595,42.396566],[-82.987457,42.396487],[-82.987362,42.396422],[-82.987263,42.396346],[-82.98714,42.396237],[-82.986918,42.396007],[-82.986795,42.395886],[-82.986545,42.395622],[-82.986326,42.395396],[-82.985984,42.395084],[-82.985747,42.394882],[-82.985472,42.394668],[-82.985132,42.394309],[-82.984923,42.394144],[-82.984789,42.394037],[-82.984264,42.393596],[-82.983889,42.393305],[-82.98378,42.393232],[-82.983628,42.393143],[-82.983216,42.392938],[-82.982622,42.392645],[-82.982356,42.392503],[-82.98214,42.392357],[-82.98084,42.391512],[-82.980636,42.39138],[-82.97947,42.390623],[-82.979162,42.390422],[-82.978859,42.390249],[-82.978777,42.390215],[-82.978501,42.390098],[-82.977161,42.389637],[-82.976781,42.389506],[-82.976029,42.389288],[-82.973561,42.388399],[-82.97329,42.388302],[-82.972415,42.387986],[-82.971458,42.387613],[-82.971299,42.387545],[-82.971219,42.387497],[-82.97116,42.387454],[-82.970994,42.387293],[-82.970763,42.38707],[-82.969204,42.385561],[-82.9691,42.385448],[-82.969017,42.385336],[-82.968635,42.384754],[-82.968565,42.384663],[-82.968509,42.384589],[-82.968469,42.384536],[-82.968399,42.384458],[-82.968212,42.384245],[-82.968151,42.384165],[-82.968066,42.384042],[-82.967843,42.383696],[-82.967548,42.383244],[-82.965619,42.38029],[-82.96413,42.378009],[-82.962535,42.375569],[-82.961327,42.37371],[-82.960386,42.372269],[-82.958905,42.370001],[-82.958728,42.369515],[-82.958689,42.369265],[-82.958702,42.369012],[-82.958731,42.368909],[-82.958765,42.368787],[-82.958811,42.368698],[-82.958874,42.368577],[-82.959025,42.368361],[-82.959467,42.367756],[-82.95952,42.367671],[-82.959574,42.367514],[-82.959617,42.367302],[-82.959618,42.367138],[-82.959572,42.366918],[-82.959504,42.366754],[-82.959238,42.36634],[-82.958435,42.365124],[-82.957867,42.364272],[-82.958135,42.363932],[-82.956659,42.361555],[-82.956511,42.361323]]]},"properties":{"OBJECTID":29,"council_district":4,"nhood_num":102,"nhood_name":"Conner Creek Industrial","Website":"https://theneighborhoods.org/neighborhoods/conner-creek-industrial"}},{"type":"Feature","id":30,"geometry":{"type":"Polygon","coordinates":[[[-83.188909,42.401818],[-83.188917,42.401818],[-83.190083,42.401784],[-83.19138,42.401743],[-83.192615,42.401704],[-83.193827,42.401665],[-83.195024,42.401626],[-83.196281,42.401585],[-83.197539,42.401545],[-83.198695,42.401513],[-83.198788,42.403305],[-83.198825,42.403952],[-83.198876,42.405127],[-83.198885,42.405379],[-83.198945,42.406925],[-83.199017,42.408753],[-83.197821,42.408787],[-83.196563,42.408826],[-83.195306,42.408864],[-83.194184,42.408897],[-83.192949,42.408937],[-83.191713,42.408975],[-83.190401,42.409018],[-83.189233,42.409055],[-83.189225,42.409055],[-83.189224,42.409053],[-83.189136,42.407223],[-83.189065,42.405441],[-83.188985,42.403625],[-83.188909,42.401818]]]},"properties":{"OBJECTID":30,"council_district":1,"nhood_num":13,"nhood_name":"Belmont","Website":"https://theneighborhoods.org/neighborhoods/belmont"}},{"type":"Feature","id":31,"geometry":{"type":"Polygon","coordinates":[[[-83.062865,42.332579],[-83.06247,42.332116],[-83.06212,42.33177],[-83.061888,42.331549],[-83.061494,42.331156],[-83.061273,42.330963],[-83.061036,42.330766],[-83.060717,42.330511],[-83.059942,42.32996],[-83.059775,42.329833],[-83.05977,42.32983],[-83.058872,42.329175],[-83.057891,42.328481],[-83.057362,42.328166],[-83.056835,42.327819],[-83.056454,42.327571],[-83.055864,42.327223],[-83.055702,42.327134],[-83.056615,42.32674],[-83.057897,42.326189],[-83.059183,42.325633],[-83.06001,42.325275],[-83.060461,42.325079],[-83.061659,42.324573],[-83.063023,42.323988],[-83.065299,42.323015],[-83.065701,42.322843],[-83.066675,42.322427],[-83.066845,42.322354],[-83.067382,42.323292],[-83.067588,42.323661],[-83.067666,42.323802],[-83.0677,42.323855],[-83.06773,42.323903],[-83.067893,42.324162],[-83.068391,42.325031],[-83.06888,42.325894],[-83.069372,42.326766],[-83.069915,42.327718],[-83.069992,42.327897],[-83.070159,42.327841],[-83.071385,42.32746],[-83.072569,42.327096],[-83.073195,42.326903],[-83.073865,42.326696],[-83.074101,42.326624],[-83.074297,42.326563],[-83.074445,42.326517],[-83.074796,42.32641],[-83.075065,42.326498],[-83.07603,42.326888],[-83.076518,42.327038],[-83.079366,42.327616],[-83.080869,42.327825],[-83.082624,42.328069],[-83.082901,42.328076],[-83.083693,42.328097],[-83.084284,42.328113],[-83.084468,42.328107],[-83.084978,42.328085],[-83.085269,42.328121],[-83.085687,42.328174],[-83.085854,42.328157],[-83.085917,42.328241],[-83.08595,42.328304],[-83.086049,42.328607],[-83.08609,42.329112],[-83.086097,42.329417],[-83.086091,42.329569],[-83.086077,42.329721],[-83.086053,42.329873],[-83.086021,42.330024],[-83.085985,42.330155],[-83.085937,42.330295],[-83.085881,42.330434],[-83.085813,42.330578],[-83.085723,42.33074],[-83.085284,42.331466],[-83.08494,42.331944],[-83.084902,42.331997],[-83.084872,42.332016],[-83.084693,42.332009],[-83.084256,42.332037],[-83.083855,42.332137],[-83.083463,42.332251],[-83.082784,42.332412],[-83.082453,42.332463],[-83.082057,42.332507],[-83.081765,42.33251],[-83.080927,42.332461],[-83.079248,42.332343],[-83.079018,42.332334],[-83.077077,42.332367],[-83.076896,42.33237],[-83.076734,42.33238],[-83.076491,42.332402],[-83.07625,42.33243],[-83.076051,42.33246],[-83.075851,42.33249],[-83.075688,42.332522],[-83.075459,42.332568],[-83.0751,42.332654],[-83.074725,42.332757],[-83.074142,42.332938],[-83.073091,42.333265],[-83.072553,42.333429],[-83.071809,42.33363],[-83.071502,42.333707],[-83.070811,42.333848],[-83.069134,42.334214],[-83.068675,42.334324],[-83.068594,42.334344],[-83.067898,42.334492],[-83.065746,42.334941],[-83.064712,42.335172],[-83.064585,42.335196],[-83.064191,42.334571],[-83.063798,42.333833],[-83.063713,42.333683],[-83.063641,42.333576],[-83.063597,42.333496],[-83.063489,42.333343],[-83.062865,42.332579]]]},"properties":{"OBJECTID":31,"council_district":6,"nhood_num":168,"nhood_name":"Corktown","Website":"https://theneighborhoods.org/neighborhoods/corktown"}},{"type":"Feature","id":32,"geometry":{"type":"Polygon","coordinates":[[[-83.142216,42.277314],[-83.143534,42.275735],[-83.144655,42.274428],[-83.146353,42.272434],[-83.14804,42.270438],[-83.149739,42.268434],[-83.151425,42.266437],[-83.153033,42.264401],[-83.154909,42.26215],[-83.156046,42.260797],[-83.156683,42.260052],[-83.158934,42.257368],[-83.160733,42.255333],[-83.160859,42.255192],[-83.161005,42.255319],[-83.1612,42.255499],[-83.161391,42.255686],[-83.161562,42.255862],[-83.161725,42.256041],[-83.16176,42.256082],[-83.161853,42.256194],[-83.162479,42.256985],[-83.162585,42.257111],[-83.162654,42.257194],[-83.162764,42.257309],[-83.162881,42.257422],[-83.163005,42.257529],[-83.163265,42.257729],[-83.163564,42.257933],[-83.163863,42.258119],[-83.164289,42.258385],[-83.164608,42.258585],[-83.164772,42.258687],[-83.16523,42.258998],[-83.165529,42.259216],[-83.165773,42.259409],[-83.166063,42.259661],[-83.166127,42.259721],[-83.166187,42.259786],[-83.166301,42.259925],[-83.16638,42.260061],[-83.166435,42.260194],[-83.166477,42.26035],[-83.166495,42.260509],[-83.166489,42.260691],[-83.166501,42.261037],[-83.166517,42.261173],[-83.166539,42.261297],[-83.166592,42.2615],[-83.166671,42.261725],[-83.166766,42.261941],[-83.166871,42.262136],[-83.166954,42.26227],[-83.167047,42.262407],[-83.16709,42.262499],[-83.167457,42.263195],[-83.167541,42.263342],[-83.167811,42.263831],[-83.167882,42.263944],[-83.167962,42.264044],[-83.168032,42.264117],[-83.16811,42.264187],[-83.168194,42.264253],[-83.168307,42.264331],[-83.168437,42.264407],[-83.168576,42.264474],[-83.168699,42.264523],[-83.168838,42.264567],[-83.169013,42.264609],[-83.169207,42.264644],[-83.16977,42.264742],[-83.169907,42.264766],[-83.170248,42.264839],[-83.170529,42.264899],[-83.170929,42.264969],[-83.171325,42.265038],[-83.17044,42.265379],[-83.169481,42.265854],[-83.169416,42.265896],[-83.168861,42.266259],[-83.16828,42.266738],[-83.167685,42.267362],[-83.167287,42.267853],[-83.163026,42.272834],[-83.161608,42.274507],[-83.161403,42.274738],[-83.161163,42.274975],[-83.159721,42.276204],[-83.159624,42.276306],[-83.159461,42.276496],[-83.159314,42.27668],[-83.159239,42.276825],[-83.158742,42.277641],[-83.158545,42.277883],[-83.158326,42.278081],[-83.158108,42.278228],[-83.158032,42.278299],[-83.157975,42.27837],[-83.157951,42.278453],[-83.157929,42.278577],[-83.157693,42.278384],[-83.157454,42.278157],[-83.156641,42.277442],[-83.156467,42.277288],[-83.156112,42.277405],[-83.154055,42.278102],[-83.153733,42.278222],[-83.15342,42.278359],[-83.153201,42.278465],[-83.152956,42.278598],[-83.152778,42.278703],[-83.152494,42.278885],[-83.152315,42.279008],[-83.152201,42.279092],[-83.152142,42.279136],[-83.151922,42.279314],[-83.151765,42.279452],[-83.151614,42.279595],[-83.15146,42.279752],[-83.151064,42.280204],[-83.15001,42.281466],[-83.149918,42.281576],[-83.149427,42.282101],[-83.149234,42.282293],[-83.148873,42.282617],[-83.148761,42.282712],[-83.14827,42.283086],[-83.148198,42.28314],[-83.147949,42.283307],[-83.147609,42.283522],[-83.147285,42.283712],[-83.146956,42.283889],[-83.146619,42.284057],[-83.146273,42.284215],[-83.143443,42.285381],[-83.141307,42.286259],[-83.140147,42.286735],[-83.139557,42.286976],[-83.139496,42.286887],[-83.139434,42.2868],[-83.137901,42.284943],[-83.137811,42.284803],[-83.137146,42.28326],[-83.13753,42.282791],[-83.137692,42.282611],[-83.137982,42.282288],[-83.138794,42.281326],[-83.140368,42.279466],[-83.140621,42.279176],[-83.140821,42.278928],[-83.142216,42.277314]]]},"properties":{"OBJECTID":32,"council_district":6,"nhood_num":176,"nhood_name":"Boynton","Website":"https://theneighborhoods.org/neighborhoods/boynton"}},{"type":"Feature","id":33,"geometry":{"type":"Polygon","coordinates":[[[-83.149678,42.295412],[-83.149569,42.295011],[-83.14931,42.294355],[-83.149052,42.29365],[-83.148885,42.293367],[-83.148251,42.292822],[-83.147987,42.29261],[-83.147841,42.292559],[-83.147659,42.292539],[-83.147468,42.292539],[-83.147318,42.292569],[-83.147104,42.29265],[-83.146923,42.292735],[-83.146221,42.292984],[-83.145753,42.293138],[-83.144596,42.293553],[-83.144473,42.293584],[-83.14425,42.293345],[-83.144031,42.293102],[-83.143435,42.292272],[-83.142629,42.291215],[-83.139832,42.28736],[-83.139557,42.286976],[-83.140147,42.286735],[-83.141307,42.286259],[-83.143443,42.285381],[-83.146273,42.284215],[-83.146619,42.284057],[-83.146956,42.283889],[-83.147285,42.283712],[-83.147609,42.283522],[-83.147949,42.283307],[-83.148198,42.28314],[-83.14827,42.283086],[-83.148761,42.282712],[-83.148873,42.282617],[-83.149234,42.282293],[-83.149427,42.282101],[-83.149918,42.281576],[-83.15001,42.281466],[-83.151064,42.280204],[-83.15146,42.279752],[-83.151614,42.279595],[-83.151765,42.279452],[-83.151922,42.279314],[-83.152142,42.279136],[-83.152201,42.279092],[-83.152315,42.279008],[-83.152494,42.278885],[-83.152778,42.278703],[-83.152956,42.278598],[-83.153201,42.278465],[-83.15342,42.278359],[-83.153733,42.278222],[-83.154055,42.278102],[-83.156112,42.277405],[-83.156467,42.277288],[-83.156641,42.277442],[-83.157454,42.278157],[-83.157693,42.278384],[-83.157929,42.278577],[-83.158041,42.278674],[-83.15824,42.278844],[-83.158689,42.279232],[-83.158742,42.279279],[-83.159731,42.280162],[-83.160737,42.281149],[-83.160794,42.281205],[-83.160894,42.281303],[-83.161472,42.281857],[-83.161799,42.282233],[-83.161877,42.282332],[-83.162022,42.282533],[-83.162184,42.282792],[-83.162298,42.283004],[-83.162451,42.283337],[-83.162947,42.284452],[-83.163063,42.284685],[-83.16318,42.284923],[-83.163342,42.285214],[-83.16337,42.285263],[-83.163807,42.286055],[-83.163908,42.286239],[-83.164165,42.286679],[-83.164225,42.286757],[-83.164312,42.28684],[-83.164563,42.28708],[-83.16497,42.287441],[-83.165258,42.287703],[-83.165723,42.288083],[-83.166436,42.288698],[-83.166544,42.288798],[-83.166656,42.288906],[-83.166765,42.289028],[-83.166852,42.289148],[-83.167022,42.289459],[-83.167055,42.289523],[-83.167074,42.289571],[-83.167232,42.290084],[-83.167308,42.29031],[-83.167044,42.290273],[-83.166746,42.290251],[-83.166389,42.290246],[-83.166086,42.29021],[-83.164261,42.29058],[-83.162327,42.291091],[-83.160122,42.291625],[-83.158747,42.292011],[-83.158066,42.292404],[-83.157801,42.292673],[-83.157401,42.293014],[-83.157053,42.29372],[-83.15671,42.294322],[-83.156156,42.29512],[-83.155646,42.295374],[-83.155231,42.295343],[-83.154928,42.29534],[-83.154582,42.295347],[-83.154249,42.295386],[-83.153851,42.29546],[-83.151815,42.296173],[-83.151382,42.29624],[-83.151079,42.296233],[-83.150833,42.296205],[-83.150541,42.296114],[-83.150335,42.296004],[-83.150068,42.295825],[-83.149763,42.295566],[-83.149693,42.295439],[-83.149678,42.295412]]]},"properties":{"OBJECTID":33,"council_district":6,"nhood_num":177,"nhood_name":"Oakwood Heights","Website":"https://theneighborhoods.org/neighborhoods/oakwood-heights"}},{"type":"Feature","id":34,"geometry":{"type":"Polygon","coordinates":[[[-83.179677,42.43834],[-83.180759,42.438322],[-83.180839,42.440514],[-83.180851,42.440828],[-83.180928,42.442856],[-83.180943,42.443261],[-83.180993,42.444992],[-83.181,42.445192],[-83.178798,42.445231],[-83.177127,42.445269],[-83.176732,42.445278],[-83.175607,42.445303],[-83.174518,42.445326],[-83.173548,42.445347],[-83.173428,42.445349],[-83.172333,42.445373],[-83.171258,42.445399],[-83.171248,42.445206],[-83.171176,42.443059],[-83.171083,42.440716],[-83.170992,42.438433],[-83.17208,42.438432],[-83.173168,42.438423],[-83.174256,42.438405],[-83.175345,42.438392],[-83.176433,42.438378],[-83.177515,42.438365],[-83.178598,42.438353],[-83.179677,42.43834]]]},"properties":{"OBJECTID":34,"council_district":2,"nhood_num":37,"nhood_name":"Blackstone Park","Website":"https://theneighborhoods.org/neighborhoods/blackstone-park"}},{"type":"Feature","id":35,"geometry":{"type":"Polygon","coordinates":[[[-83.087333,42.306007],[-83.08659,42.304968],[-83.092566,42.299116],[-83.097885,42.293751],[-83.098427,42.294028],[-83.098567,42.294076],[-83.098582,42.293995],[-83.098623,42.293622],[-83.098229,42.293334],[-83.099216,42.292394],[-83.099385,42.292453],[-83.101914,42.290078],[-83.102615,42.289416],[-83.103045,42.288417],[-83.1042,42.288562],[-83.108181,42.289192],[-83.109204,42.28936],[-83.109262,42.289368],[-83.109319,42.289377],[-83.110157,42.289484],[-83.11128,42.289733],[-83.112202,42.289877],[-83.112901,42.289986],[-83.113748,42.290161],[-83.114815,42.290315],[-83.115037,42.290356],[-83.115248,42.290384],[-83.115631,42.290376],[-83.116112,42.290352],[-83.116999,42.290321],[-83.117358,42.29029],[-83.117701,42.290231],[-83.117984,42.290139],[-83.118139,42.290062],[-83.118215,42.289996],[-83.118261,42.28993],[-83.118371,42.289901],[-83.118519,42.290134],[-83.119244,42.291307],[-83.11931,42.291395],[-83.119523,42.291436],[-83.119638,42.291379],[-83.12091,42.290875],[-83.121782,42.290537],[-83.122822,42.290118],[-83.126398,42.288699],[-83.126777,42.289216],[-83.127273,42.289914],[-83.12775,42.290578],[-83.128218,42.291228],[-83.128442,42.291551],[-83.128562,42.291598],[-83.128186,42.291915],[-83.1278,42.29226],[-83.127697,42.292343],[-83.127644,42.292398],[-83.127617,42.292434],[-83.127584,42.292476],[-83.127538,42.29256],[-83.127499,42.292668],[-83.12746,42.29298],[-83.127821,42.293004],[-83.128054,42.293017],[-83.127766,42.29355],[-83.127497,42.293978],[-83.127252,42.294368],[-83.12647,42.295612],[-83.126095,42.296176],[-83.125934,42.296397],[-83.125796,42.296575],[-83.12575,42.296628],[-83.12555,42.296864],[-83.125393,42.297033],[-83.125229,42.297198],[-83.124993,42.297414],[-83.123968,42.298352],[-83.123262,42.299],[-83.122853,42.299375],[-83.122281,42.299916],[-83.122063,42.300102],[-83.121882,42.300243],[-83.121828,42.300285],[-83.121594,42.30045],[-83.121279,42.30065],[-83.121017,42.3008],[-83.120679,42.300979],[-83.120452,42.301093],[-83.120141,42.301238],[-83.119902,42.301339],[-83.119806,42.301378],[-83.119351,42.30156],[-83.119179,42.301629],[-83.11619,42.302816],[-83.113988,42.303705],[-83.113209,42.304006],[-83.111576,42.304656],[-83.110301,42.305169],[-83.109165,42.305626],[-83.107838,42.306144],[-83.107163,42.306409],[-83.106295,42.306767],[-83.105763,42.307],[-83.105224,42.307264],[-83.104295,42.307768],[-83.10316,42.308397],[-83.101287,42.309432],[-83.100707,42.309746],[-83.100466,42.309876],[-83.09953,42.310332],[-83.099413,42.310379],[-83.097156,42.311316],[-83.096613,42.311526],[-83.095854,42.31184],[-83.095724,42.311893],[-83.093721,42.312661],[-83.09254,42.313114],[-83.092452,42.313148],[-83.092117,42.312684],[-83.091447,42.311755],[-83.091301,42.311558],[-83.090602,42.31058],[-83.089732,42.309361],[-83.089565,42.309127],[-83.089454,42.308972],[-83.087924,42.306833],[-83.087333,42.306007]]]},"properties":{"OBJECTID":35,"council_district":6,"nhood_num":174,"nhood_name":"Delray","Website":"https://theneighborhoods.org/neighborhoods/delray"}},{"type":"Feature","id":36,"geometry":{"type":"Polygon","coordinates":[[[-83.120338,42.331112],[-83.122079,42.33112],[-83.123584,42.331126],[-83.124413,42.331131],[-83.12529,42.331128],[-83.126584,42.331151],[-83.127373,42.331147],[-83.127434,42.331021],[-83.126821,42.330181],[-83.126609,42.329891],[-83.126361,42.329529],[-83.125862,42.328856],[-83.125469,42.328307],[-83.125306,42.328081],[-83.124799,42.327382],[-83.124302,42.326706],[-83.124214,42.326582],[-83.123887,42.326128],[-83.123739,42.325924],[-83.123371,42.325414],[-83.123272,42.325277],[-83.122261,42.323886],[-83.121887,42.323377],[-83.121363,42.322663],[-83.121617,42.322624],[-83.126366,42.32203],[-83.126436,42.322024],[-83.130668,42.321412],[-83.133703,42.321111],[-83.134722,42.321044],[-83.135339,42.320989],[-83.135584,42.320966],[-83.137043,42.320952],[-83.137555,42.320933],[-83.138381,42.320819],[-83.138647,42.320767],[-83.144619,42.31985],[-83.146948,42.319525],[-83.147038,42.31963],[-83.147135,42.319753],[-83.149431,42.322897],[-83.152942,42.327736],[-83.153209,42.328087],[-83.155005,42.327654],[-83.156551,42.32724],[-83.156558,42.327669],[-83.156594,42.327798],[-83.156631,42.327952],[-83.156646,42.328163],[-83.156674,42.32856],[-83.15668,42.328731],[-83.156687,42.328909],[-83.156716,42.329522],[-83.156737,42.329925],[-83.156854,42.333943],[-83.156981,42.336961],[-83.156486,42.336949],[-83.155822,42.336983],[-83.155109,42.337055],[-83.154521,42.33715],[-83.153713,42.337333],[-83.152967,42.337566],[-83.152425,42.337796],[-83.151926,42.338052],[-83.151295,42.338412],[-83.150814,42.338784],[-83.150124,42.339601],[-83.149743,42.340019],[-83.149411,42.34059],[-83.149197,42.341072],[-83.14908,42.341535],[-83.148927,42.342299],[-83.148771,42.343073],[-83.148764,42.343109],[-83.148607,42.343853],[-83.148431,42.344688],[-83.147374,42.344713],[-83.146887,42.344725],[-83.145862,42.344747],[-83.144863,42.344768],[-83.143758,42.344792],[-83.143622,42.344795],[-83.142693,42.344816],[-83.141631,42.344841],[-83.140569,42.344864],[-83.13951,42.344888],[-83.137789,42.344927],[-83.136171,42.344961],[-83.135797,42.34496],[-83.133731,42.344838],[-83.133539,42.344827],[-83.131974,42.344733],[-83.130381,42.344638],[-83.130165,42.34437],[-83.129706,42.343854],[-83.129172,42.343253],[-83.129074,42.343124],[-83.128539,42.342396],[-83.127956,42.341595],[-83.127399,42.340829],[-83.126851,42.340073],[-83.126292,42.339302],[-83.125738,42.33854],[-83.125595,42.338342],[-83.125466,42.338165],[-83.125162,42.337747],[-83.125011,42.337539],[-83.12494,42.337444],[-83.124856,42.337325],[-83.124615,42.336992],[-83.124328,42.336598],[-83.123761,42.335816],[-83.123261,42.335127],[-83.122726,42.33439],[-83.122198,42.333664],[-83.12167,42.33294],[-83.121338,42.332485],[-83.120786,42.331732],[-83.120338,42.331112]]]},"properties":{"OBJECTID":36,"council_district":6,"nhood_num":180,"nhood_name":"Claytown","Website":"https://theneighborhoods.org/neighborhoods/claytown"}},{"type":"Feature","id":37,"geometry":{"type":"Polygon","coordinates":[[[-83.157963,42.358887],[-83.157799,42.356554],[-83.157654,42.354112],[-83.157554,42.352418],[-83.157525,42.351716],[-83.158664,42.351691],[-83.159773,42.351667],[-83.160929,42.351642],[-83.162089,42.351618],[-83.163916,42.351577],[-83.165025,42.351553],[-83.166122,42.351528],[-83.166295,42.351524],[-83.167393,42.351499],[-83.168503,42.351475],[-83.1697,42.351445],[-83.169999,42.351441],[-83.171368,42.351411],[-83.172601,42.351384],[-83.173758,42.351359],[-83.174916,42.351334],[-83.176024,42.35131],[-83.176129,42.353708],[-83.176236,42.356107],[-83.17622,42.356176],[-83.176202,42.356241],[-83.1763,42.358496],[-83.17629,42.358573],[-83.175049,42.358596],[-83.173801,42.35862],[-83.172626,42.358643],[-83.171456,42.358663],[-83.171331,42.358666],[-83.170186,42.358691],[-83.168982,42.358718],[-83.168846,42.358721],[-83.167727,42.358734],[-83.167206,42.358741],[-83.16652,42.358752],[-83.16616,42.358701],[-83.165336,42.358693],[-83.164224,42.358717],[-83.164097,42.358716],[-83.163135,42.358735],[-83.162834,42.358744],[-83.162022,42.358782],[-83.160814,42.358803],[-83.16052,42.358811],[-83.159623,42.358838],[-83.157963,42.358887]]]},"properties":{"OBJECTID":37,"council_district":7,"nhood_num":200,"nhood_name":"Aviation Sub","Website":"https://theneighborhoods.org/neighborhoods/aviation-sub"}},{"type":"Feature","id":38,"geometry":{"type":"Polygon","coordinates":[[[-83.14795,42.359158],[-83.147943,42.358414],[-83.147868,42.356937],[-83.147863,42.356845],[-83.147792,42.355365],[-83.14773,42.35432],[-83.14768,42.353482],[-83.147766,42.352122],[-83.147736,42.351916],[-83.148618,42.351898],[-83.149623,42.351877],[-83.15063,42.351856],[-83.151635,42.351836],[-83.152635,42.351816],[-83.153987,42.351787],[-83.155163,42.351764],[-83.156339,42.35174],[-83.157525,42.351716],[-83.157554,42.352418],[-83.157654,42.354112],[-83.157799,42.356554],[-83.157963,42.358887],[-83.159623,42.358838],[-83.16052,42.358811],[-83.160814,42.358803],[-83.162022,42.358782],[-83.162834,42.358744],[-83.163135,42.358735],[-83.164097,42.358716],[-83.164224,42.358717],[-83.165336,42.358693],[-83.16616,42.358701],[-83.16652,42.358752],[-83.167206,42.358741],[-83.167727,42.358734],[-83.168846,42.358721],[-83.168982,42.358718],[-83.170186,42.358691],[-83.171331,42.358666],[-83.171456,42.358663],[-83.172626,42.358643],[-83.173801,42.35862],[-83.175049,42.358596],[-83.17629,42.358573],[-83.176276,42.358647],[-83.176344,42.360835],[-83.176431,42.36364],[-83.1765,42.365817],[-83.176591,42.368305],[-83.176679,42.370665],[-83.17677,42.373058],[-83.175557,42.373081],[-83.174344,42.373102],[-83.173073,42.373125],[-83.171859,42.37315],[-83.170615,42.373176],[-83.170006,42.373189],[-83.169373,42.373203],[-83.168155,42.37323],[-83.16761,42.37324],[-83.16756,42.373241],[-83.166964,42.37327],[-83.165754,42.37332],[-83.164552,42.37335],[-83.163364,42.373382],[-83.161981,42.373417],[-83.160671,42.373451],[-83.159634,42.373477],[-83.158569,42.373505],[-83.157811,42.373521],[-83.157503,42.373527],[-83.156426,42.373549],[-83.155341,42.373569],[-83.154257,42.37359],[-83.152744,42.373618],[-83.152015,42.37363],[-83.151578,42.373632],[-83.151142,42.373635],[-83.15095,42.373559],[-83.15072,42.373468],[-83.148901,42.372742],[-83.148708,42.37042],[-83.148653,42.369403],[-83.148559,42.368484],[-83.148512,42.368119],[-83.148498,42.36798],[-83.148495,42.367862],[-83.148474,42.366631],[-83.148461,42.366387],[-83.148439,42.365984],[-83.148273,42.364111],[-83.147923,42.359439],[-83.147936,42.359298],[-83.14795,42.359158]]]},"properties":{"OBJECTID":38,"council_district":7,"nhood_num":199,"nhood_name":"Barton-McFarland","Website":"https://theneighborhoods.org/neighborhoods/barton-mcfarland"}},{"type":"Feature","id":39,"geometry":{"type":"Polygon","coordinates":[[[-83.054578,42.348829],[-83.055861,42.348267],[-83.055972,42.348403],[-83.056411,42.349061],[-83.057369,42.350493],[-83.05794,42.351348],[-83.057999,42.351444],[-83.058049,42.351538],[-83.058149,42.351747],[-83.058314,42.352044],[-83.058468,42.352285],[-83.058663,42.352568],[-83.059374,42.353614],[-83.060063,42.354629],[-83.060774,42.355687],[-83.061478,42.356732],[-83.06174,42.357093],[-83.061981,42.357449],[-83.062088,42.357591],[-83.061931,42.357656],[-83.061437,42.35788],[-83.059841,42.358661],[-83.059176,42.358991],[-83.059041,42.35905],[-83.058689,42.359204],[-83.058599,42.359241],[-83.057244,42.359739],[-83.057067,42.359802],[-83.054891,42.360592],[-83.054471,42.360744],[-83.052954,42.358407],[-83.051721,42.356534],[-83.049443,42.353154],[-83.048192,42.351235],[-83.048108,42.351108],[-83.048492,42.350961],[-83.049217,42.350697],[-83.049726,42.350506],[-83.050634,42.350179],[-83.051888,42.349728],[-83.052141,42.349655],[-83.052342,42.349603],[-83.052829,42.349473],[-83.053067,42.349403],[-83.053605,42.34923],[-83.053757,42.349167],[-83.054578,42.348829]]]},"properties":{"OBJECTID":39,"council_district":5,"nhood_num":139,"nhood_name":"Medical Center","Website":"https://theneighborhoods.org/neighborhoods/medical-center"}},{"type":"Feature","id":40,"geometry":{"type":"Polygon","coordinates":[[[-83.159249,42.416953],[-83.160324,42.416932],[-83.160423,42.418742],[-83.160525,42.420559],[-83.160626,42.422366],[-83.16071,42.423922],[-83.160719,42.424176],[-83.160785,42.425973],[-83.160848,42.427769],[-83.160911,42.429572],[-83.160984,42.431347],[-83.161037,42.433153],[-83.161054,42.433777],[-83.161107,42.434852],[-83.161111,42.435045],[-83.160008,42.435073],[-83.158908,42.435083],[-83.157824,42.435091],[-83.157472,42.435094],[-83.15675,42.4351],[-83.155615,42.43511],[-83.154405,42.43512],[-83.153194,42.43513],[-83.15198,42.435142],[-83.150772,42.435158],[-83.14955,42.435181],[-83.14828,42.435207],[-83.147056,42.435231],[-83.145913,42.435254],[-83.144841,42.435276],[-83.143771,42.435297],[-83.142696,42.435317],[-83.141637,42.435335],[-83.141629,42.435097],[-83.141572,42.433422],[-83.141503,42.431606],[-83.141427,42.429826],[-83.141414,42.429535],[-83.141343,42.428019],[-83.141266,42.426415],[-83.141256,42.426211],[-83.141168,42.424398],[-83.141126,42.423497],[-83.141086,42.422592],[-83.141007,42.42092],[-83.141002,42.420792],[-83.140919,42.418959],[-83.140836,42.417147],[-83.141935,42.417142],[-83.143007,42.417139],[-83.144089,42.417136],[-83.145161,42.417133],[-83.146204,42.41713],[-83.146316,42.41713],[-83.147161,42.417125],[-83.147509,42.417123],[-83.14814,42.41712],[-83.148779,42.417116],[-83.149113,42.417114],[-83.149958,42.417109],[-83.150117,42.417109],[-83.151166,42.417098],[-83.152368,42.417078],[-83.15359,42.417056],[-83.154818,42.417032],[-83.15596,42.417011],[-83.157055,42.416991],[-83.158153,42.416972],[-83.159249,42.416953]]]},"properties":{"OBJECTID":40,"council_district":2,"nhood_num":58,"nhood_name":"Bagley","Website":"https://theneighborhoods.org/neighborhoods/bagley"}},{"type":"Feature","id":41,"geometry":{"type":"Polygon","coordinates":[[[-83.120188,42.439146],[-83.119725,42.438457],[-83.119473,42.438086],[-83.120416,42.43802],[-83.122809,42.438023],[-83.12397,42.43795],[-83.131899,42.437676],[-83.132001,42.437672],[-83.133902,42.437607],[-83.134094,42.439049],[-83.13415,42.439047],[-83.134348,42.438999],[-83.135206,42.438982],[-83.135864,42.438967],[-83.136315,42.438957],[-83.136947,42.438943],[-83.138263,42.438913],[-83.139404,42.438888],[-83.140593,42.438853],[-83.14122,42.438844],[-83.141751,42.438836],[-83.141843,42.441338],[-83.141927,42.443693],[-83.141991,42.445611],[-83.142006,42.445865],[-83.142011,42.445925],[-83.142025,42.446084],[-83.141419,42.446098],[-83.140933,42.446109],[-83.139893,42.446131],[-83.139402,42.446143],[-83.138855,42.446151],[-83.137669,42.446175],[-83.136555,42.446198],[-83.135628,42.446214],[-83.13545,42.446218],[-83.13322,42.446259],[-83.132382,42.446279],[-83.130423,42.446326],[-83.129095,42.446364],[-83.127656,42.446422],[-83.12528,42.446495],[-83.125192,42.446352],[-83.124798,42.445814],[-83.124566,42.445465],[-83.124229,42.445007],[-83.123845,42.444485],[-83.123361,42.443868],[-83.122645,42.442779],[-83.121399,42.440936],[-83.121032,42.440396],[-83.120538,42.439698],[-83.120188,42.439146]]]},"properties":{"OBJECTID":41,"council_district":2,"nhood_num":43,"nhood_name":"Green Acres","Website":"https://theneighborhoods.org/neighborhoods/green-acres"}},{"type":"Feature","id":42,"geometry":{"type":"Polygon","coordinates":[[[-83.106768,42.439481],[-83.106868,42.43948],[-83.107436,42.43948],[-83.110401,42.439443],[-83.112362,42.43942],[-83.117145,42.439332],[-83.119688,42.439292],[-83.119839,42.439268],[-83.120188,42.439146],[-83.120538,42.439698],[-83.121032,42.440396],[-83.121399,42.440936],[-83.122645,42.442779],[-83.123361,42.443868],[-83.123845,42.444485],[-83.124229,42.445007],[-83.124566,42.445465],[-83.124798,42.445814],[-83.125192,42.446352],[-83.12528,42.446495],[-83.125028,42.446502],[-83.12485,42.446507],[-83.124761,42.446509],[-83.124662,42.446513],[-83.122743,42.446564],[-83.122324,42.446573],[-83.121925,42.446562],[-83.121305,42.446546],[-83.121008,42.446544],[-83.120517,42.446541],[-83.119809,42.446537],[-83.119401,42.446543],[-83.117481,42.446586],[-83.114141,42.44667],[-83.113032,42.4467],[-83.112911,42.446702],[-83.112581,42.446708],[-83.11252,42.446593],[-83.112124,42.446045],[-83.11183,42.445663],[-83.110797,42.444448],[-83.110277,42.443881],[-83.109812,42.443322],[-83.108806,42.442192],[-83.108633,42.441994],[-83.108473,42.441812],[-83.107831,42.441077],[-83.107782,42.441009],[-83.106768,42.439481]]]},"properties":{"OBJECTID":42,"council_district":2,"nhood_num":46,"nhood_name":"State Fair","Website":"https://theneighborhoods.org/neighborhoods/state-fair"}},{"type":"Feature","id":43,"geometry":{"type":"Polygon","coordinates":[[[-83.131679,42.431747],[-83.131678,42.431867],[-83.131768,42.434202],[-83.131893,42.437524],[-83.131899,42.437676],[-83.12397,42.43795],[-83.122809,42.438023],[-83.120416,42.43802],[-83.119473,42.438086],[-83.119172,42.437642],[-83.11824,42.436269],[-83.117783,42.435594],[-83.117426,42.4351],[-83.117251,42.434832],[-83.117182,42.434727],[-83.117065,42.434536],[-83.116695,42.43399],[-83.116011,42.432976],[-83.115827,42.432719],[-83.115421,42.432116],[-83.115544,42.432052],[-83.116167,42.432023],[-83.117006,42.431976],[-83.117615,42.43195],[-83.118061,42.431937],[-83.118258,42.431939],[-83.119597,42.43192],[-83.119877,42.431924],[-83.123607,42.431848],[-83.124075,42.431844],[-83.124583,42.431831],[-83.125931,42.431819],[-83.127015,42.43182],[-83.127786,42.431824],[-83.128011,42.431849],[-83.129346,42.431809],[-83.129753,42.431797],[-83.131345,42.431752],[-83.131634,42.431748],[-83.131679,42.431747]]]},"properties":{"OBJECTID":43,"council_district":2,"nhood_num":45,"nhood_name":"Palmer Woods","Website":"https://theneighborhoods.org/neighborhoods/palmer-woods"}},{"type":"Feature","id":44,"geometry":{"type":"Polygon","coordinates":[[[-83.134094,42.439049],[-83.133902,42.437607],[-83.132001,42.437672],[-83.131899,42.437676],[-83.131893,42.437524],[-83.131768,42.434202],[-83.131678,42.431867],[-83.131679,42.431747],[-83.132335,42.431739],[-83.133529,42.431721],[-83.134752,42.431707],[-83.13548,42.431699],[-83.135974,42.431694],[-83.13731,42.431679],[-83.138224,42.431667],[-83.138701,42.431659],[-83.140093,42.431633],[-83.140499,42.431626],[-83.140878,42.431618],[-83.141503,42.431606],[-83.141572,42.433422],[-83.141629,42.435097],[-83.141637,42.435335],[-83.141693,42.43702],[-83.141751,42.438836],[-83.14122,42.438844],[-83.140593,42.438853],[-83.139404,42.438888],[-83.138263,42.438913],[-83.136947,42.438943],[-83.136315,42.438957],[-83.135864,42.438967],[-83.135206,42.438982],[-83.134348,42.438999],[-83.13415,42.439047],[-83.134094,42.439049]]]},"properties":{"OBJECTID":44,"council_district":2,"nhood_num":44,"nhood_name":"Sherwood Forest","Website":"https://theneighborhoods.org/neighborhoods/sherwood-forest"}},{"type":"Feature","id":45,"geometry":{"type":"Polygon","coordinates":[[[-83.130862,42.417294],[-83.131643,42.41728],[-83.132865,42.417262],[-83.134087,42.417244],[-83.135307,42.417225],[-83.13597,42.417214],[-83.136914,42.4172],[-83.137889,42.417186],[-83.138851,42.417174],[-83.13983,42.417161],[-83.140836,42.417147],[-83.140919,42.418959],[-83.141002,42.420792],[-83.141007,42.42092],[-83.141086,42.422592],[-83.141126,42.423497],[-83.141168,42.424398],[-83.141256,42.426211],[-83.141266,42.426415],[-83.141343,42.428019],[-83.141414,42.429535],[-83.141427,42.429826],[-83.141503,42.431606],[-83.140878,42.431618],[-83.140499,42.431626],[-83.140093,42.431633],[-83.138701,42.431659],[-83.138224,42.431667],[-83.13731,42.431679],[-83.135974,42.431694],[-83.13548,42.431699],[-83.134752,42.431707],[-83.133529,42.431721],[-83.132335,42.431739],[-83.131679,42.431747],[-83.131634,42.431748],[-83.1313,42.42443],[-83.131224,42.422748],[-83.13114,42.420953],[-83.131053,42.419123],[-83.131003,42.418038],[-83.130985,42.418],[-83.130964,42.417973],[-83.130846,42.417941],[-83.130802,42.417919],[-83.130764,42.417891],[-83.13066,42.417769],[-83.130639,42.417728],[-83.130627,42.417671],[-83.13063,42.417628],[-83.130642,42.417585],[-83.130668,42.417521],[-83.130707,42.417472],[-83.130797,42.41742],[-83.130832,42.417408],[-83.130855,42.417386],[-83.130862,42.417294]]]},"properties":{"OBJECTID":45,"council_district":2,"nhood_num":51,"nhood_name":"University District","Website":"https://theneighborhoods.org/neighborhoods/university-district"}},{"type":"Feature","id":46,"geometry":{"type":"Polygon","coordinates":[[[-82.998845,42.352213],[-82.99826,42.351328],[-82.997808,42.351491],[-82.997746,42.351501],[-82.99771,42.351499],[-82.997687,42.351493],[-82.99766,42.351486],[-82.997629,42.35147],[-82.997597,42.351441],[-82.997199,42.350858],[-82.996975,42.350518],[-82.996761,42.350185],[-82.997733,42.349557],[-82.998471,42.349056],[-82.999383,42.348459],[-83.00042,42.347868],[-83.001777,42.347287],[-83.002079,42.347158],[-83.003134,42.346704],[-83.004056,42.346311],[-83.004982,42.345815],[-83.006222,42.345307],[-83.006834,42.345044],[-83.007489,42.344762],[-83.008083,42.344507],[-83.008318,42.344405],[-83.008762,42.344214],[-83.009174,42.344037],[-83.010052,42.34366],[-83.010159,42.343943],[-83.010458,42.344404],[-83.01056,42.344544],[-83.010974,42.3452],[-83.01155,42.346069],[-83.011996,42.346745],[-83.012107,42.346926],[-83.012674,42.347699],[-83.014516,42.350553],[-83.015586,42.352167],[-83.015842,42.35256],[-83.017131,42.354506],[-83.017474,42.355026],[-83.017905,42.355677],[-83.018358,42.356367],[-83.018815,42.35706],[-83.019269,42.357746],[-83.019729,42.358443],[-83.020183,42.359129],[-83.020467,42.35956],[-83.020894,42.360206],[-83.021353,42.360899],[-83.021613,42.361291],[-83.02034,42.361753],[-83.01903,42.362233],[-83.018306,42.362494],[-83.01772,42.362705],[-83.016417,42.363179],[-83.015427,42.363543],[-83.014475,42.363893],[-83.01324,42.364348],[-83.013148,42.364383],[-83.013055,42.364417],[-83.011829,42.364867],[-83.011702,42.364914],[-83.010793,42.365247],[-83.010592,42.365321],[-83.009692,42.365649],[-83.008721,42.366004],[-83.008271,42.366171],[-83.007809,42.366343],[-83.007415,42.366489],[-83.007078,42.366614],[-83.006106,42.366978],[-83.005138,42.367364],[-83.004153,42.367761],[-83.002732,42.365785],[-83.001716,42.364375],[-83.001147,42.363588],[-82.999452,42.361236],[-82.998468,42.359868],[-82.998011,42.359234],[-82.997938,42.359172],[-82.998603,42.358909],[-82.998936,42.358777],[-82.999918,42.358389],[-83.00125,42.357861],[-83.00176,42.357674],[-83.002316,42.357472],[-83.001154,42.355743],[-83.001061,42.35559],[-83.000035,42.354042],[-82.999942,42.353896],[-82.998907,42.352351],[-82.998845,42.352213]]]},"properties":{"OBJECTID":46,"council_district":5,"nhood_num":127,"nhood_name":"Islandview","Website":"https://theneighborhoods.org/neighborhoods/islandview"}},{"type":"Feature","id":47,"geometry":{"type":"Polygon","coordinates":[[[-83.135817,42.293906],[-83.136406,42.293682],[-83.137025,42.293731],[-83.141255,42.293957],[-83.141674,42.294005],[-83.141889,42.294045],[-83.142098,42.294101],[-83.142637,42.294406],[-83.142478,42.294555],[-83.142318,42.294703],[-83.141848,42.29519],[-83.141686,42.29535],[-83.141563,42.295457],[-83.141276,42.296007],[-83.14093,42.29651],[-83.1407,42.297036],[-83.140528,42.297749],[-83.140403,42.299054],[-83.140525,42.299544],[-83.14077,42.300341],[-83.141419,42.301643],[-83.141652,42.302172],[-83.141929,42.303686],[-83.141953,42.304073],[-83.142239,42.304713],[-83.142281,42.304828],[-83.142438,42.305252],[-83.142494,42.305502],[-83.142499,42.305686],[-83.142478,42.305847],[-83.142394,42.305987],[-83.142233,42.306098],[-83.141356,42.306458],[-83.14118,42.306469],[-83.140966,42.306516],[-83.140807,42.30659],[-83.140683,42.306676],[-83.140584,42.306846],[-83.140682,42.307168],[-83.140754,42.307437],[-83.140723,42.307661],[-83.140606,42.307889],[-83.140423,42.308041],[-83.140042,42.30821],[-83.139874,42.308321],[-83.139775,42.308491],[-83.139717,42.308662],[-83.139737,42.308841],[-83.139807,42.309005],[-83.140484,42.310085],[-83.140534,42.310233],[-83.140555,42.310385],[-83.140589,42.310579],[-83.140682,42.310796],[-83.14078,42.311008],[-83.141767,42.312402],[-83.144221,42.315743],[-83.146118,42.318344],[-83.146312,42.318616],[-83.14681,42.319308],[-83.146948,42.319525],[-83.144619,42.31985],[-83.138647,42.320767],[-83.138381,42.320819],[-83.137555,42.320933],[-83.137043,42.320952],[-83.135584,42.320966],[-83.135339,42.320989],[-83.134722,42.321044],[-83.133703,42.321111],[-83.130668,42.321412],[-83.126436,42.322024],[-83.126366,42.32203],[-83.121617,42.322624],[-83.121363,42.322663],[-83.11727,42.323298],[-83.116227,42.32346],[-83.115664,42.323909],[-83.11518,42.324014],[-83.11436,42.322884],[-83.1132,42.321293],[-83.112093,42.319776],[-83.111471,42.318923],[-83.113647,42.315719],[-83.113712,42.315616],[-83.11462,42.314237],[-83.115031,42.313705],[-83.116615,42.311412],[-83.118037,42.309354],[-83.118243,42.309056],[-83.120176,42.306254],[-83.121697,42.304034],[-83.122982,42.302127],[-83.123781,42.300994],[-83.124425,42.30008],[-83.125345,42.298775],[-83.125314,42.298731],[-83.125252,42.29865],[-83.125203,42.298577],[-83.125107,42.298431],[-83.124933,42.29818],[-83.124815,42.298023],[-83.125185,42.297873],[-83.125599,42.297718],[-83.126167,42.297501],[-83.126243,42.297472],[-83.12726,42.29708],[-83.127856,42.296859],[-83.129553,42.296217],[-83.12988,42.296098],[-83.130908,42.295724],[-83.132211,42.295243],[-83.135817,42.293906]]]},"properties":{"OBJECTID":47,"council_district":6,"nhood_num":178,"nhood_name":"Springwells","Website":"https://theneighborhoods.org/neighborhoods/springwells"}},{"type":"Feature","id":48,"geometry":{"type":"Polygon","coordinates":[[[-83.245708,42.35738],[-83.24688,42.357364],[-83.246987,42.359119],[-83.247079,42.3609],[-83.247169,42.362682],[-83.24726,42.36454],[-83.245947,42.364559],[-83.245963,42.364643],[-83.246052,42.366971],[-83.246144,42.369479],[-83.246228,42.371829],[-83.244983,42.371845],[-83.243717,42.371861],[-83.242458,42.371872],[-83.24181,42.371875],[-83.241228,42.371873],[-83.240003,42.37187],[-83.238781,42.371873],[-83.237529,42.371879],[-83.236257,42.371891],[-83.235036,42.371906],[-83.233821,42.371925],[-83.232599,42.37195],[-83.231398,42.371966],[-83.23018,42.371984],[-83.228969,42.372008],[-83.227696,42.372029],[-83.227562,42.372031],[-83.226218,42.372078],[-83.225966,42.372078],[-83.225317,42.372093],[-83.224091,42.372122],[-83.222872,42.372132],[-83.221666,42.372157],[-83.220451,42.372181],[-83.219235,42.372207],[-83.218022,42.372234],[-83.217095,42.372252],[-83.216769,42.372255],[-83.216619,42.368878],[-83.216568,42.365259],[-83.216561,42.364729],[-83.216554,42.36418],[-83.216528,42.362192],[-83.216522,42.361149],[-83.216537,42.360863],[-83.216551,42.360579],[-83.216606,42.358858],[-83.216607,42.358434],[-83.216581,42.357845],[-83.216908,42.357837],[-83.217708,42.357827],[-83.218906,42.357811],[-83.220103,42.357793],[-83.221338,42.357775],[-83.222534,42.35776],[-83.223703,42.357744],[-83.224875,42.357727],[-83.226212,42.357709],[-83.227438,42.357692],[-83.228644,42.357675],[-83.229862,42.357658],[-83.231084,42.357641],[-83.232305,42.357624],[-83.23353,42.357607],[-83.23473,42.357591],[-83.235953,42.357573],[-83.237107,42.357544],[-83.237197,42.357544],[-83.238383,42.357526],[-83.239606,42.357502],[-83.24081,42.357477],[-83.242037,42.357453],[-83.242586,42.357437],[-83.243195,42.357427],[-83.243269,42.357426],[-83.244389,42.357406],[-83.244504,42.357402],[-83.245564,42.357383],[-83.245708,42.35738]]]},"properties":{"OBJECTID":48,"council_district":7,"nhood_num":207,"nhood_name":"Franklin Park","Website":"https://theneighborhoods.org/neighborhoods/franklin-park"}},{"type":"Feature","id":49,"geometry":{"type":"Polygon","coordinates":[[[-83.233884,42.378839],[-83.233185,42.378558],[-83.232808,42.37844],[-83.232461,42.378354],[-83.23218,42.37829],[-83.231853,42.378223],[-83.231472,42.378171],[-83.231265,42.378149],[-83.230807,42.378112],[-83.230807,42.378112],[-83.23098,42.377955],[-83.230981,42.377955],[-83.231012,42.377957],[-83.231088,42.377824],[-83.231189,42.377647],[-83.231203,42.377266],[-83.231092,42.376979],[-83.229377,42.374879],[-83.228727,42.37436],[-83.22658,42.372466],[-83.22647,42.372536],[-83.22645,42.372469],[-83.225966,42.372078],[-83.226218,42.372078],[-83.227562,42.372031],[-83.227696,42.372029],[-83.228969,42.372008],[-83.23018,42.371984],[-83.231398,42.371966],[-83.232599,42.37195],[-83.233821,42.371925],[-83.235036,42.371906],[-83.236257,42.371891],[-83.237529,42.371879],[-83.238781,42.371873],[-83.240003,42.37187],[-83.241228,42.371873],[-83.24181,42.371875],[-83.242458,42.371872],[-83.243717,42.371861],[-83.244983,42.371845],[-83.246228,42.371829],[-83.246305,42.374917],[-83.246341,42.376308],[-83.246388,42.378004],[-83.246411,42.378981],[-83.241433,42.379026],[-83.24019,42.379038],[-83.239935,42.379044],[-83.238955,42.379092],[-83.238873,42.379089],[-83.238349,42.379045],[-83.238106,42.379012],[-83.237743,42.378951],[-83.237263,42.378872],[-83.237117,42.378824],[-83.236952,42.378776],[-83.236556,42.378664],[-83.236561,42.378763],[-83.236571,42.378925],[-83.236591,42.379236],[-83.236614,42.379659],[-83.236625,42.379851],[-83.236634,42.380031],[-83.236646,42.380256],[-83.236653,42.380462],[-83.236506,42.380366],[-83.235494,42.379708],[-83.234897,42.37936],[-83.234494,42.37914],[-83.234199,42.379],[-83.233884,42.378839]]]},"properties":{"OBJECTID":49,"council_district":7,"nhood_num":184,"nhood_name":"Weatherby","Website":"https://theneighborhoods.org/neighborhoods/weatherby"}},{"type":"Feature","id":50,"geometry":{"type":"Polygon","coordinates":[[[-83.268453,42.378694],[-83.274986,42.378518],[-83.275021,42.379917],[-83.275056,42.380928],[-83.275134,42.383378],[-83.275186,42.384869],[-83.275202,42.385264],[-83.275208,42.385468],[-83.273608,42.385504],[-83.272505,42.385545],[-83.271779,42.385584],[-83.271116,42.385632],[-83.271006,42.385639],[-83.27062,42.385664],[-83.269647,42.385737],[-83.268653,42.385772],[-83.267072,42.385775],[-83.266827,42.385776],[-83.265226,42.385792],[-83.26323,42.385829],[-83.262602,42.385822],[-83.261314,42.385788],[-83.261097,42.385781],[-83.2607,42.385769],[-83.260695,42.38323],[-83.260741,42.383199],[-83.260819,42.383136],[-83.260891,42.383068],[-83.260976,42.382973],[-83.261032,42.382897],[-83.261093,42.382792],[-83.261129,42.382711],[-83.261164,42.382599],[-83.261189,42.382429],[-83.261124,42.379929],[-83.261107,42.378996],[-83.261105,42.378875],[-83.266547,42.378741],[-83.266661,42.378738],[-83.266662,42.378738],[-83.268453,42.378694]]]},"properties":{"OBJECTID":50,"council_district":1,"nhood_num":25,"nhood_name":"Castle Rouge","Website":"https://theneighborhoods.org/neighborhoods/castle-rouge"}},{"type":"Feature","id":51,"geometry":{"type":"Polygon","coordinates":[[[-83.2607,42.385769],[-83.261097,42.385781],[-83.261314,42.385788],[-83.262602,42.385822],[-83.26323,42.385829],[-83.265226,42.385792],[-83.266827,42.385776],[-83.267072,42.385775],[-83.268653,42.385772],[-83.269647,42.385737],[-83.27062,42.385664],[-83.271006,42.385639],[-83.271116,42.385632],[-83.271779,42.385584],[-83.272505,42.385545],[-83.273608,42.385504],[-83.275208,42.385468],[-83.275231,42.385837],[-83.275302,42.388698],[-83.275361,42.39019],[-83.275432,42.391985],[-83.275451,42.392458],[-83.275465,42.392808],[-83.264133,42.39299],[-83.262824,42.393011],[-83.261519,42.393034],[-83.260868,42.393041],[-83.260779,42.390637],[-83.260706,42.388244],[-83.2607,42.385769]]]},"properties":{"OBJECTID":51,"council_district":1,"nhood_num":26,"nhood_name":"Eliza Howell","Website":"https://theneighborhoods.org/neighborhoods/eliza-howell"}},{"type":"Feature","id":52,"geometry":{"type":"Polygon","coordinates":[[[-83.130427,42.417303],[-83.130862,42.417294],[-83.130855,42.417386],[-83.130832,42.417408],[-83.130797,42.41742],[-83.130707,42.417472],[-83.130668,42.417521],[-83.130642,42.417585],[-83.13063,42.417628],[-83.130627,42.417671],[-83.130639,42.417728],[-83.13066,42.417769],[-83.130764,42.417891],[-83.130802,42.417919],[-83.130846,42.417941],[-83.130964,42.417973],[-83.130985,42.418],[-83.131003,42.418038],[-83.131053,42.419123],[-83.13114,42.420953],[-83.131224,42.422748],[-83.1313,42.42443],[-83.131634,42.431748],[-83.131345,42.431752],[-83.129753,42.431797],[-83.129346,42.431809],[-83.128011,42.431849],[-83.127788,42.431655],[-83.127769,42.431562],[-83.1277,42.431438],[-83.12761,42.431322],[-83.127463,42.431182],[-83.127085,42.430869],[-83.126599,42.430456],[-83.126278,42.430159],[-83.126095,42.429976],[-83.125862,42.429725],[-83.125713,42.429553],[-83.125512,42.429303],[-83.12537,42.429111],[-83.125218,42.428888],[-83.124883,42.428358],[-83.124614,42.42786],[-83.124534,42.427694],[-83.124378,42.427337],[-83.124151,42.426759],[-83.123987,42.426386],[-83.123783,42.425979],[-83.123528,42.425532],[-83.123277,42.425141],[-83.122981,42.424724],[-83.122701,42.424374],[-83.122378,42.424009],[-83.122004,42.423617],[-83.121798,42.423411],[-83.121622,42.423258],[-83.121429,42.423116],[-83.121305,42.423038],[-83.121129,42.422938],[-83.120535,42.42262],[-83.12012,42.422346],[-83.119942,42.422242],[-83.119816,42.422182],[-83.119706,42.422139],[-83.119592,42.422101],[-83.119476,42.422069],[-83.118212,42.420204],[-83.117279,42.418814],[-83.117006,42.418418],[-83.11644,42.417579],[-83.118932,42.417538],[-83.1208,42.417508],[-83.121932,42.417482],[-83.122335,42.417473],[-83.122515,42.417469],[-83.123123,42.417456],[-83.124349,42.417429],[-83.12576,42.417399],[-83.12699,42.417373],[-83.128149,42.417349],[-83.129263,42.417327],[-83.130427,42.417303]]]},"properties":{"OBJECTID":52,"council_district":2,"nhood_num":50,"nhood_name":"Detroit Golf","Website":"https://theneighborhoods.org/neighborhoods/detroit-golf"}},{"type":"Feature","id":53,"geometry":{"type":"Polygon","coordinates":[[[-83.275558,42.395191],[-83.275673,42.398168],[-83.275725,42.400096],[-83.275787,42.401776],[-83.275814,42.403708],[-83.275879,42.405407],[-83.275941,42.407281],[-83.276681,42.407278],[-83.276686,42.407458],[-83.275487,42.407506],[-83.275098,42.4075],[-83.275076,42.407508],[-83.270683,42.407426],[-83.263751,42.407522],[-83.263689,42.407479],[-83.263644,42.407461],[-83.263596,42.407448],[-83.263546,42.407441],[-83.263384,42.407442],[-83.26204,42.407439],[-83.260802,42.407432],[-83.259594,42.407442],[-83.258385,42.407456],[-83.257838,42.407461],[-83.257118,42.407468],[-83.256283,42.407482],[-83.255884,42.407495],[-83.25468,42.407538],[-83.253502,42.407565],[-83.252891,42.407586],[-83.252294,42.407602],[-83.250711,42.407632],[-83.249625,42.407652],[-83.248545,42.407672],[-83.247435,42.407694],[-83.24629,42.407716],[-83.245178,42.407737],[-83.244061,42.407758],[-83.242947,42.407781],[-83.241853,42.407803],[-83.240766,42.407824],[-83.239857,42.407842],[-83.239672,42.407845],[-83.238783,42.407861],[-83.238325,42.407869],[-83.237743,42.407896],[-83.237671,42.406079],[-83.237588,42.404291],[-83.237507,42.402486],[-83.237425,42.40067],[-83.237323,42.398093],[-83.237313,42.397891],[-83.237231,42.395796],[-83.237138,42.393478],[-83.237067,42.391709],[-83.237041,42.391055],[-83.236947,42.388658],[-83.236924,42.388014],[-83.236904,42.387691],[-83.236871,42.386688],[-83.236851,42.386254],[-83.236815,42.38551],[-83.236807,42.384687],[-83.236774,42.383952],[-83.236727,42.382654],[-83.236717,42.382444],[-83.236698,42.38204],[-83.23669,42.381196],[-83.236673,42.380825],[-83.23667,42.380769],[-83.236665,42.380667],[-83.236658,42.380548],[-83.236653,42.380462],[-83.236646,42.380256],[-83.236634,42.380031],[-83.236625,42.379851],[-83.236614,42.379659],[-83.236591,42.379236],[-83.236571,42.378925],[-83.236561,42.378763],[-83.236556,42.378664],[-83.236952,42.378776],[-83.237117,42.378824],[-83.237263,42.378872],[-83.237743,42.378951],[-83.238106,42.379012],[-83.238349,42.379045],[-83.238873,42.379089],[-83.238955,42.379092],[-83.239935,42.379044],[-83.24019,42.379038],[-83.241433,42.379026],[-83.246411,42.378981],[-83.255852,42.378916],[-83.261104,42.378822],[-83.261105,42.378875],[-83.261107,42.378996],[-83.261124,42.379929],[-83.261189,42.382429],[-83.261164,42.382599],[-83.261129,42.382711],[-83.261093,42.382792],[-83.261032,42.382897],[-83.260976,42.382973],[-83.260891,42.383068],[-83.260819,42.383136],[-83.260741,42.383199],[-83.260695,42.38323],[-83.2607,42.385769],[-83.260706,42.388244],[-83.260779,42.390637],[-83.260868,42.393041],[-83.261519,42.393034],[-83.262824,42.393011],[-83.264133,42.39299],[-83.275465,42.392808],[-83.275558,42.395191]]]},"properties":{"OBJECTID":53,"council_district":1,"nhood_num":24,"nhood_name":"Brightmoor","Website":"https://theneighborhoods.org/neighborhoods/brightmoor"}},{"type":"Feature","id":54,"geometry":{"type":"Polygon","coordinates":[[[-83.09559,42.344192],[-83.094929,42.343051],[-83.093885,42.341296],[-83.092877,42.339624],[-83.09198,42.338103],[-83.091127,42.336676],[-83.090776,42.336225],[-83.090789,42.336221],[-83.090681,42.33609],[-83.090223,42.335505],[-83.090034,42.33528],[-83.089297,42.334513],[-83.088758,42.333965],[-83.08809,42.333342],[-83.087899,42.333183],[-83.087698,42.333031],[-83.087486,42.332887],[-83.087226,42.332731],[-83.087053,42.332615],[-83.086415,42.332323],[-83.085797,42.332123],[-83.085689,42.332099],[-83.085253,42.332042],[-83.084872,42.332016],[-83.084902,42.331997],[-83.08494,42.331944],[-83.085284,42.331466],[-83.085285,42.331465],[-83.0856,42.33146],[-83.08685,42.331455],[-83.087677,42.331452],[-83.089226,42.331446],[-83.090499,42.331437],[-83.091981,42.331427],[-83.093148,42.331421],[-83.094273,42.33141],[-83.095084,42.331366],[-83.095096,42.331368],[-83.09543,42.331341],[-83.095856,42.331316],[-83.096796,42.331271],[-83.098536,42.331264],[-83.099563,42.331319],[-83.101364,42.331306],[-83.102309,42.331292],[-83.102498,42.331292],[-83.102686,42.331291],[-83.102829,42.331296],[-83.10301,42.331291],[-83.10449,42.331202],[-83.105826,42.331191],[-83.107394,42.331199],[-83.108164,42.331194],[-83.108951,42.331188],[-83.109515,42.331184],[-83.11064,42.331176],[-83.111474,42.33117],[-83.111769,42.331166],[-83.113037,42.331159],[-83.113999,42.331154],[-83.114715,42.33115],[-83.115529,42.331148],[-83.116519,42.331141],[-83.116813,42.331138],[-83.118839,42.331118],[-83.119975,42.331107],[-83.120338,42.331112],[-83.120786,42.331732],[-83.121338,42.332485],[-83.12167,42.33294],[-83.122198,42.333664],[-83.122726,42.33439],[-83.123261,42.335127],[-83.123761,42.335816],[-83.124328,42.336598],[-83.124615,42.336992],[-83.124856,42.337325],[-83.12494,42.337444],[-83.125011,42.337539],[-83.125162,42.337747],[-83.125466,42.338165],[-83.125595,42.338342],[-83.125738,42.33854],[-83.126292,42.339302],[-83.126851,42.340073],[-83.127399,42.340829],[-83.127956,42.341595],[-83.128539,42.342396],[-83.129074,42.343124],[-83.129172,42.343253],[-83.129706,42.343854],[-83.130165,42.34437],[-83.130381,42.344638],[-83.127042,42.344448],[-83.12682,42.344446],[-83.12632,42.344458],[-83.124861,42.34448],[-83.124468,42.344493],[-83.12368,42.34451],[-83.123044,42.344518],[-83.1225,42.344528],[-83.122316,42.344527],[-83.12177,42.344542],[-83.12139,42.344548],[-83.120502,42.344564],[-83.120283,42.344568],[-83.119207,42.344587],[-83.1185,42.344603],[-83.117776,42.344614],[-83.116285,42.344641],[-83.114541,42.344673],[-83.113911,42.344686],[-83.113453,42.344693],[-83.113042,42.345035],[-83.112965,42.345096],[-83.112659,42.345335],[-83.112164,42.345698],[-83.111888,42.345881],[-83.111616,42.346021],[-83.111377,42.346153],[-83.111108,42.34629],[-83.11061,42.346514],[-83.110005,42.346768],[-83.109655,42.346899],[-83.109271,42.347053],[-83.106562,42.347891],[-83.106412,42.347938],[-83.106299,42.347973],[-83.106056,42.348048],[-83.105107,42.348344],[-83.104268,42.348609],[-83.103944,42.348712],[-83.103244,42.348926],[-83.101942,42.349337],[-83.100942,42.349652],[-83.100572,42.349774],[-83.100009,42.349954],[-83.099341,42.350159],[-83.099339,42.35016],[-83.099241,42.350055],[-83.099142,42.34994],[-83.098937,42.349687],[-83.098601,42.349255],[-83.098051,42.34841],[-83.097288,42.347133],[-83.096685,42.346099],[-83.09559,42.344192]]]},"properties":{"OBJECTID":54,"council_district":6,"nhood_num":160,"nhood_name":"Chadsey Condon","Website":"https://theneighborhoods.org/neighborhoods/chadsey-condon"}},{"type":"Feature","id":55,"geometry":{"type":"Polygon","coordinates":[[[-83.079957,42.354234],[-83.079346,42.353173],[-83.078728,42.352094],[-83.078102,42.351006],[-83.077483,42.34993],[-83.076863,42.348846],[-83.076425,42.348082],[-83.075262,42.348444],[-83.074668,42.348629],[-83.074233,42.347878],[-83.073803,42.347138],[-83.073544,42.346696],[-83.073396,42.346432],[-83.073369,42.346314],[-83.073286,42.346166],[-83.073062,42.345794],[-83.072535,42.344889],[-83.072477,42.344798],[-83.071925,42.343842],[-83.071572,42.343232],[-83.0711,42.342409],[-83.071691,42.342223],[-83.072578,42.341949],[-83.073005,42.342121],[-83.073535,42.342333],[-83.074002,42.342529],[-83.07478,42.342836],[-83.074891,42.342881],[-83.075466,42.343113],[-83.076016,42.343335],[-83.07678,42.343643],[-83.077624,42.343984],[-83.07776,42.344039],[-83.078761,42.344444],[-83.079624,42.344791],[-83.079624,42.344791],[-83.08119,42.345422],[-83.081566,42.345574],[-83.081819,42.345679],[-83.082475,42.34594],[-83.082823,42.346081],[-83.083515,42.34636],[-83.084965,42.346943],[-83.085515,42.347164],[-83.087183,42.347839],[-83.08793,42.348143],[-83.08879,42.348489],[-83.089352,42.348713],[-83.090172,42.349044],[-83.090508,42.34918],[-83.090507,42.349182],[-83.090727,42.349271],[-83.094221,42.350683],[-83.095744,42.351293],[-83.095734,42.351296],[-83.094865,42.351575],[-83.093788,42.351918],[-83.090491,42.352958],[-83.089051,42.353408],[-83.088981,42.353289],[-83.087697,42.353697],[-83.087275,42.353842],[-83.086742,42.353999],[-83.086731,42.354002],[-83.085733,42.354309],[-83.085116,42.354498],[-83.084782,42.3546],[-83.084499,42.354687],[-83.084276,42.354759],[-83.084091,42.354819],[-83.08359,42.354991],[-83.083141,42.355137],[-83.083016,42.355181],[-83.082809,42.355253],[-83.08248,42.355375],[-83.081947,42.355589],[-83.081307,42.355882],[-83.080993,42.356037],[-83.080844,42.355779],[-83.080695,42.355517],[-83.079957,42.354234]]]},"properties":{"OBJECTID":55,"council_district":6,"nhood_num":162,"nhood_name":"Woodbridge","Website":"https://theneighborhoods.org/neighborhoods/woodbridge"}},{"type":"Feature","id":56,"geometry":{"type":"Polygon","coordinates":[[[-83.200385,42.442517],[-83.200314,42.441212],[-83.200169,42.437623],[-83.200096,42.435854],[-83.200091,42.435738],[-83.200018,42.434006],[-83.199939,42.432199],[-83.199866,42.430422],[-83.199874,42.430422],[-83.200963,42.430402],[-83.201307,42.430395],[-83.202049,42.43038],[-83.202899,42.430365],[-83.203125,42.430363],[-83.204136,42.430351],[-83.205253,42.430338],[-83.206312,42.430326],[-83.207364,42.430312],[-83.208463,42.430296],[-83.209594,42.430275],[-83.21063,42.430257],[-83.21173,42.430226],[-83.212771,42.430196],[-83.213895,42.430165],[-83.215022,42.430134],[-83.216117,42.430104],[-83.217181,42.430075],[-83.218145,42.430037],[-83.218262,42.430037],[-83.218893,42.430027],[-83.219233,42.43002],[-83.219311,42.432052],[-83.219332,42.432604],[-83.219369,42.433632],[-83.21954,42.437237],[-83.219579,42.43798],[-83.219637,42.439426],[-83.219659,42.439981],[-83.219682,42.440539],[-83.219685,42.440749],[-83.219685,42.440772],[-83.219682,42.441038],[-83.219681,42.441118],[-83.219701,42.441948],[-83.219681,42.442641],[-83.219649,42.443389],[-83.219632,42.443991],[-83.219626,42.444176],[-83.219292,42.444183],[-83.219278,42.444183],[-83.217097,42.444239],[-83.21673,42.444244],[-83.216121,42.444259],[-83.214943,42.444288],[-83.213759,42.44432],[-83.212572,42.444354],[-83.211378,42.444381],[-83.210922,42.444395],[-83.210214,42.444409],[-83.209093,42.444458],[-83.208772,42.444501],[-83.20859,42.444518],[-83.20838,42.444537],[-83.208081,42.444562],[-83.207962,42.444571],[-83.207699,42.444588],[-83.206921,42.444602],[-83.205887,42.444626],[-83.205135,42.44464],[-83.204789,42.444648],[-83.204638,42.444651],[-83.203937,42.444673],[-83.203794,42.444677],[-83.203554,42.444684],[-83.203489,42.444685],[-83.203297,42.444688],[-83.203156,42.444565],[-83.202986,42.444439],[-83.202734,42.444254],[-83.202417,42.444031],[-83.20241,42.444028],[-83.202283,42.443936],[-83.202267,42.443925],[-83.201021,42.442989],[-83.200675,42.442732],[-83.200393,42.442523],[-83.200385,42.442517]]]},"properties":{"OBJECTID":56,"council_district":2,"nhood_num":33,"nhood_name":"Greenfield","Website":"https://theneighborhoods.org/neighborhoods/greenfield"}},{"type":"Feature","id":57,"geometry":{"type":"Polygon","coordinates":[[[-83.127442,42.391012],[-83.130873,42.389743],[-83.133285,42.388811],[-83.135372,42.388044],[-83.136997,42.38741],[-83.138621,42.386775],[-83.139036,42.386715],[-83.139548,42.386691],[-83.13954,42.386493],[-83.139505,42.385687],[-83.139469,42.384822],[-83.139456,42.384499],[-83.139439,42.384089],[-83.139431,42.383889],[-83.139393,42.382931],[-83.139349,42.38191],[-83.139317,42.381185],[-83.139303,42.380821],[-83.139285,42.380388],[-83.13926,42.379777],[-83.139241,42.379294],[-83.139221,42.378818],[-83.139207,42.378483],[-83.139199,42.378288],[-83.139109,42.37614],[-83.139071,42.375253],[-83.139034,42.374346],[-83.138999,42.373515],[-83.138971,42.372829],[-83.138957,42.372508],[-83.13894,42.372099],[-83.13892,42.371623],[-83.138908,42.371332],[-83.138888,42.370866],[-83.138856,42.370058],[-83.138802,42.368665],[-83.138784,42.368218],[-83.138767,42.36777],[-83.138751,42.367398],[-83.138741,42.36717],[-83.139886,42.367557],[-83.139986,42.367596],[-83.140993,42.367972],[-83.141977,42.368356],[-83.142221,42.368475],[-83.142759,42.368768],[-83.143039,42.368939],[-83.143325,42.369134],[-83.143727,42.369434],[-83.144015,42.369685],[-83.144334,42.369979],[-83.144571,42.370242],[-83.144859,42.370594],[-83.145094,42.37091],[-83.145375,42.37131],[-83.145945,42.371547],[-83.146551,42.371792],[-83.147858,42.37232],[-83.148901,42.372742],[-83.15072,42.373468],[-83.1507,42.373605],[-83.150602,42.373873],[-83.150067,42.375003],[-83.149623,42.375949],[-83.149381,42.376455],[-83.14932,42.376537],[-83.149242,42.376606],[-83.149162,42.376657],[-83.149075,42.376696],[-83.148982,42.376724],[-83.148884,42.376742],[-83.148766,42.376749],[-83.147997,42.376763],[-83.147184,42.376766],[-83.146797,42.376767],[-83.14669,42.376784],[-83.146605,42.376806],[-83.146527,42.376832],[-83.146473,42.376858],[-83.146422,42.376892],[-83.146406,42.377228],[-83.146365,42.378098],[-83.146358,42.378405],[-83.146341,42.378673],[-83.146339,42.378864],[-83.146346,42.379055],[-83.146356,42.379163],[-83.14638,42.379503],[-83.146445,42.379828],[-83.146596,42.380288],[-83.14677,42.380662],[-83.146963,42.381026],[-83.147015,42.381126],[-83.147084,42.381259],[-83.147105,42.381292],[-83.147267,42.381564],[-83.147609,42.382003],[-83.147802,42.382213],[-83.147996,42.382392],[-83.148361,42.382694],[-83.14884,42.383051],[-83.14902,42.383164],[-83.149022,42.383373],[-83.14903,42.38344],[-83.149148,42.384497],[-83.149174,42.384722],[-83.149174,42.384898],[-83.149169,42.386174],[-83.149167,42.386324],[-83.149195,42.388485],[-83.149196,42.388563],[-83.149207,42.388703],[-83.149211,42.38934],[-83.148915,42.389896],[-83.148711,42.390104],[-83.148432,42.390228],[-83.148161,42.390343],[-83.147906,42.390382],[-83.147765,42.390419],[-83.147673,42.390449],[-83.147152,42.390438],[-83.146679,42.390461],[-83.146523,42.390473],[-83.146469,42.390478],[-83.146128,42.390508],[-83.145895,42.390526],[-83.145425,42.390652],[-83.139816,42.392626],[-83.139846,42.393312],[-83.137023,42.394381],[-83.134401,42.39537],[-83.134867,42.396376],[-83.134904,42.396454],[-83.13494,42.396533],[-83.134622,42.396645],[-83.133697,42.396954],[-83.133027,42.397164],[-83.131642,42.397573],[-83.131531,42.397615],[-83.130336,42.398124],[-83.12914,42.398632],[-83.128127,42.399063],[-83.126558,42.399772],[-83.123276,42.400839],[-83.117736,42.402641],[-83.117488,42.402728],[-83.117389,42.402663],[-83.117021,42.402425],[-83.115924,42.401686],[-83.115852,42.401637],[-83.115777,42.401587],[-83.114625,42.400809],[-83.114164,42.400509],[-83.113437,42.400035],[-83.112661,42.399529],[-83.111839,42.398974],[-83.111577,42.398798],[-83.11111,42.398469],[-83.110592,42.398104],[-83.111178,42.397779],[-83.111469,42.397591],[-83.111609,42.397497],[-83.112084,42.397156],[-83.112292,42.396988],[-83.112574,42.396752],[-83.113127,42.396362],[-83.113195,42.396299],[-83.114577,42.395784],[-83.11604,42.395239],[-83.116749,42.394974],[-83.117888,42.39456],[-83.118616,42.394285],[-83.119133,42.394094],[-83.12203,42.393019],[-83.124733,42.392013],[-83.124931,42.39194],[-83.127253,42.391078],[-83.127442,42.391012]]]},"properties":{"OBJECTID":57,"council_district":7,"nhood_num":195,"nhood_name":"Oakman Blvd Community","Website":"https://theneighborhoods.org/neighborhoods/oakman-blvd-community"}},{"type":"Feature","id":58,"geometry":{"type":"Polygon","coordinates":[[[-83.130964,42.364811],[-83.131164,42.364528],[-83.131168,42.36453],[-83.131298,42.364361],[-83.131295,42.364355],[-83.133401,42.365134],[-83.134445,42.365536],[-83.13544,42.365919],[-83.13803,42.366876],[-83.138741,42.36717],[-83.138751,42.367398],[-83.138767,42.36777],[-83.138784,42.368218],[-83.138802,42.368665],[-83.138856,42.370058],[-83.138888,42.370866],[-83.138908,42.371332],[-83.13892,42.371623],[-83.13894,42.372099],[-83.138957,42.372508],[-83.138971,42.372829],[-83.138999,42.373515],[-83.139034,42.374346],[-83.139071,42.375253],[-83.139109,42.37614],[-83.139199,42.378288],[-83.139207,42.378483],[-83.139141,42.378507],[-83.138687,42.378674],[-83.138654,42.378686],[-83.138402,42.378778],[-83.138345,42.378799],[-83.138287,42.378821],[-83.138171,42.378863],[-83.138055,42.378906],[-83.137938,42.378949],[-83.137822,42.378992],[-83.137707,42.379034],[-83.137587,42.379078],[-83.137468,42.379122],[-83.137348,42.379166],[-83.137229,42.379209],[-83.137109,42.379254],[-83.136991,42.379297],[-83.136871,42.379341],[-83.136752,42.379385],[-83.136672,42.379415],[-83.136632,42.379429],[-83.134532,42.380193],[-83.13412,42.38035],[-83.134056,42.380385],[-83.13394,42.380428],[-83.133824,42.38047],[-83.133674,42.380525],[-83.133459,42.380602],[-83.133337,42.380648],[-83.133221,42.380692],[-83.133106,42.380735],[-83.133,42.380775],[-83.13299,42.380779],[-83.132875,42.380822],[-83.13276,42.380865],[-83.13267,42.380899],[-83.132642,42.380905],[-83.132529,42.380953],[-83.132505,42.380962],[-83.132408,42.380998],[-83.132293,42.381041],[-83.132175,42.381085],[-83.132066,42.381126],[-83.132025,42.381142],[-83.131951,42.38117],[-83.131877,42.381198],[-83.131836,42.381213],[-83.131719,42.381256],[-83.131606,42.381299],[-83.131489,42.381343],[-83.131372,42.381387],[-83.131254,42.381432],[-83.131133,42.381477],[-83.131062,42.381503],[-83.13095,42.381546],[-83.130813,42.381602],[-83.129194,42.382207],[-83.12904,42.382276],[-83.127064,42.383007],[-83.127038,42.38302],[-83.126642,42.383168],[-83.126503,42.383247],[-83.126313,42.382966],[-83.126225,42.382837],[-83.125869,42.382309],[-83.125675,42.382022],[-83.125425,42.381651],[-83.125108,42.381181],[-83.124986,42.381001],[-83.124534,42.380333],[-83.124074,42.379652],[-83.123995,42.379534],[-83.123618,42.378977],[-83.123448,42.378725],[-83.123165,42.378307],[-83.122897,42.37791],[-83.12271,42.377633],[-83.122348,42.377097],[-83.122254,42.37696],[-83.121787,42.376273],[-83.121306,42.375565],[-83.120836,42.374872],[-83.120337,42.374136],[-83.119848,42.373416],[-83.119727,42.373237],[-83.1194,42.372755],[-83.118956,42.372102],[-83.118495,42.371426],[-83.118053,42.370775],[-83.117631,42.37015],[-83.11937,42.369493],[-83.119928,42.369282],[-83.120254,42.369158],[-83.121136,42.368828],[-83.12159,42.368659],[-83.122059,42.368483],[-83.122498,42.368318],[-83.12313,42.368079],[-83.12338,42.367985],[-83.123696,42.367866],[-83.124503,42.367566],[-83.124899,42.367417],[-83.125833,42.367057],[-83.126568,42.366779],[-83.126913,42.366637],[-83.12781,42.366307],[-83.128705,42.365968],[-83.130489,42.365307],[-83.130597,42.365261],[-83.130674,42.365208],[-83.130881,42.364926],[-83.130964,42.364811]]]},"properties":{"OBJECTID":58,"council_district":7,"nhood_num":197,"nhood_name":"Nardin Park","Website":"https://theneighborhoods.org/neighborhoods/nardin-park"}},{"type":"Feature","id":59,"geometry":{"type":"Polygon","coordinates":[[[-83.113428,42.363957],[-83.112936,42.363229],[-83.11244,42.362487],[-83.111958,42.361771],[-83.111476,42.361055],[-83.110994,42.360337],[-83.110515,42.359625],[-83.110023,42.358895],[-83.109514,42.358139],[-83.109068,42.35747],[-83.108843,42.357133],[-83.109286,42.356966],[-83.109559,42.356857],[-83.109852,42.356739],[-83.11021,42.356584],[-83.110323,42.356526],[-83.110492,42.356427],[-83.110675,42.356298],[-83.110723,42.356216],[-83.110799,42.356125],[-83.110875,42.356057],[-83.111012,42.355954],[-83.111396,42.356142],[-83.112293,42.356581],[-83.113156,42.357005],[-83.113852,42.357346],[-83.115126,42.357959],[-83.115913,42.358308],[-83.116175,42.358442],[-83.117267,42.358893],[-83.118554,42.359415],[-83.120085,42.360036],[-83.121336,42.360543],[-83.122536,42.361029],[-83.123057,42.36124],[-83.124995,42.362006],[-83.125991,42.362386],[-83.126561,42.362621],[-83.127579,42.362989],[-83.12772,42.363038],[-83.12776,42.363052],[-83.127797,42.363066],[-83.129268,42.363605],[-83.131295,42.364355],[-83.131298,42.364361],[-83.131168,42.36453],[-83.131164,42.364528],[-83.130964,42.364811],[-83.130881,42.364926],[-83.130674,42.365208],[-83.130597,42.365261],[-83.130489,42.365307],[-83.128705,42.365968],[-83.12781,42.366307],[-83.126913,42.366637],[-83.126568,42.366779],[-83.125833,42.367057],[-83.124899,42.367417],[-83.124503,42.367566],[-83.123696,42.367866],[-83.12338,42.367985],[-83.12313,42.368079],[-83.122498,42.368318],[-83.122059,42.368483],[-83.12159,42.368659],[-83.121136,42.368828],[-83.120254,42.369158],[-83.119928,42.369282],[-83.11937,42.369493],[-83.117631,42.37015],[-83.117179,42.369483],[-83.116737,42.368831],[-83.116284,42.368163],[-83.115818,42.367476],[-83.115339,42.366771],[-83.11486,42.366064],[-83.11438,42.365359],[-83.113904,42.364657],[-83.113428,42.363957]]]},"properties":{"OBJECTID":59,"council_district":5,"nhood_num":156,"nhood_name":"Petoskey-Otsego","Website":"https://theneighborhoods.org/neighborhoods/petoskey-otsego"}},{"type":"Feature","id":60,"geometry":{"type":"Polygon","coordinates":[[[-83.085356,42.388191],[-83.084943,42.387579],[-83.084129,42.386366],[-83.083695,42.385721],[-83.083524,42.385468],[-83.083423,42.385318],[-83.08294,42.384602],[-83.082774,42.384356],[-83.08263,42.384142],[-83.08264,42.384142],[-83.085661,42.383052],[-83.088644,42.381954],[-83.090959,42.38108],[-83.090959,42.38108],[-83.091601,42.380884],[-83.091979,42.380769],[-83.094512,42.379803],[-83.097453,42.378747],[-83.100396,42.377685],[-83.103755,42.376439],[-83.106451,42.375438],[-83.109372,42.374342],[-83.109661,42.374781],[-83.11023,42.375652],[-83.11079,42.376503],[-83.110912,42.376681],[-83.111425,42.377469],[-83.111571,42.377691],[-83.111687,42.377867],[-83.111904,42.378203],[-83.112022,42.378388],[-83.112022,42.378388],[-83.110633,42.378904],[-83.109102,42.379473],[-83.106402,42.380481],[-83.100193,42.382756],[-83.099167,42.38314],[-83.098581,42.383359],[-83.098361,42.383436],[-83.098299,42.383458],[-83.097259,42.383824],[-83.094346,42.384872],[-83.09463,42.385287],[-83.091634,42.386391],[-83.088653,42.387495],[-83.086175,42.388412],[-83.085636,42.388605],[-83.085356,42.388191]]]},"properties":{"OBJECTID":60,"council_district":5,"nhood_num":147,"nhood_name":"Boston Edison","Website":"https://theneighborhoods.org/neighborhoods/boston-edison"}},{"type":"Feature","id":61,"geometry":{"type":"Polygon","coordinates":[[[-83.075168,42.402282],[-83.076177,42.401924],[-83.080828,42.407593],[-83.081149,42.40778],[-83.081404,42.408096],[-83.08148,42.408189],[-83.081344,42.408229],[-83.080842,42.408367],[-83.079981,42.408567],[-83.079774,42.408613],[-83.079546,42.408656],[-83.079297,42.408721],[-83.079166,42.40875],[-83.078196,42.408968],[-83.077227,42.409187],[-83.077009,42.409236],[-83.075853,42.409541],[-83.075434,42.409671],[-83.075021,42.409811],[-83.074716,42.409924],[-83.07375,42.410309],[-83.073327,42.410507],[-83.072863,42.410753],[-83.072839,42.410766],[-83.072467,42.410959],[-83.071723,42.411422],[-83.071571,42.411516],[-83.070972,42.411922],[-83.070391,42.412316],[-83.07023,42.412432],[-83.07006,42.412536],[-83.069979,42.412586],[-83.069718,42.412731],[-83.069449,42.412867],[-83.069143,42.413006],[-83.068843,42.413129],[-83.068425,42.413292],[-83.067559,42.413606],[-83.066839,42.413825],[-83.066682,42.413864],[-83.065693,42.414107],[-83.065398,42.41418],[-83.064754,42.414346],[-83.064071,42.414557],[-83.063792,42.414652],[-83.063348,42.414818],[-83.063248,42.414859],[-83.062418,42.415197],[-83.061487,42.415521],[-83.059982,42.413297],[-83.058779,42.411507],[-83.05856,42.411185],[-83.058275,42.410766],[-83.057788,42.410045],[-83.057299,42.409319],[-83.057071,42.408981],[-83.057988,42.408644],[-83.058914,42.408304],[-83.059797,42.407982],[-83.060333,42.407784],[-83.060696,42.407651],[-83.061221,42.407462],[-83.061573,42.407329],[-83.062085,42.40714],[-83.062448,42.407008],[-83.062927,42.406834],[-83.063325,42.406688],[-83.064284,42.406334],[-83.065864,42.405753],[-83.066756,42.405425],[-83.067627,42.405105],[-83.068785,42.404678],[-83.069218,42.404518],[-83.070194,42.404161],[-83.071173,42.403799],[-83.072137,42.403446],[-83.072477,42.403296],[-83.072743,42.403177],[-83.073115,42.403012],[-83.073457,42.402908],[-83.074015,42.402705],[-83.074296,42.402602],[-83.074576,42.402498],[-83.075168,42.402282]]]},"properties":{"OBJECTID":61,"council_district":3,"nhood_num":81,"nhood_name":"Campau/Banglatown","Website":"https://theneighborhoods.org/neighborhoods/campau/banglatown"}},{"type":"Feature","id":62,"geometry":{"type":"Polygon","coordinates":[[[-83.062706,42.425901],[-83.063717,42.425885],[-83.063882,42.425882],[-83.064716,42.425874],[-83.065078,42.425868],[-83.065705,42.425859],[-83.066312,42.425851],[-83.066699,42.425846],[-83.067552,42.425834],[-83.068614,42.425834],[-83.069172,42.426618],[-83.069271,42.426757],[-83.069617,42.427242],[-83.070396,42.42833],[-83.07119,42.429437],[-83.071989,42.430558],[-83.072468,42.431243],[-83.072856,42.431825],[-83.073673,42.432929],[-83.07353,42.432929],[-83.072205,42.432935],[-83.071993,42.432937],[-83.071208,42.432952],[-83.070905,42.432959],[-83.070214,42.432973],[-83.069913,42.43298],[-83.069199,42.432996],[-83.069199,42.432996],[-83.068923,42.433002],[-83.068186,42.433018],[-83.067922,42.433024],[-83.067159,42.43304],[-83.066122,42.433062],[-83.065113,42.433084],[-83.064129,42.433106],[-83.063117,42.433129],[-83.062997,42.431017],[-83.062924,42.429811],[-83.062907,42.429518],[-83.062854,42.428602],[-83.062804,42.427715],[-83.062785,42.427386],[-83.062706,42.425901]]]},"properties":{"OBJECTID":62,"council_district":3,"nhood_num":84,"nhood_name":"Conant Gardens","Website":"https://theneighborhoods.org/neighborhoods/conant-gardens"}},{"type":"Feature","id":63,"geometry":{"type":"Polygon","coordinates":[[[-83.061634,42.425925],[-83.062706,42.425901],[-83.062785,42.427386],[-83.062804,42.427715],[-83.062854,42.428602],[-83.062907,42.429518],[-83.062924,42.429811],[-83.062997,42.431017],[-83.063117,42.433129],[-83.062066,42.433154],[-83.060951,42.433177],[-83.059836,42.433201],[-83.058773,42.433225],[-83.057721,42.433248],[-83.057643,42.433251],[-83.056749,42.433269],[-83.056453,42.433275],[-83.055768,42.43329],[-83.055404,42.433298],[-83.05478,42.433312],[-83.054361,42.433321],[-83.053793,42.433334],[-83.05332,42.433344],[-83.052691,42.433359],[-83.052296,42.433368],[-83.05145,42.43339],[-83.051276,42.433394],[-83.050465,42.433405],[-83.050229,42.433411],[-83.049234,42.433439],[-83.049112,42.433442],[-83.048202,42.433463],[-83.048076,42.433466],[-83.047121,42.433488],[-83.047027,42.43349],[-83.046016,42.433514],[-83.04495,42.433537],[-83.043823,42.433565],[-83.043392,42.433575],[-83.043381,42.433451],[-83.043332,42.43218],[-83.043303,42.431708],[-83.043224,42.42994],[-83.043221,42.4298],[-83.043158,42.428675],[-83.043139,42.428108],[-83.043127,42.427867],[-83.043115,42.427701],[-83.043059,42.4263],[-83.043482,42.426289],[-83.044635,42.426264],[-83.045708,42.426242],[-83.046782,42.42622],[-83.047319,42.426208],[-83.047857,42.426197],[-83.048937,42.426175],[-83.04996,42.426155],[-83.050981,42.426133],[-83.052001,42.426112],[-83.053025,42.426091],[-83.05504,42.426056],[-83.055165,42.426054],[-83.05714,42.42602],[-83.057268,42.426018],[-83.057842,42.426008],[-83.058116,42.426002],[-83.058391,42.425997],[-83.059471,42.425972],[-83.060553,42.425949],[-83.061634,42.425925]]]},"properties":{"OBJECTID":63,"council_district":3,"nhood_num":78,"nhood_name":"Krainz Woods","Website":"https://theneighborhoods.org/neighborhoods/krainz-woods"}},{"type":"Feature","id":64,"geometry":{"type":"Polygon","coordinates":[[[-83.005555,42.413369],[-83.00738,42.412725],[-83.007428,42.41277],[-83.008043,42.413487],[-83.008723,42.41428],[-83.009391,42.415062],[-83.010036,42.415815],[-83.010659,42.416542],[-83.011028,42.416972],[-83.011331,42.417298],[-83.01156,42.417528],[-83.01207,42.418006],[-83.013115,42.418968],[-83.013509,42.419339],[-83.013585,42.419426],[-83.013632,42.419495],[-83.013683,42.419591],[-83.013717,42.419681],[-83.013318,42.419693],[-83.011884,42.419738],[-83.011084,42.419761],[-83.010408,42.419781],[-83.009376,42.419813],[-83.00894,42.419826],[-83.007688,42.419865],[-83.006462,42.419902],[-83.005203,42.419938],[-83.004649,42.419937],[-83.004022,42.419936],[-83.003159,42.420245],[-83.002568,42.420458],[-83.001368,42.420889],[-83.000164,42.421322],[-82.999923,42.421409],[-82.998977,42.421749],[-82.998124,42.422056],[-82.997929,42.422127],[-82.997269,42.422365],[-82.996786,42.42254],[-82.996318,42.422708],[-82.993761,42.4209],[-82.993557,42.420759],[-82.992372,42.419917],[-82.991479,42.419293],[-82.992166,42.418758],[-82.992849,42.418228],[-82.993535,42.417699],[-82.993626,42.417629],[-82.993706,42.417556],[-82.993772,42.417521],[-82.994826,42.41715],[-82.996754,42.416471],[-82.9995,42.415506],[-82.999998,42.415324],[-83.0005,42.415152],[-83.003351,42.414146],[-83.005555,42.413369]]]},"properties":{"OBJECTID":64,"council_district":4,"nhood_num":88,"nhood_name":"LaSalle College Park","Website":"https://theneighborhoods.org/neighborhoods/lasalle-college-park"}},{"type":"Feature","id":65,"geometry":{"type":"Polygon","coordinates":[[[-83.026067,42.33677],[-83.027813,42.336015],[-83.02823,42.336763],[-83.028322,42.336906],[-83.029046,42.338022],[-83.029771,42.339121],[-83.029865,42.339263],[-83.031809,42.342204],[-83.031972,42.342451],[-83.032261,42.342889],[-83.032534,42.343302],[-83.032684,42.34353],[-83.033624,42.344954],[-83.034099,42.34563],[-83.034178,42.345759],[-83.034256,42.345919],[-83.034327,42.346128],[-83.034341,42.346303],[-83.034346,42.346498],[-83.034298,42.346723],[-83.034209,42.346925],[-83.034053,42.347213],[-83.033894,42.34749],[-83.033765,42.347747],[-83.033682,42.347996],[-83.033664,42.348098],[-83.033665,42.348217],[-83.033722,42.348649],[-83.033357,42.348661],[-83.03324,42.348678],[-83.033013,42.348749],[-83.032263,42.349047],[-83.030311,42.349866],[-83.02793,42.350912],[-83.027431,42.351126],[-83.025572,42.351926],[-83.023528,42.352788],[-83.023238,42.352899],[-83.022793,42.353068],[-83.020037,42.354092],[-83.018394,42.354692],[-83.017474,42.355026],[-83.017131,42.354506],[-83.015842,42.35256],[-83.015586,42.352167],[-83.014516,42.350553],[-83.012674,42.347699],[-83.012107,42.346926],[-83.011996,42.346745],[-83.01155,42.346069],[-83.010974,42.3452],[-83.01056,42.344544],[-83.010458,42.344404],[-83.010159,42.343943],[-83.010052,42.34366],[-83.012714,42.342515],[-83.014551,42.341724],[-83.016355,42.340949],[-83.017884,42.340292],[-83.019747,42.33949],[-83.022647,42.338245],[-83.024587,42.337406],[-83.026067,42.33677]]]},"properties":{"OBJECTID":65,"council_district":5,"nhood_num":130,"nhood_name":"Elmwood Park","Website":"https://theneighborhoods.org/neighborhoods/elmwood-park"}},{"type":"Feature","id":66,"geometry":{"type":"Polygon","coordinates":[[[-83.018358,42.356367],[-83.017905,42.355677],[-83.017474,42.355026],[-83.018394,42.354692],[-83.020037,42.354092],[-83.022793,42.353068],[-83.023238,42.352899],[-83.023528,42.352788],[-83.025572,42.351926],[-83.027431,42.351126],[-83.02793,42.350912],[-83.030311,42.349866],[-83.032263,42.349047],[-83.033013,42.348749],[-83.03324,42.348678],[-83.033357,42.348661],[-83.033722,42.348649],[-83.033783,42.348813],[-83.033954,42.349088],[-83.034061,42.349172],[-83.034309,42.349282],[-83.033513,42.350341],[-83.033291,42.350643],[-83.033014,42.351023],[-83.032542,42.351741],[-83.032046,42.352495],[-83.032158,42.352665],[-83.032307,42.352891],[-83.032665,42.353431],[-83.033056,42.354023],[-83.033421,42.354572],[-83.03382,42.355177],[-83.03426,42.355843],[-83.034698,42.356507],[-83.036714,42.355773],[-83.038258,42.355211],[-83.038698,42.355875],[-83.03914,42.356543],[-83.03958,42.357207],[-83.040019,42.35787],[-83.040485,42.358574],[-83.04092,42.359228],[-83.041577,42.360221],[-83.042025,42.360897],[-83.042268,42.361266],[-83.042711,42.361941],[-83.042961,42.362311],[-83.043314,42.36284],[-83.043657,42.363358],[-83.04435,42.364406],[-83.042807,42.364966],[-83.040792,42.365697],[-83.040322,42.365864],[-83.038751,42.366439],[-83.037787,42.366792],[-83.036827,42.36714],[-83.035857,42.367492],[-83.034211,42.368092],[-83.031803,42.368967],[-83.031002,42.369257],[-83.030287,42.369516],[-83.027655,42.370473],[-83.026968,42.369424],[-83.026281,42.368377],[-83.025594,42.367326],[-83.02491,42.366279],[-83.024282,42.365322],[-83.023962,42.364836],[-83.02311,42.363559],[-83.023044,42.363459],[-83.022571,42.362744],[-83.022366,42.362435],[-83.022093,42.36202],[-83.021613,42.361291],[-83.021353,42.360899],[-83.020894,42.360206],[-83.020467,42.35956],[-83.020183,42.359129],[-83.019729,42.358443],[-83.019269,42.357746],[-83.018815,42.35706],[-83.018358,42.356367]]]},"properties":{"OBJECTID":66,"council_district":5,"nhood_num":134,"nhood_name":"McDougall-Hunt","Website":"https://theneighborhoods.org/neighborhoods/mcdougall-hunt"}},{"type":"Feature","id":67,"geometry":{"type":"Polygon","coordinates":[[[-83.085689,42.332099],[-83.085797,42.332123],[-83.086415,42.332323],[-83.087053,42.332615],[-83.087226,42.332731],[-83.087486,42.332887],[-83.087698,42.333031],[-83.087899,42.333183],[-83.08809,42.333342],[-83.088758,42.333965],[-83.089297,42.334513],[-83.090034,42.33528],[-83.090223,42.335505],[-83.090681,42.33609],[-83.090789,42.336221],[-83.090548,42.336304],[-83.090176,42.336428],[-83.089944,42.336506],[-83.088552,42.33695],[-83.087222,42.337369],[-83.085633,42.337829],[-83.084683,42.338079],[-83.084305,42.338191],[-83.084212,42.338218],[-83.083669,42.338416],[-83.083525,42.338484],[-83.083184,42.338611],[-83.082927,42.338706],[-83.082701,42.338784],[-83.082196,42.338942],[-83.081261,42.339222],[-83.081144,42.339258],[-83.081028,42.339295],[-83.080835,42.33935],[-83.080058,42.33961],[-83.07974,42.33971],[-83.079314,42.339844],[-83.079164,42.33989],[-83.079015,42.339937],[-83.078381,42.340137],[-83.077194,42.340509],[-83.075934,42.340902],[-83.075525,42.341032],[-83.075267,42.341116],[-83.074967,42.341205],[-83.072857,42.341862],[-83.072578,42.341949],[-83.071691,42.342223],[-83.0711,42.342409],[-83.070275,42.342669],[-83.069601,42.342882],[-83.069537,42.342902],[-83.068503,42.343229],[-83.068243,42.343311],[-83.06818,42.343172],[-83.067972,42.342721],[-83.067493,42.341685],[-83.066621,42.339737],[-83.066501,42.339475],[-83.06635,42.33914],[-83.066094,42.338567],[-83.065964,42.338277],[-83.06578,42.337866],[-83.06551,42.337303],[-83.065439,42.337154],[-83.065165,42.336551],[-83.064825,42.335721],[-83.064688,42.335414],[-83.064658,42.335347],[-83.064585,42.335196],[-83.064712,42.335172],[-83.065746,42.334941],[-83.067898,42.334492],[-83.068594,42.334344],[-83.068675,42.334324],[-83.069134,42.334214],[-83.070811,42.333848],[-83.071502,42.333707],[-83.071809,42.33363],[-83.072553,42.333429],[-83.073091,42.333265],[-83.074142,42.332938],[-83.074725,42.332757],[-83.0751,42.332654],[-83.075459,42.332568],[-83.075688,42.332522],[-83.075851,42.33249],[-83.076051,42.33246],[-83.07625,42.33243],[-83.076491,42.332402],[-83.076734,42.33238],[-83.076896,42.33237],[-83.077077,42.332367],[-83.079018,42.332334],[-83.079248,42.332343],[-83.080927,42.332461],[-83.081765,42.33251],[-83.082057,42.332507],[-83.082453,42.332463],[-83.082784,42.332412],[-83.083463,42.332251],[-83.083855,42.332137],[-83.084256,42.332037],[-83.084693,42.332009],[-83.084872,42.332016],[-83.085253,42.332042],[-83.085689,42.332099]]]},"properties":{"OBJECTID":67,"council_district":6,"nhood_num":169,"nhood_name":"North Corktown","Website":"https://theneighborhoods.org/neighborhoods/north-corktown"}},{"type":"Feature","id":68,"geometry":{"type":"Polygon","coordinates":[[[-83.064023,42.356852],[-83.064287,42.356785],[-83.064385,42.356958],[-83.06462,42.357365],[-83.064798,42.357639],[-83.064858,42.35773],[-83.06501,42.357939],[-83.065094,42.358051],[-83.065322,42.358383],[-83.066285,42.359794],[-83.066417,42.359993],[-83.0671,42.361031],[-83.067378,42.361463],[-83.067801,42.362124],[-83.068367,42.362977],[-83.068475,42.363127],[-83.068704,42.363445],[-83.068815,42.363601],[-83.067777,42.364122],[-83.066768,42.364598],[-83.065287,42.36529],[-83.064464,42.365637],[-83.063591,42.365985],[-83.063257,42.36611],[-83.062389,42.366438],[-83.062005,42.3666],[-83.060822,42.367038],[-83.060583,42.367129],[-83.060267,42.36726],[-83.060086,42.367338],[-83.059637,42.367553],[-83.0594,42.367666],[-83.058347,42.368229],[-83.058144,42.368369],[-83.058036,42.36815],[-83.057485,42.366972],[-83.056739,42.365383],[-83.056623,42.365117],[-83.056453,42.36476],[-83.055711,42.363186],[-83.055319,42.36239],[-83.054999,42.361686],[-83.05474,42.361158],[-83.05458,42.360912],[-83.054471,42.360744],[-83.054891,42.360592],[-83.057067,42.359802],[-83.057244,42.359739],[-83.058599,42.359241],[-83.058689,42.359204],[-83.059041,42.35905],[-83.059176,42.358991],[-83.059841,42.358661],[-83.061437,42.35788],[-83.061931,42.357656],[-83.062088,42.357591],[-83.062294,42.357505],[-83.06263,42.357374],[-83.062974,42.357225],[-83.063267,42.357114],[-83.064023,42.356852]]]},"properties":{"OBJECTID":68,"council_district":5,"nhood_num":140,"nhood_name":"Cultural Center","Website":"https://theneighborhoods.org/neighborhoods/cultural-center"}},{"type":"Feature","id":69,"geometry":{"type":"Polygon","coordinates":[[[-83.127497,42.293978],[-83.127766,42.29355],[-83.128054,42.293017],[-83.127821,42.293004],[-83.12746,42.29298],[-83.127499,42.292668],[-83.127538,42.29256],[-83.127584,42.292476],[-83.127617,42.292434],[-83.127644,42.292398],[-83.127697,42.292343],[-83.1278,42.29226],[-83.128186,42.291915],[-83.128562,42.291598],[-83.128442,42.291551],[-83.128218,42.291228],[-83.12775,42.290578],[-83.127273,42.289914],[-83.126777,42.289216],[-83.126398,42.288699],[-83.122822,42.290118],[-83.121782,42.290537],[-83.12091,42.290875],[-83.119638,42.291379],[-83.119523,42.291436],[-83.11931,42.291395],[-83.119244,42.291307],[-83.118519,42.290134],[-83.118371,42.289901],[-83.118264,42.289727],[-83.119326,42.289057],[-83.119536,42.288754],[-83.119691,42.288385],[-83.119858,42.288014],[-83.119954,42.287554],[-83.119811,42.286456],[-83.119504,42.285604],[-83.119383,42.285116],[-83.119344,42.284762],[-83.119367,42.284401],[-83.119069,42.283283],[-83.118937,42.282975],[-83.117839,42.281163],[-83.117719,42.280412],[-83.117703,42.280025],[-83.117744,42.279623],[-83.117851,42.279462],[-83.118057,42.279303],[-83.118373,42.279187],[-83.118852,42.279134],[-83.119437,42.279173],[-83.121971,42.279435],[-83.12879,42.280791],[-83.13028,42.2811],[-83.13157,42.281408],[-83.132856,42.281804],[-83.13429,42.282226],[-83.135674,42.282745],[-83.137146,42.28326],[-83.137811,42.284803],[-83.137901,42.284943],[-83.139434,42.2868],[-83.139496,42.286887],[-83.139557,42.286976],[-83.139832,42.28736],[-83.142629,42.291215],[-83.143435,42.292272],[-83.144031,42.293102],[-83.14425,42.293345],[-83.144473,42.293584],[-83.143998,42.293792],[-83.14404,42.294091],[-83.144008,42.294195],[-83.143918,42.294303],[-83.143773,42.294383],[-83.143659,42.294411],[-83.143461,42.294433],[-83.143208,42.294416],[-83.142998,42.294386],[-83.142789,42.294355],[-83.142637,42.294406],[-83.142098,42.294101],[-83.141889,42.294045],[-83.141674,42.294005],[-83.141255,42.293957],[-83.137025,42.293731],[-83.136406,42.293682],[-83.135817,42.293906],[-83.132211,42.295243],[-83.130908,42.295724],[-83.12988,42.296098],[-83.129553,42.296217],[-83.127856,42.296859],[-83.12726,42.29708],[-83.126243,42.297472],[-83.126167,42.297501],[-83.125599,42.297718],[-83.125185,42.297873],[-83.124815,42.298023],[-83.124554,42.298125],[-83.123968,42.298352],[-83.124993,42.297414],[-83.125229,42.297198],[-83.125393,42.297033],[-83.12555,42.296864],[-83.12575,42.296628],[-83.125796,42.296575],[-83.125934,42.296397],[-83.126095,42.296176],[-83.12647,42.295612],[-83.127252,42.294368],[-83.127497,42.293978]]]},"properties":{"OBJECTID":69,"council_district":6,"nhood_num":175,"nhood_name":"Carbon Works","Website":"https://theneighborhoods.org/neighborhoods/carbon-works"}},{"type":"Feature","id":70,"geometry":{"type":"Polygon","coordinates":[[[-83.11518,42.324014],[-83.115664,42.323909],[-83.116227,42.32346],[-83.11727,42.323298],[-83.121363,42.322663],[-83.121887,42.323377],[-83.122261,42.323886],[-83.123272,42.325277],[-83.123371,42.325414],[-83.123739,42.325924],[-83.123887,42.326128],[-83.124214,42.326582],[-83.124302,42.326706],[-83.124799,42.327382],[-83.125306,42.328081],[-83.125469,42.328307],[-83.125862,42.328856],[-83.126361,42.329529],[-83.126609,42.329891],[-83.126821,42.330181],[-83.127434,42.331021],[-83.127373,42.331147],[-83.126584,42.331151],[-83.12529,42.331128],[-83.124413,42.331131],[-83.123584,42.331126],[-83.122079,42.33112],[-83.120338,42.331112],[-83.11991,42.330518],[-83.118751,42.328923],[-83.117728,42.327518],[-83.116748,42.326171],[-83.11599,42.325126],[-83.115521,42.324483],[-83.115389,42.324302],[-83.115311,42.324195],[-83.11518,42.324014]]]},"properties":{"OBJECTID":70,"council_district":6,"nhood_num":179,"nhood_name":"Michigan-Martin","Website":"https://theneighborhoods.org/neighborhoods/michigan-martin"}},{"type":"Feature","id":71,"geometry":{"type":"Polygon","coordinates":[[[-83.003655,42.367961],[-83.005597,42.370636],[-83.006091,42.370439],[-83.006613,42.371162],[-83.006861,42.371505],[-83.006375,42.371699],[-83.007194,42.372836],[-83.008643,42.374828],[-83.010168,42.376938],[-83.011935,42.379379],[-83.013181,42.381101],[-83.012879,42.381558],[-83.012278,42.38247],[-83.011678,42.383379],[-83.011076,42.384288],[-83.010786,42.384725],[-83.009752,42.383311],[-83.008017,42.380938],[-83.006251,42.378497],[-83.004721,42.376387],[-83.003283,42.374395],[-83.001691,42.372184],[-82.999769,42.369524],[-83.00025,42.369331],[-83.000485,42.369236],[-83.001227,42.368938],[-83.001925,42.368657],[-83.002201,42.368546],[-83.003203,42.368145],[-83.003363,42.368081],[-83.003655,42.367961]]]},"properties":{"OBJECTID":71,"council_district":5,"nhood_num":118,"nhood_name":"Pingree Park","Website":"https://theneighborhoods.org/neighborhoods/pingree-park"}},{"type":"Feature","id":72,"geometry":{"type":"Polygon","coordinates":[[[-83.139496,42.409923],[-83.140537,42.409904],[-83.140575,42.410843],[-83.140637,42.41235],[-83.140735,42.414691],[-83.140836,42.417147],[-83.13983,42.417161],[-83.138851,42.417174],[-83.137889,42.417186],[-83.136914,42.4172],[-83.13597,42.417214],[-83.135307,42.417225],[-83.134087,42.417244],[-83.132865,42.417262],[-83.131643,42.41728],[-83.130862,42.417294],[-83.130427,42.417303],[-83.129263,42.417327],[-83.128149,42.417349],[-83.12699,42.417373],[-83.12576,42.417399],[-83.124349,42.417429],[-83.123123,42.417456],[-83.122515,42.417469],[-83.122335,42.417473],[-83.121932,42.417482],[-83.12139,42.416687],[-83.120855,42.415903],[-83.12031,42.415103],[-83.119765,42.414304],[-83.119224,42.413511],[-83.118684,42.412719],[-83.11816,42.411926],[-83.117661,42.411171],[-83.117495,42.410926],[-83.117146,42.410391],[-83.117524,42.410383],[-83.118529,42.41036],[-83.119478,42.410338],[-83.120456,42.410316],[-83.121554,42.410292],[-83.122085,42.410279],[-83.122763,42.410264],[-83.123987,42.410236],[-83.125218,42.410209],[-83.125419,42.410203],[-83.126426,42.41018],[-83.126654,42.410174],[-83.127689,42.410155],[-83.127807,42.410154],[-83.128748,42.410127],[-83.128924,42.410123],[-83.129726,42.410099],[-83.130082,42.410089],[-83.130702,42.410078],[-83.131315,42.410062],[-83.131679,42.410053],[-83.132519,42.410033],[-83.132653,42.41003],[-83.133628,42.410016],[-83.133755,42.410015],[-83.134617,42.410004],[-83.134977,42.410005],[-83.135603,42.409994],[-83.136174,42.409984],[-83.136585,42.409976],[-83.13727,42.409963],[-83.137564,42.409958],[-83.138366,42.409943],[-83.138545,42.40994],[-83.139496,42.409923]]]},"properties":{"OBJECTID":72,"council_district":2,"nhood_num":52,"nhood_name":"Martin Park","Website":"https://theneighborhoods.org/neighborhoods/martin-park"}},{"type":"Feature","id":73,"geometry":{"type":"Polygon","coordinates":[[[-82.988993,42.355379],[-82.989357,42.355093],[-82.98948,42.35525],[-82.989743,42.355622],[-82.989822,42.355695],[-82.990146,42.356158],[-82.990142,42.356179],[-82.991018,42.357407],[-82.991134,42.357549],[-82.992224,42.359075],[-82.992337,42.359224],[-82.993493,42.360828],[-82.993551,42.360907],[-82.993627,42.361013],[-82.993805,42.361258],[-82.993823,42.361322],[-82.994989,42.362925],[-82.995095,42.363065],[-82.996672,42.365273],[-82.996791,42.365403],[-82.998291,42.367463],[-82.998337,42.367538],[-82.998381,42.367612],[-82.999479,42.369145],[-82.999513,42.369172],[-82.999769,42.369524],[-82.999297,42.369714],[-82.998341,42.370099],[-82.998013,42.370235],[-82.997568,42.370438],[-82.997102,42.370655],[-82.996932,42.370735],[-82.996179,42.371085],[-82.995995,42.37117],[-82.995108,42.371582],[-82.994634,42.371801],[-82.99412,42.372046],[-82.993868,42.372166],[-82.991944,42.373049],[-82.990846,42.373552],[-82.989742,42.374056],[-82.988773,42.374499],[-82.987677,42.375001],[-82.986538,42.375525],[-82.985571,42.375972],[-82.985293,42.3761],[-82.984676,42.376383],[-82.984036,42.376678],[-82.983779,42.376795],[-82.982923,42.37719],[-82.982812,42.377241],[-82.981731,42.377737],[-82.980852,42.378138],[-82.980423,42.378334],[-82.979769,42.378612],[-82.979214,42.378849],[-82.978751,42.379054],[-82.978571,42.379145],[-82.978486,42.379006],[-82.976664,42.376229],[-82.975191,42.373977],[-82.973625,42.371581],[-82.972189,42.369392],[-82.970611,42.366982],[-82.97123,42.366681],[-82.97143,42.366593],[-82.971657,42.366493],[-82.971986,42.366336],[-82.972094,42.366285],[-82.972836,42.365932],[-82.973729,42.365507],[-82.974639,42.365075],[-82.975477,42.364676],[-82.975673,42.364584],[-82.976311,42.364282],[-82.97692,42.363992],[-82.977141,42.363886],[-82.978013,42.363473],[-82.978884,42.363058],[-82.979068,42.362968],[-82.979191,42.362896],[-82.980011,42.362349],[-82.980439,42.362057],[-82.980861,42.361731],[-82.981783,42.360995],[-82.98269,42.360301],[-82.983068,42.360006],[-82.983461,42.359698],[-82.983587,42.3596],[-82.984081,42.359213],[-82.984589,42.358817],[-82.984933,42.358549],[-82.985402,42.358182],[-82.985783,42.357884],[-82.986214,42.357547],[-82.987076,42.356873],[-82.987183,42.35679],[-82.987919,42.356219],[-82.988993,42.355379]]]},"properties":{"OBJECTID":73,"council_district":5,"nhood_num":119,"nhood_name":"East Village","Website":"https://theneighborhoods.org/neighborhoods/east-village"}},{"type":"Feature","id":74,"geometry":{"type":"Polygon","coordinates":[[[-83.087219,42.315205],[-83.091092,42.313672],[-83.091288,42.313951],[-83.091408,42.314122],[-83.091866,42.314704],[-83.092832,42.316079],[-83.093131,42.316495],[-83.094091,42.317832],[-83.095838,42.320274],[-83.094912,42.320639],[-83.093988,42.321005],[-83.093124,42.321341],[-83.091924,42.321815],[-83.090542,42.322357],[-83.089326,42.322827],[-83.089233,42.322861],[-83.089233,42.322621],[-83.088724,42.321926],[-83.087757,42.32061],[-83.087174,42.319835],[-83.086822,42.319338],[-83.085047,42.316874],[-83.084943,42.31672],[-83.084703,42.316387],[-83.084915,42.316245],[-83.085162,42.316094],[-83.085418,42.315953],[-83.085675,42.315824],[-83.085889,42.315727],[-83.086098,42.31564],[-83.087219,42.315205]]]},"properties":{"OBJECTID":74,"council_district":6,"nhood_num":173,"nhood_name":"Hubbard Farms","Website":"https://theneighborhoods.org/neighborhoods/hubbard-farms"}},{"type":"Feature","id":75,"geometry":{"type":"Polygon","coordinates":[[[-83.130449,42.389118],[-83.129977,42.388418],[-83.129479,42.387677],[-83.128938,42.386871],[-83.128398,42.386064],[-83.128045,42.385541],[-83.127872,42.385285],[-83.127838,42.385234],[-83.127568,42.384826],[-83.127296,42.384414],[-83.126743,42.383604],[-83.126503,42.383247],[-83.126642,42.383168],[-83.127038,42.38302],[-83.127064,42.383007],[-83.12904,42.382276],[-83.129194,42.382207],[-83.130813,42.381602],[-83.13095,42.381546],[-83.131062,42.381503],[-83.131133,42.381477],[-83.131254,42.381432],[-83.131372,42.381387],[-83.131489,42.381343],[-83.131606,42.381299],[-83.131719,42.381256],[-83.131836,42.381213],[-83.131877,42.381198],[-83.131951,42.38117],[-83.132025,42.381142],[-83.132066,42.381126],[-83.132175,42.381085],[-83.132293,42.381041],[-83.132408,42.380998],[-83.132505,42.380962],[-83.132529,42.380953],[-83.132642,42.380905],[-83.13267,42.380899],[-83.13276,42.380865],[-83.132875,42.380822],[-83.13299,42.380779],[-83.133,42.380775],[-83.133106,42.380735],[-83.133221,42.380692],[-83.133337,42.380648],[-83.133459,42.380602],[-83.133674,42.380525],[-83.133824,42.38047],[-83.13394,42.380428],[-83.134056,42.380385],[-83.13412,42.38035],[-83.134532,42.380193],[-83.136632,42.379429],[-83.136672,42.379415],[-83.136752,42.379385],[-83.136871,42.379341],[-83.136991,42.379297],[-83.137109,42.379254],[-83.137229,42.379209],[-83.137348,42.379166],[-83.137468,42.379122],[-83.137587,42.379078],[-83.137707,42.379034],[-83.137822,42.378992],[-83.137938,42.378949],[-83.138055,42.378906],[-83.138171,42.378863],[-83.138287,42.378821],[-83.138345,42.378799],[-83.138402,42.378778],[-83.138654,42.378686],[-83.138687,42.378674],[-83.139141,42.378507],[-83.139207,42.378483],[-83.139221,42.378818],[-83.139241,42.379294],[-83.13926,42.379777],[-83.139285,42.380388],[-83.139303,42.380821],[-83.139317,42.381185],[-83.139349,42.38191],[-83.139393,42.382931],[-83.139431,42.383889],[-83.139439,42.384089],[-83.139456,42.384499],[-83.139469,42.384822],[-83.139505,42.385687],[-83.13954,42.386493],[-83.139548,42.386691],[-83.139036,42.386715],[-83.138621,42.386775],[-83.136997,42.38741],[-83.135372,42.388044],[-83.133285,42.388811],[-83.130873,42.389743],[-83.130715,42.389519],[-83.130449,42.389118]]]},"properties":{"OBJECTID":75,"council_district":7,"nhood_num":196,"nhood_name":"Russell Woods","Website":"https://theneighborhoods.org/neighborhoods/russell-woods"}},{"type":"Feature","id":76,"geometry":{"type":"Polygon","coordinates":[[[-82.984438,42.355101],[-82.984311,42.354919],[-82.984055,42.354553],[-82.983928,42.354371],[-82.9838,42.354188],[-82.983672,42.354005],[-82.983681,42.353862],[-82.983896,42.353776],[-82.984498,42.353548],[-82.984572,42.353558],[-82.984622,42.353591],[-82.983758,42.352416],[-82.984251,42.352531],[-82.986244,42.355113],[-82.986854,42.354906],[-82.985044,42.352183],[-82.987349,42.351789],[-82.989868,42.351117],[-82.991388,42.350222],[-82.99154,42.349807],[-82.992204,42.349468],[-82.992328,42.349666],[-82.995304,42.347954],[-82.996282,42.347346],[-82.997089,42.346844],[-82.999835,42.345405],[-83.000416,42.345086],[-83.000569,42.345295],[-83.000899,42.345631],[-83.001922,42.346904],[-83.002079,42.347158],[-83.001777,42.347287],[-83.00042,42.347868],[-82.999383,42.348459],[-82.998471,42.349056],[-82.997733,42.349557],[-82.996761,42.350185],[-82.994881,42.351398],[-82.994025,42.351953],[-82.993229,42.352468],[-82.992481,42.352952],[-82.991208,42.353776],[-82.990443,42.354263],[-82.98996,42.354622],[-82.989804,42.354744],[-82.989604,42.3549],[-82.989357,42.355093],[-82.988993,42.355379],[-82.987919,42.356219],[-82.987183,42.35679],[-82.987076,42.356873],[-82.986214,42.357547],[-82.986065,42.357424],[-82.985974,42.357293],[-82.985846,42.357111],[-82.985718,42.356928],[-82.98559,42.356745],[-82.985462,42.356562],[-82.985334,42.35638],[-82.985206,42.356197],[-82.985079,42.356015],[-82.98495,42.355832],[-82.984823,42.355649],[-82.984694,42.355466],[-82.984567,42.355284],[-82.984438,42.355101]]]},"properties":{"OBJECTID":76,"council_district":5,"nhood_num":124,"nhood_name":"Gold Coast","Website":"https://theneighborhoods.org/neighborhoods/gold-coast"}},{"type":"Feature","id":77,"geometry":{"type":"Polygon","coordinates":[[[-82.972209,42.443405],[-82.972807,42.442501],[-82.973303,42.442509],[-82.975588,42.442454],[-82.978042,42.442394],[-82.980495,42.442334],[-82.982947,42.44227],[-82.985163,42.442216],[-82.985407,42.442205],[-82.985473,42.444008],[-82.985537,42.445816],[-82.985569,42.446726],[-82.985603,42.447624],[-82.985632,42.44842],[-82.985628,42.448523],[-82.985659,42.44928],[-82.983553,42.449331],[-82.983483,42.449333],[-82.983198,42.449339],[-82.980923,42.449397],[-82.980768,42.449401],[-82.980318,42.449413],[-82.980152,42.449417],[-82.978925,42.449449],[-82.978318,42.449465],[-82.978258,42.449467],[-82.977816,42.449478],[-82.977731,42.44948],[-82.977081,42.449497],[-82.977017,42.449499],[-82.975848,42.44953],[-82.974625,42.44956],[-82.974314,42.449568],[-82.973808,42.449581],[-82.973553,42.449587],[-82.973387,42.449591],[-82.973178,42.449596],[-82.972413,42.449615],[-82.972219,42.44962],[-82.972079,42.449624],[-82.971421,42.44965],[-82.971325,42.449654],[-82.971041,42.449665],[-82.970921,42.44967],[-82.969917,42.449733],[-82.969101,42.449785],[-82.968718,42.449806],[-82.967938,42.449836],[-82.968541,42.448945],[-82.969151,42.448024],[-82.969759,42.447105],[-82.970371,42.446183],[-82.970781,42.445565],[-82.970987,42.445256],[-82.971576,42.44436],[-82.972209,42.443405]]]},"properties":{"OBJECTID":77,"council_district":3,"nhood_num":71,"nhood_name":"Mohican Regent","Website":"https://theneighborhoods.org/neighborhoods/mohican-regent"}},{"type":"Feature","id":78,"geometry":{"type":"Polygon","coordinates":[[[-83.070947,42.349327],[-83.07044,42.34819],[-83.06971,42.346555],[-83.069683,42.346494],[-83.069405,42.345879],[-83.068243,42.343311],[-83.068503,42.343229],[-83.069537,42.342902],[-83.069601,42.342882],[-83.070275,42.342669],[-83.0711,42.342409],[-83.071572,42.343232],[-83.071925,42.343842],[-83.072477,42.344798],[-83.072535,42.344889],[-83.073062,42.345794],[-83.073286,42.346166],[-83.073369,42.346314],[-83.073396,42.346432],[-83.073544,42.346696],[-83.073803,42.347138],[-83.074233,42.347878],[-83.074668,42.348629],[-83.075262,42.348444],[-83.076425,42.348082],[-83.076863,42.348846],[-83.077483,42.34993],[-83.076286,42.350306],[-83.074991,42.350712],[-83.07265,42.351447],[-83.072289,42.35156],[-83.071996,42.351045],[-83.071621,42.35042],[-83.071347,42.349964],[-83.071014,42.349436],[-83.070947,42.349327]]]},"properties":{"OBJECTID":78,"council_district":6,"nhood_num":164,"nhood_name":"Jeffries","Website":"https://theneighborhoods.org/neighborhoods/jeffries"}},{"type":"Feature","id":79,"geometry":{"type":"Polygon","coordinates":[[[-83.048512,42.346975],[-83.050215,42.346379],[-83.050603,42.346958],[-83.051032,42.347612],[-83.051409,42.348171],[-83.051436,42.348229],[-83.051455,42.34828],[-83.051874,42.348911],[-83.052257,42.349486],[-83.052342,42.349603],[-83.052141,42.349655],[-83.051888,42.349728],[-83.050634,42.350179],[-83.049726,42.350506],[-83.049217,42.350697],[-83.048492,42.350961],[-83.048108,42.351108],[-83.047094,42.34962],[-83.04599,42.34787],[-83.046385,42.347727],[-83.048512,42.346975]]]},"properties":{"OBJECTID":79,"council_district":5,"nhood_num":136,"nhood_name":"Brewster Homes","Website":"https://theneighborhoods.org/neighborhoods/brewster-homes"}},{"type":"Feature","id":80,"geometry":{"type":"Polygon","coordinates":[[[-82.985377,42.441389],[-82.985346,42.440603],[-82.985308,42.439527],[-82.985266,42.438571],[-82.985237,42.437764],[-82.985207,42.43697],[-82.985125,42.434917],[-82.985315,42.434921],[-82.986346,42.434893],[-82.987548,42.434862],[-82.988785,42.434834],[-82.990013,42.434807],[-82.991203,42.434783],[-82.992406,42.434757],[-82.993634,42.43473],[-82.994859,42.434703],[-82.996043,42.434673],[-82.997292,42.43464],[-82.998524,42.434609],[-82.999766,42.434578],[-83.001019,42.434529],[-83.002234,42.434487],[-83.002442,42.434487],[-83.003453,42.434462],[-83.004692,42.434426],[-83.005187,42.434414],[-83.005777,42.434401],[-83.005875,42.434402],[-83.006806,42.43438],[-83.007142,42.434374],[-83.00784,42.434354],[-83.008401,42.434337],[-83.008907,42.434322],[-83.009588,42.434301],[-83.010114,42.434285],[-83.010697,42.434268],[-83.011182,42.434253],[-83.011892,42.434231],[-83.01222,42.434221],[-83.012974,42.434199],[-83.01312,42.4342],[-83.013255,42.4342],[-83.013428,42.434201],[-83.014109,42.434181],[-83.014342,42.43417],[-83.014597,42.434158],[-83.014602,42.434382],[-83.014638,42.434983],[-83.014618,42.435738],[-83.014542,42.436175],[-83.014594,42.436433],[-83.014624,42.436538],[-83.014641,42.43659],[-83.014654,42.43661],[-83.011928,42.43923],[-83.011747,42.439442],[-83.011633,42.439588],[-83.011368,42.43995],[-83.010892,42.441364],[-83.01065,42.441658],[-83.009149,42.441557],[-83.008081,42.441584],[-83.007045,42.441612],[-83.00601,42.441639],[-83.00505,42.441663],[-83.004963,42.441681],[-83.004823,42.441702],[-83.003735,42.441728],[-83.002513,42.441758],[-83.001292,42.441792],[-83.000074,42.441817],[-82.998814,42.441849],[-82.997575,42.441881],[-82.99634,42.441912],[-82.995155,42.441941],[-82.993932,42.441973],[-82.992682,42.442006],[-82.991503,42.442038],[-82.990267,42.442068],[-82.98904,42.442099],[-82.987842,42.442131],[-82.986612,42.442164],[-82.986037,42.442179],[-82.985407,42.442205],[-82.985377,42.441389]]]},"properties":{"OBJECTID":80,"council_district":3,"nhood_num":70,"nhood_name":"Pulaski","Website":"https://theneighborhoods.org/neighborhoods/pulaski"}},{"type":"Feature","id":81,"geometry":{"type":"Polygon","coordinates":[[[-83.095096,42.331368],[-83.095084,42.331366],[-83.094273,42.33141],[-83.093148,42.331421],[-83.091981,42.331427],[-83.090499,42.331437],[-83.089226,42.331446],[-83.087677,42.331452],[-83.08685,42.331455],[-83.0856,42.33146],[-83.085285,42.331465],[-83.085723,42.33074],[-83.085813,42.330578],[-83.085881,42.330434],[-83.085937,42.330295],[-83.085985,42.330155],[-83.086021,42.330024],[-83.086053,42.329873],[-83.086077,42.329721],[-83.086091,42.329569],[-83.086097,42.329417],[-83.08609,42.329112],[-83.086049,42.328607],[-83.08595,42.328304],[-83.085917,42.328241],[-83.085854,42.328157],[-83.085687,42.328174],[-83.085269,42.328121],[-83.084978,42.328085],[-83.084468,42.328107],[-83.084284,42.328113],[-83.083693,42.328097],[-83.082901,42.328076],[-83.082624,42.328069],[-83.080869,42.327825],[-83.079366,42.327616],[-83.076518,42.327038],[-83.07603,42.326888],[-83.075065,42.326498],[-83.074796,42.32641],[-83.07585,42.326086],[-83.076038,42.32604],[-83.07622,42.325995],[-83.077041,42.325745],[-83.078021,42.325441],[-83.079503,42.324979],[-83.080033,42.324815],[-83.080506,42.324668],[-83.081422,42.324382],[-83.081923,42.324226],[-83.082287,42.324113],[-83.082548,42.324032],[-83.082847,42.323882],[-83.082902,42.323871],[-83.083085,42.323834],[-83.083182,42.323791],[-83.083381,42.323738],[-83.083433,42.323822],[-83.083721,42.32432],[-83.084084,42.324922],[-83.084297,42.324832],[-83.084594,42.324712],[-83.085478,42.324349],[-83.086628,42.323886],[-83.088036,42.323329],[-83.089233,42.322861],[-83.089326,42.322827],[-83.090542,42.322357],[-83.091924,42.321815],[-83.093124,42.321341],[-83.093988,42.321005],[-83.094912,42.320639],[-83.095838,42.320274],[-83.094091,42.317832],[-83.093131,42.316495],[-83.092832,42.316079],[-83.091866,42.314704],[-83.091408,42.314122],[-83.091288,42.313951],[-83.091092,42.313672],[-83.092452,42.313148],[-83.09254,42.313114],[-83.093721,42.312661],[-83.095724,42.311893],[-83.095854,42.31184],[-83.096613,42.311526],[-83.097156,42.311316],[-83.099413,42.310379],[-83.09953,42.310332],[-83.100466,42.309876],[-83.100707,42.309746],[-83.101287,42.309432],[-83.10316,42.308397],[-83.104295,42.307768],[-83.105224,42.307264],[-83.105763,42.307],[-83.106295,42.306767],[-83.107163,42.306409],[-83.107838,42.306144],[-83.109165,42.305626],[-83.110301,42.305169],[-83.111576,42.304656],[-83.113209,42.304006],[-83.113988,42.303705],[-83.11619,42.302816],[-83.119179,42.301629],[-83.119351,42.30156],[-83.119806,42.301378],[-83.119902,42.301339],[-83.120141,42.301238],[-83.120452,42.301093],[-83.120679,42.300979],[-83.121017,42.3008],[-83.121279,42.30065],[-83.121594,42.30045],[-83.121828,42.300285],[-83.121882,42.300243],[-83.122063,42.300102],[-83.122281,42.299916],[-83.122853,42.299375],[-83.123262,42.299],[-83.123968,42.298352],[-83.124554,42.298125],[-83.124815,42.298023],[-83.124933,42.29818],[-83.125107,42.298431],[-83.125203,42.298577],[-83.125252,42.29865],[-83.125314,42.298731],[-83.125345,42.298775],[-83.124425,42.30008],[-83.123781,42.300994],[-83.122982,42.302127],[-83.121697,42.304034],[-83.120176,42.306254],[-83.118243,42.309056],[-83.118037,42.309354],[-83.116615,42.311412],[-83.115031,42.313705],[-83.11462,42.314237],[-83.113712,42.315616],[-83.113647,42.315719],[-83.111471,42.318923],[-83.112093,42.319776],[-83.1132,42.321293],[-83.11436,42.322884],[-83.11518,42.324014],[-83.115311,42.324195],[-83.115389,42.324302],[-83.115521,42.324483],[-83.11599,42.325126],[-83.116748,42.326171],[-83.117728,42.327518],[-83.118751,42.328923],[-83.11991,42.330518],[-83.120338,42.331112],[-83.119975,42.331107],[-83.118839,42.331118],[-83.116813,42.331138],[-83.116519,42.331141],[-83.115529,42.331148],[-83.114715,42.33115],[-83.113999,42.331154],[-83.113037,42.331159],[-83.111769,42.331166],[-83.111474,42.33117],[-83.11064,42.331176],[-83.109515,42.331184],[-83.108951,42.331188],[-83.108164,42.331194],[-83.107394,42.331199],[-83.105826,42.331191],[-83.10449,42.331202],[-83.10301,42.331291],[-83.102829,42.331296],[-83.102686,42.331291],[-83.102498,42.331292],[-83.102309,42.331292],[-83.101364,42.331306],[-83.099563,42.331319],[-83.098536,42.331264],[-83.096796,42.331271],[-83.095856,42.331316],[-83.09543,42.331341],[-83.095096,42.331368]]]},"properties":{"OBJECTID":81,"council_district":6,"nhood_num":171,"nhood_name":"Central Southwest","Website":"https://theneighborhoods.org/neighborhoods/central-southwest"}},{"type":"Feature","id":82,"geometry":{"type":"Polygon","coordinates":[[[-83.0721,42.320099],[-83.073494,42.3195],[-83.073974,42.319294],[-83.074433,42.319097],[-83.075544,42.318619],[-83.075841,42.318491],[-83.076664,42.319952],[-83.077224,42.319755],[-83.080033,42.324815],[-83.079503,42.324979],[-83.078021,42.325441],[-83.077041,42.325745],[-83.07622,42.325995],[-83.076038,42.32604],[-83.07585,42.326086],[-83.074796,42.32641],[-83.074445,42.326517],[-83.074297,42.326563],[-83.074101,42.326624],[-83.073865,42.326696],[-83.073195,42.326903],[-83.072569,42.327096],[-83.071385,42.32746],[-83.070159,42.327841],[-83.069992,42.327897],[-83.069915,42.327718],[-83.069372,42.326766],[-83.06888,42.325894],[-83.068391,42.325031],[-83.067893,42.324162],[-83.06773,42.323903],[-83.0677,42.323855],[-83.067666,42.323802],[-83.067588,42.323661],[-83.067382,42.323292],[-83.066845,42.322354],[-83.068733,42.321544],[-83.070525,42.320776],[-83.071616,42.320307],[-83.0721,42.320099]]]},"properties":{"OBJECTID":82,"council_district":6,"nhood_num":170,"nhood_name":"Hubbard Richard","Website":"https://theneighborhoods.org/neighborhoods/hubbard-richard"}},{"type":"Feature","id":83,"geometry":{"type":"Polygon","coordinates":[[[-83.089051,42.353408],[-83.090491,42.352958],[-83.093788,42.351918],[-83.094865,42.351575],[-83.095734,42.351296],[-83.096002,42.351216],[-83.096802,42.350959],[-83.097952,42.3506],[-83.098254,42.350506],[-83.098684,42.350365],[-83.099081,42.350247],[-83.099341,42.350159],[-83.099437,42.350264],[-83.099732,42.350569],[-83.099899,42.35073],[-83.100236,42.351036],[-83.10053,42.351283],[-83.100924,42.351589],[-83.101454,42.351987],[-83.101826,42.352232],[-83.10209,42.352412],[-83.102294,42.35254],[-83.10311,42.352957],[-83.103762,42.353251],[-83.104145,42.353417],[-83.104686,42.353616],[-83.105441,42.353859],[-83.106649,42.354248],[-83.107075,42.354384],[-83.1075,42.354521],[-83.108606,42.354889],[-83.109182,42.355104],[-83.109814,42.355378],[-83.1104,42.355657],[-83.11049,42.3557],[-83.110579,42.355744],[-83.110716,42.355811],[-83.110854,42.355877],[-83.111012,42.355954],[-83.110875,42.356057],[-83.110799,42.356125],[-83.110723,42.356216],[-83.110675,42.356298],[-83.110492,42.356427],[-83.110323,42.356526],[-83.11021,42.356584],[-83.109852,42.356739],[-83.109559,42.356857],[-83.109286,42.356966],[-83.108843,42.357133],[-83.105565,42.358351],[-83.102866,42.359352],[-83.102401,42.359526],[-83.10085,42.360094],[-83.100515,42.360197],[-83.099947,42.360302],[-83.098638,42.360768],[-83.097381,42.361248],[-83.097165,42.361338],[-83.096357,42.361628],[-83.094512,42.362313],[-83.094435,42.362199],[-83.093726,42.361177],[-83.093076,42.36024],[-83.092511,42.359419],[-83.09199,42.358657],[-83.091904,42.358514],[-83.091649,42.358059],[-83.090939,42.356791],[-83.090229,42.355523],[-83.08952,42.354253],[-83.08921,42.353699],[-83.089051,42.353408]]]},"properties":{"OBJECTID":83,"council_district":5,"nhood_num":153,"nhood_name":"NW Goldberg","Website":"https://theneighborhoods.org/neighborhoods/nw-goldberg"}},{"type":"Feature","id":84,"geometry":{"type":"Polygon","coordinates":[[[-83.048123,42.341813],[-83.048559,42.341646],[-83.048682,42.341831],[-83.048767,42.341959],[-83.048837,42.342065],[-83.048552,42.342229],[-83.048418,42.34234],[-83.048064,42.342501],[-83.047843,42.342611],[-83.047836,42.342663],[-83.047837,42.342711],[-83.047907,42.342819],[-83.04813,42.343229],[-83.048923,42.34443],[-83.049315,42.34502],[-83.049711,42.345617],[-83.050215,42.346379],[-83.048512,42.346975],[-83.046385,42.347727],[-83.04599,42.34787],[-83.045112,42.346596],[-83.045011,42.346449],[-83.044904,42.346257],[-83.044835,42.346154],[-83.044717,42.345955],[-83.044616,42.345756],[-83.044551,42.345592],[-83.044497,42.345434],[-83.04433,42.34482],[-83.044296,42.344669],[-83.044252,42.34447],[-83.044187,42.344084],[-83.044077,42.343493],[-83.044037,42.343265],[-83.044401,42.34313],[-83.045137,42.342858],[-83.046154,42.342507],[-83.047251,42.342123],[-83.047725,42.341949],[-83.047819,42.341917],[-83.048123,42.341813]]]},"properties":{"OBJECTID":84,"council_district":5,"nhood_num":137,"nhood_name":"Douglass","Website":"https://theneighborhoods.org/neighborhoods/douglass"}},{"type":"Feature","id":86,"geometry":{"type":"Polygon","coordinates":[[[-83.042711,42.361941],[-83.042268,42.361266],[-83.042025,42.360897],[-83.041577,42.360221],[-83.04092,42.359228],[-83.040485,42.358574],[-83.040019,42.35787],[-83.03958,42.357207],[-83.03914,42.356543],[-83.038698,42.355875],[-83.038258,42.355211],[-83.038708,42.355047],[-83.04051,42.354371],[-83.040626,42.354322],[-83.040765,42.354265],[-83.040874,42.354186],[-83.041189,42.354],[-83.041363,42.353912],[-83.041566,42.353837],[-83.04244,42.35349],[-83.043034,42.353265],[-83.044193,42.352785],[-83.044696,42.352588],[-83.044902,42.352482],[-83.045403,42.352164],[-83.045554,42.352075],[-83.045704,42.351996],[-83.045908,42.351906],[-83.047158,42.351448],[-83.047402,42.351369],[-83.047821,42.351218],[-83.048108,42.351108],[-83.048192,42.351235],[-83.049443,42.353154],[-83.051721,42.356534],[-83.052954,42.358407],[-83.054471,42.360744],[-83.054241,42.360835],[-83.053821,42.36098],[-83.052311,42.36153],[-83.051558,42.361761],[-83.051389,42.361786],[-83.051241,42.361789],[-83.051065,42.361766],[-83.050984,42.36175],[-83.050901,42.362043],[-83.050694,42.362107],[-83.049229,42.362637],[-83.046634,42.36358],[-83.046309,42.363698],[-83.046102,42.363773],[-83.045107,42.364132],[-83.04435,42.364406],[-83.043657,42.363358],[-83.043314,42.36284],[-83.042961,42.362311],[-83.042711,42.361941]]]},"properties":{"OBJECTID":86,"council_district":5,"nhood_num":135,"nhood_name":"Forest Park","Website":"https://theneighborhoods.org/neighborhoods/forest-park"}},{"type":"Feature","id":87,"geometry":{"type":"Polygon","coordinates":[[[-83.035413,42.332789],[-83.03589,42.332592],[-83.035886,42.332713],[-83.035895,42.332788],[-83.035914,42.332877],[-83.035941,42.332966],[-83.035977,42.333053],[-83.036021,42.333137],[-83.036163,42.333346],[-83.03626,42.333491],[-83.037675,42.335577],[-83.037738,42.335675],[-83.03783,42.335795],[-83.038403,42.336704],[-83.038844,42.337378],[-83.039169,42.337869],[-83.039623,42.338522],[-83.039932,42.338927],[-83.040083,42.339093],[-83.040244,42.339252],[-83.040454,42.339434],[-83.040541,42.339531],[-83.041344,42.340161],[-83.041093,42.340478],[-83.041007,42.340596],[-83.040665,42.341038],[-83.040594,42.341125],[-83.039936,42.341981],[-83.039656,42.342346],[-83.038708,42.343584],[-83.037706,42.344887],[-83.037585,42.345045],[-83.037508,42.345135],[-83.037367,42.345327],[-83.037029,42.345765],[-83.036664,42.346234],[-83.036602,42.346321],[-83.036303,42.346709],[-83.036227,42.346803],[-83.035962,42.347141],[-83.035904,42.347216],[-83.035849,42.347276],[-83.034858,42.348569],[-83.034309,42.349282],[-83.034061,42.349172],[-83.033954,42.349088],[-83.033783,42.348813],[-83.033722,42.348649],[-83.033665,42.348217],[-83.033664,42.348098],[-83.033682,42.347996],[-83.033765,42.347747],[-83.033894,42.34749],[-83.034053,42.347213],[-83.034209,42.346925],[-83.034298,42.346723],[-83.034346,42.346498],[-83.034341,42.346303],[-83.034327,42.346128],[-83.034256,42.345919],[-83.034178,42.345759],[-83.034099,42.34563],[-83.033624,42.344954],[-83.032684,42.34353],[-83.032534,42.343302],[-83.032261,42.342889],[-83.031972,42.342451],[-83.031809,42.342204],[-83.029865,42.339263],[-83.029771,42.339121],[-83.029046,42.338022],[-83.028322,42.336906],[-83.02823,42.336763],[-83.027813,42.336015],[-83.027989,42.335938],[-83.028113,42.335886],[-83.028269,42.335819],[-83.029367,42.335346],[-83.030775,42.334739],[-83.032397,42.33404],[-83.034173,42.333287],[-83.034697,42.33305],[-83.035413,42.332789]]]},"properties":{"OBJECTID":87,"council_district":5,"nhood_num":131,"nhood_name":"Lafayette Park","Website":"https://theneighborhoods.org/neighborhoods/lafayette-park"}},{"type":"Feature","id":88,"geometry":{"type":"Polygon","coordinates":[[[-83.038708,42.343584],[-83.039656,42.342346],[-83.039936,42.341981],[-83.040594,42.341125],[-83.040665,42.341038],[-83.041007,42.340596],[-83.041093,42.340478],[-83.041344,42.340161],[-83.042003,42.340679],[-83.042151,42.340802],[-83.042209,42.340849],[-83.042356,42.340982],[-83.042559,42.341188],[-83.042728,42.341389],[-83.042948,42.341675],[-83.043097,42.341884],[-83.043238,42.342097],[-83.043348,42.342275],[-83.043388,42.34234],[-83.043501,42.342537],[-83.043619,42.342862],[-83.043696,42.343108],[-83.043756,42.343369],[-83.043952,42.343297],[-83.044037,42.343265],[-83.044077,42.343493],[-83.044187,42.344084],[-83.044252,42.34447],[-83.044296,42.344669],[-83.04433,42.34482],[-83.044497,42.345434],[-83.044551,42.345592],[-83.044616,42.345756],[-83.044717,42.345955],[-83.044835,42.346154],[-83.044904,42.346257],[-83.045011,42.346449],[-83.045112,42.346596],[-83.04599,42.34787],[-83.047094,42.34962],[-83.048108,42.351108],[-83.047821,42.351218],[-83.047402,42.351369],[-83.047158,42.351448],[-83.045908,42.351906],[-83.045704,42.351996],[-83.045554,42.352075],[-83.045403,42.352164],[-83.044902,42.352482],[-83.044696,42.352588],[-83.044193,42.352785],[-83.043034,42.353265],[-83.04244,42.35349],[-83.041566,42.353837],[-83.041363,42.353912],[-83.041189,42.354],[-83.040874,42.354186],[-83.040765,42.354265],[-83.040626,42.354322],[-83.04051,42.354371],[-83.038708,42.355047],[-83.038258,42.355211],[-83.036714,42.355773],[-83.034698,42.356507],[-83.03426,42.355843],[-83.03382,42.355177],[-83.033421,42.354572],[-83.033056,42.354023],[-83.032665,42.353431],[-83.032307,42.352891],[-83.032158,42.352665],[-83.032046,42.352495],[-83.032542,42.351741],[-83.033014,42.351023],[-83.033291,42.350643],[-83.033513,42.350341],[-83.034309,42.349282],[-83.034858,42.348569],[-83.035849,42.347276],[-83.035904,42.347216],[-83.035962,42.347141],[-83.036227,42.346803],[-83.036303,42.346709],[-83.036602,42.346321],[-83.036664,42.346234],[-83.037029,42.345765],[-83.037367,42.345327],[-83.037508,42.345135],[-83.037585,42.345045],[-83.037706,42.344887],[-83.038708,42.343584]]]},"properties":{"OBJECTID":88,"council_district":5,"nhood_num":133,"nhood_name":"Eastern Market","Website":"https://theneighborhoods.org/neighborhoods/eastern-market"}},{"type":"Feature","id":89,"geometry":{"type":"Polygon","coordinates":[[[-83.05234,42.340044],[-83.052814,42.339842],[-83.05291,42.339986],[-83.05303,42.340151],[-83.053218,42.340429],[-83.053407,42.340708],[-83.053933,42.341487],[-83.05409,42.341721],[-83.054455,42.34227],[-83.054771,42.342741],[-83.055153,42.343311],[-83.055453,42.343759],[-83.055845,42.344346],[-83.056157,42.344813],[-83.056557,42.34541],[-83.056706,42.345633],[-83.05727,42.346475],[-83.057877,42.347381],[-83.057543,42.347548],[-83.057171,42.347715],[-83.055861,42.348267],[-83.054578,42.348829],[-83.053757,42.349167],[-83.053605,42.34923],[-83.053067,42.349403],[-83.052829,42.349473],[-83.052342,42.349603],[-83.052257,42.349486],[-83.051874,42.348911],[-83.051455,42.34828],[-83.051436,42.348229],[-83.051409,42.348171],[-83.051032,42.347612],[-83.050603,42.346958],[-83.050215,42.346379],[-83.049711,42.345617],[-83.049315,42.34502],[-83.048923,42.34443],[-83.04813,42.343229],[-83.047907,42.342819],[-83.047837,42.342711],[-83.047836,42.342663],[-83.047843,42.342611],[-83.048064,42.342501],[-83.048418,42.34234],[-83.048552,42.342229],[-83.048837,42.342065],[-83.048767,42.341959],[-83.048682,42.341831],[-83.048559,42.341646],[-83.048847,42.341522],[-83.049156,42.341376],[-83.050324,42.340889],[-83.050454,42.340835],[-83.05234,42.340044]]]},"properties":{"OBJECTID":89,"council_district":5,"nhood_num":138,"nhood_name":"Brush Park","Website":"https://theneighborhoods.org/neighborhoods/brush-park"}},{"type":"Feature","id":90,"geometry":{"type":"Polygon","coordinates":[[[-83.023174,42.366031],[-83.023962,42.364836],[-83.024282,42.365322],[-83.02491,42.366279],[-83.025594,42.367326],[-83.026281,42.368377],[-83.026968,42.369424],[-83.027655,42.370473],[-83.028128,42.371192],[-83.0286,42.371914],[-83.029114,42.372696],[-83.029713,42.373611],[-83.030397,42.374655],[-83.0307,42.375117],[-83.031084,42.375704],[-83.031785,42.376775],[-83.032451,42.377791],[-83.032821,42.378356],[-83.032918,42.378481],[-83.033016,42.378606],[-83.033104,42.378695],[-83.033232,42.378807],[-83.033426,42.378953],[-83.033757,42.379193],[-83.03339,42.379438],[-83.032918,42.379816],[-83.032434,42.380301],[-83.032244,42.38052],[-83.032018,42.380804],[-83.031946,42.380909],[-83.031755,42.381148],[-83.031308,42.381816],[-83.031169,42.382023],[-83.030869,42.38239],[-83.030576,42.382719],[-83.030392,42.382901],[-83.030197,42.383076],[-83.029845,42.383344],[-83.029661,42.383479],[-83.029491,42.383594],[-83.029316,42.383705],[-83.028934,42.383919],[-83.028725,42.384024],[-83.028472,42.384141],[-83.028256,42.384231],[-83.027888,42.384369],[-83.027502,42.384492],[-83.027145,42.384588],[-83.026932,42.38464],[-83.026271,42.384776],[-83.025102,42.385009],[-83.023553,42.385306],[-83.022845,42.385442],[-83.022488,42.385514],[-83.021698,42.385692],[-83.021078,42.385848],[-83.020531,42.386007],[-83.020084,42.386152],[-83.019715,42.386282],[-83.019078,42.386526],[-83.017822,42.387028],[-83.017081,42.387331],[-83.016419,42.387589],[-83.014125,42.388503],[-83.013144,42.388893],[-83.012209,42.389264],[-83.010137,42.39009],[-83.010074,42.390114],[-83.008559,42.390701],[-83.008131,42.390857],[-83.007804,42.390963],[-83.006958,42.391214],[-83.006753,42.391278],[-83.006374,42.391396],[-83.00631,42.39141],[-83.006401,42.391293],[-83.006701,42.390907],[-83.006756,42.390825],[-83.007085,42.390326],[-83.007568,42.389599],[-83.007694,42.389408],[-83.007952,42.389015],[-83.008415,42.388311],[-83.008703,42.387875],[-83.008999,42.387428],[-83.009287,42.386992],[-83.009893,42.386076],[-83.010489,42.385175],[-83.010786,42.384725],[-83.011076,42.384288],[-83.011678,42.383379],[-83.012278,42.38247],[-83.012879,42.381558],[-83.013181,42.381101],[-83.013478,42.380652],[-83.014082,42.379738],[-83.014688,42.378823],[-83.015312,42.377887],[-83.015934,42.376956],[-83.016599,42.375955],[-83.017234,42.374996],[-83.017697,42.374297],[-83.017866,42.374041],[-83.018564,42.372992],[-83.018738,42.372728],[-83.019534,42.371523],[-83.020116,42.370626],[-83.020392,42.370225],[-83.020737,42.369702],[-83.021547,42.368477],[-83.021914,42.367926],[-83.022358,42.367257],[-83.022796,42.3666],[-83.023174,42.366031]]]},"properties":{"OBJECTID":90,"council_district":5,"nhood_num":116,"nhood_name":"Gratiot Town/Kettering","Website":"https://theneighborhoods.org/neighborhoods/gratiot-town-kettering"}},{"type":"Feature","id":91,"geometry":{"type":"Polygon","coordinates":[[[-83.030197,42.383076],[-83.030392,42.382901],[-83.030576,42.382719],[-83.030869,42.38239],[-83.031169,42.382023],[-83.031308,42.381816],[-83.031755,42.381148],[-83.031946,42.380909],[-83.032018,42.380804],[-83.032244,42.38052],[-83.032434,42.380301],[-83.032918,42.379816],[-83.03339,42.379438],[-83.033757,42.379193],[-83.033876,42.379279],[-83.034308,42.379592],[-83.034476,42.379714],[-83.034676,42.379867],[-83.034767,42.379957],[-83.034826,42.380029],[-83.03701,42.383074],[-83.03761,42.382908],[-83.03931,42.383567],[-83.039335,42.383577],[-83.039577,42.383723],[-83.04017,42.384019],[-83.040676,42.384687],[-83.040629,42.384769],[-83.041458,42.385931],[-83.04222,42.386761],[-83.042293,42.386838],[-83.042543,42.38733],[-83.042757,42.387678],[-83.042833,42.387798],[-83.042897,42.38794],[-83.043053,42.388256],[-83.043393,42.38883],[-83.043852,42.389474],[-83.044356,42.390181],[-83.043204,42.390198],[-83.042302,42.390214],[-83.042304,42.390571],[-83.042321,42.391283],[-83.042336,42.392041],[-83.042349,42.392594],[-83.042375,42.393127],[-83.042372,42.393859],[-83.042381,42.393923],[-83.042408,42.394631],[-83.04241,42.395098],[-83.042417,42.395192],[-83.042429,42.395928],[-83.042448,42.396664],[-83.042468,42.397427],[-83.042468,42.397474],[-83.042469,42.39752],[-83.04247,42.397639],[-83.042476,42.398297],[-83.042481,42.398766],[-83.042485,42.399273],[-83.042494,42.400186],[-83.042497,42.400503],[-83.041758,42.401228],[-83.038537,42.405259],[-83.038096,42.405839],[-83.037968,42.405989],[-83.037971,42.406574],[-83.037972,42.406645],[-83.037998,42.40849],[-83.038207,42.408992],[-83.038082,42.409153],[-83.038052,42.409219],[-83.038036,42.409288],[-83.038077,42.410484],[-83.038125,42.411973],[-83.038183,42.414152],[-83.038216,42.415572],[-83.038272,42.417341],[-83.038339,42.419169],[-83.038164,42.419173],[-83.036964,42.4192],[-83.035594,42.419232],[-83.034648,42.419253],[-83.033442,42.419281],[-83.032938,42.419293],[-83.031964,42.419316],[-83.031636,42.419324],[-83.030982,42.419341],[-83.029957,42.419367],[-83.027672,42.419421],[-83.027375,42.419428],[-83.027302,42.41943],[-83.026774,42.419441],[-83.023713,42.419506],[-83.022991,42.419519],[-83.019453,42.419559],[-83.018031,42.419589],[-83.013717,42.419681],[-83.013683,42.419591],[-83.013632,42.419495],[-83.013585,42.419426],[-83.013509,42.419339],[-83.013115,42.418968],[-83.01207,42.418006],[-83.01156,42.417528],[-83.011331,42.417298],[-83.011028,42.416972],[-83.010659,42.416542],[-83.010036,42.415815],[-83.009391,42.415062],[-83.008723,42.41428],[-83.008043,42.413487],[-83.007428,42.41277],[-83.00738,42.412725],[-83.007215,42.412571],[-83.006654,42.412077],[-83.006096,42.41159],[-83.00591,42.411439],[-83.005392,42.411019],[-83.005116,42.410805],[-83.00432,42.410186],[-83.003534,42.409579],[-83.002755,42.408977],[-83.001196,42.407768],[-83.00043,42.407173],[-82.999632,42.406558],[-82.99905,42.406107],[-82.998843,42.405947],[-82.997504,42.404909],[-82.997245,42.40471],[-82.996273,42.40395],[-82.99528,42.403162],[-82.994762,42.402745],[-82.994358,42.402324],[-82.993525,42.401458],[-82.992775,42.400674],[-82.992111,42.399981],[-82.991466,42.399306],[-82.990822,42.398639],[-82.990208,42.39797],[-82.990044,42.397855],[-82.989517,42.39731],[-82.989321,42.397179],[-82.988718,42.396726],[-82.988579,42.396621],[-82.988185,42.396326],[-82.988053,42.396226],[-82.989091,42.39546],[-82.98931,42.395303],[-82.989849,42.394915],[-82.990368,42.394497],[-82.990786,42.394202],[-82.990885,42.394132],[-82.991103,42.39399],[-82.991497,42.393747],[-82.991569,42.393707],[-82.991894,42.393529],[-82.992277,42.39333],[-82.992666,42.393167],[-82.993176,42.392965],[-82.993712,42.392777],[-82.994011,42.392682],[-82.994504,42.392544],[-82.994893,42.392448],[-82.995385,42.392345],[-82.995843,42.392269],[-82.996227,42.392211],[-82.996619,42.392167],[-82.997097,42.392126],[-82.99748,42.392105],[-82.99796,42.392094],[-82.998287,42.392095],[-82.99953,42.392101],[-83.000506,42.392111],[-83.0013,42.392086],[-83.001854,42.392053],[-83.00268,42.391999],[-83.002754,42.39199],[-83.003255,42.39193],[-83.003448,42.391906],[-83.006045,42.39147],[-83.00631,42.39141],[-83.006374,42.391396],[-83.006753,42.391278],[-83.006958,42.391214],[-83.007804,42.390963],[-83.008131,42.390857],[-83.008559,42.390701],[-83.010074,42.390114],[-83.010137,42.39009],[-83.012209,42.389264],[-83.013144,42.388893],[-83.014125,42.388503],[-83.016419,42.387589],[-83.017081,42.387331],[-83.017822,42.387028],[-83.019078,42.386526],[-83.019715,42.386282],[-83.020084,42.386152],[-83.020531,42.386007],[-83.021078,42.385848],[-83.021698,42.385692],[-83.022488,42.385514],[-83.022845,42.385442],[-83.023553,42.385306],[-83.025102,42.385009],[-83.026271,42.384776],[-83.026932,42.38464],[-83.027145,42.384588],[-83.027502,42.384492],[-83.027888,42.384369],[-83.028256,42.384231],[-83.028472,42.384141],[-83.028725,42.384024],[-83.028934,42.383919],[-83.029316,42.383705],[-83.029491,42.383594],[-83.029661,42.383479],[-83.029845,42.383344],[-83.030197,42.383076]]]},"properties":{"OBJECTID":91,"council_district":3,"nhood_num":76,"nhood_name":"Airport Sub","Website":"https://theneighborhoods.org/neighborhoods/airport-sub"}},{"type":"Feature","id":92,"geometry":{"type":"Polygon","coordinates":[[[-83.093184,42.424915],[-83.093498,42.424908],[-83.093609,42.425057],[-83.09376,42.42529],[-83.093897,42.425529],[-83.09402,42.425771],[-83.094117,42.425993],[-83.094138,42.426042],[-83.094245,42.426343],[-83.094314,42.426587],[-83.094377,42.426878],[-83.094406,42.427069],[-83.094427,42.427261],[-83.094462,42.427796],[-83.094498,42.428361],[-83.094539,42.429323],[-83.094647,42.430226],[-83.094814,42.431479],[-83.094841,42.431682],[-83.094924,42.432473],[-83.094654,42.432484],[-83.09425,42.432499],[-83.093657,42.432521],[-83.092638,42.432558],[-83.091639,42.432593],[-83.091436,42.432601],[-83.090656,42.43263],[-83.09023,42.432645],[-83.089737,42.432663],[-83.089006,42.432689],[-83.088751,42.432699],[-83.087764,42.432734],[-83.086553,42.432777],[-83.085328,42.432822],[-83.085218,42.430398],[-83.085115,42.428203],[-83.084973,42.425147],[-83.086199,42.425111],[-83.087424,42.425076],[-83.088652,42.42504],[-83.089876,42.425004],[-83.091081,42.424968],[-83.092299,42.424934],[-83.092748,42.424923],[-83.093184,42.424915]]]},"properties":{"OBJECTID":92,"council_district":3,"nhood_num":86,"nhood_name":"Hawthorne Park","Website":"https://theneighborhoods.org/neighborhoods/hawthorne-park"}},{"type":"Feature","id":93,"geometry":{"type":"Polygon","coordinates":[[[-83.03931,42.383567],[-83.03761,42.382908],[-83.03701,42.383074],[-83.034826,42.380029],[-83.034767,42.379957],[-83.034676,42.379867],[-83.034476,42.379714],[-83.034308,42.379592],[-83.033876,42.379279],[-83.033757,42.379193],[-83.033426,42.378953],[-83.033232,42.378807],[-83.033104,42.378695],[-83.033016,42.378606],[-83.032918,42.378481],[-83.032821,42.378356],[-83.032451,42.377791],[-83.031785,42.376775],[-83.031084,42.375704],[-83.0307,42.375117],[-83.030397,42.374655],[-83.029713,42.373611],[-83.029114,42.372696],[-83.0286,42.371914],[-83.028128,42.371192],[-83.027655,42.370473],[-83.030287,42.369516],[-83.031002,42.369257],[-83.031803,42.368967],[-83.034211,42.368092],[-83.035857,42.367492],[-83.036827,42.36714],[-83.037787,42.366792],[-83.038751,42.366439],[-83.040322,42.365864],[-83.040792,42.365697],[-83.042807,42.364966],[-83.04435,42.364406],[-83.045107,42.364132],[-83.046102,42.363773],[-83.046309,42.363698],[-83.046634,42.36358],[-83.049229,42.362637],[-83.050694,42.362107],[-83.050901,42.362043],[-83.050984,42.36175],[-83.051065,42.361766],[-83.051241,42.361789],[-83.051389,42.361786],[-83.051558,42.361761],[-83.052311,42.36153],[-83.053821,42.36098],[-83.054241,42.360835],[-83.054471,42.360744],[-83.05458,42.360912],[-83.05474,42.361158],[-83.054999,42.361686],[-83.055319,42.36239],[-83.055711,42.363186],[-83.056453,42.36476],[-83.056623,42.365117],[-83.056739,42.365383],[-83.057485,42.366972],[-83.058036,42.36815],[-83.058144,42.368369],[-83.057919,42.368497],[-83.057745,42.368615],[-83.057361,42.368882],[-83.056681,42.369366],[-83.056306,42.369615],[-83.056051,42.369784],[-83.055314,42.370258],[-83.054747,42.370673],[-83.054337,42.370955],[-83.053909,42.371249],[-83.053119,42.371666],[-83.052773,42.371835],[-83.052535,42.371929],[-83.052261,42.372049],[-83.051616,42.372368],[-83.051358,42.37248],[-83.051044,42.372616],[-83.05008,42.372994],[-83.05014,42.373096],[-83.050366,42.37347],[-83.050453,42.373627],[-83.050516,42.373772],[-83.050475,42.37411],[-83.050602,42.374163],[-83.050702,42.374195],[-83.05082,42.374251],[-83.050924,42.374321],[-83.050995,42.374386],[-83.051039,42.374439],[-83.051555,42.37522],[-83.052432,42.376539],[-83.05282,42.377128],[-83.052941,42.377261],[-83.053026,42.377328],[-83.053111,42.37738],[-83.053187,42.377417],[-83.053268,42.37745],[-83.053324,42.377468],[-83.053546,42.377526],[-83.053679,42.377835],[-83.053942,42.378346],[-83.054398,42.379018],[-83.054747,42.379595],[-83.045195,42.383052],[-83.040676,42.384687],[-83.04017,42.384019],[-83.039577,42.383723],[-83.039335,42.383577],[-83.03931,42.383567]]]},"properties":{"OBJECTID":93,"council_district":5,"nhood_num":115,"nhood_name":"Poletown East","Website":"https://theneighborhoods.org/neighborhoods/poletown-east"}},{"type":"Feature","id":94,"geometry":{"type":"Polygon","coordinates":[[[-83.104989,42.417757],[-83.105293,42.417749],[-83.106114,42.418742],[-83.10626,42.418864],[-83.106609,42.419251],[-83.106822,42.419484],[-83.106931,42.419613],[-83.107118,42.419864],[-83.107218,42.420017],[-83.107509,42.420438],[-83.107952,42.421108],[-83.108388,42.421738],[-83.108654,42.422117],[-83.109074,42.42275],[-83.109161,42.422882],[-83.109478,42.42339],[-83.109898,42.424012],[-83.110088,42.424268],[-83.110164,42.424371],[-83.110454,42.424839],[-83.110584,42.425029],[-83.110916,42.425514],[-83.111142,42.425811],[-83.111697,42.426632],[-83.112116,42.427277],[-83.112644,42.428046],[-83.112739,42.428172],[-83.113266,42.428946],[-83.113704,42.429623],[-83.114278,42.430444],[-83.114821,42.431263],[-83.115096,42.431647],[-83.115421,42.432116],[-83.114981,42.432133],[-83.114704,42.432143],[-83.112145,42.432175],[-83.111162,42.432186],[-83.110181,42.432194],[-83.1092,42.432205],[-83.108219,42.432215],[-83.107266,42.432222],[-83.106227,42.432217],[-83.105172,42.432224],[-83.105002,42.432225],[-83.104116,42.432254],[-83.103965,42.432259],[-83.102381,42.432277],[-83.102347,42.431443],[-83.102314,42.430648],[-83.102282,42.429855],[-83.102249,42.42906],[-83.102216,42.428309],[-83.102188,42.427598],[-83.102156,42.426885],[-83.102124,42.426155],[-83.102093,42.425428],[-83.102064,42.424642],[-83.102036,42.423916],[-83.102029,42.423693],[-83.102008,42.423156],[-83.101995,42.422789],[-83.101978,42.422402],[-83.101962,42.421899],[-83.101953,42.421661],[-83.101933,42.421114],[-83.101926,42.420909],[-83.101899,42.42016],[-83.101871,42.419406],[-83.101864,42.419213],[-83.101846,42.418648],[-83.101812,42.417828],[-83.102989,42.417803],[-83.104547,42.417763],[-83.104989,42.417757]]]},"properties":{"OBJECTID":94,"council_district":2,"nhood_num":48,"nhood_name":"Grixdale Farms","Website":"https://theneighborhoods.org/neighborhoods/grixdale-farms"}},{"type":"Feature","id":95,"geometry":{"type":"Polygon","coordinates":[[[-83.115421,42.432116],[-83.115096,42.431647],[-83.114821,42.431263],[-83.114278,42.430444],[-83.113704,42.429623],[-83.113266,42.428946],[-83.112739,42.428172],[-83.112644,42.428046],[-83.112116,42.427277],[-83.111697,42.426632],[-83.111142,42.425811],[-83.110916,42.425514],[-83.110584,42.425029],[-83.110454,42.424839],[-83.110164,42.424371],[-83.110088,42.424268],[-83.109898,42.424012],[-83.109478,42.42339],[-83.109161,42.422882],[-83.109074,42.42275],[-83.108654,42.422117],[-83.108388,42.421738],[-83.107952,42.421108],[-83.107509,42.420438],[-83.107218,42.420017],[-83.107118,42.419864],[-83.106931,42.419613],[-83.106822,42.419484],[-83.106609,42.419251],[-83.10626,42.418864],[-83.106114,42.418742],[-83.105293,42.417749],[-83.107952,42.417724],[-83.109609,42.417698],[-83.110794,42.417677],[-83.112654,42.417645],[-83.113659,42.417627],[-83.115589,42.417597],[-83.11644,42.417579],[-83.117006,42.418418],[-83.117279,42.418814],[-83.118212,42.420204],[-83.119476,42.422069],[-83.119592,42.422101],[-83.119706,42.422139],[-83.119816,42.422182],[-83.119942,42.422242],[-83.12012,42.422346],[-83.120535,42.42262],[-83.121129,42.422938],[-83.121305,42.423038],[-83.121429,42.423116],[-83.121622,42.423258],[-83.121798,42.423411],[-83.122004,42.423617],[-83.122378,42.424009],[-83.122701,42.424374],[-83.122981,42.424724],[-83.123277,42.425141],[-83.123528,42.425532],[-83.123783,42.425979],[-83.123987,42.426386],[-83.124151,42.426759],[-83.124378,42.427337],[-83.124534,42.427694],[-83.124614,42.42786],[-83.124883,42.428358],[-83.125218,42.428888],[-83.12537,42.429111],[-83.125512,42.429303],[-83.125713,42.429553],[-83.125862,42.429725],[-83.126095,42.429976],[-83.126278,42.430159],[-83.126599,42.430456],[-83.127085,42.430869],[-83.127463,42.431182],[-83.12761,42.431322],[-83.1277,42.431438],[-83.127769,42.431562],[-83.127788,42.431655],[-83.128011,42.431849],[-83.127786,42.431824],[-83.127015,42.43182],[-83.125931,42.431819],[-83.124583,42.431831],[-83.124075,42.431844],[-83.123607,42.431848],[-83.119877,42.431924],[-83.119597,42.43192],[-83.118258,42.431939],[-83.118061,42.431937],[-83.117615,42.43195],[-83.117006,42.431976],[-83.116167,42.432023],[-83.115544,42.432052],[-83.115421,42.432116]]]},"properties":{"OBJECTID":95,"council_district":2,"nhood_num":49,"nhood_name":"Palmer Park","Website":"https://theneighborhoods.org/neighborhoods/palmer-park"}},{"type":"Feature","id":96,"geometry":{"type":"Polygon","coordinates":[[[-83.082329,42.368487],[-83.082786,42.368315],[-83.083856,42.369965],[-83.084036,42.370233],[-83.084564,42.371031],[-83.085175,42.371953],[-83.085572,42.372512],[-83.08488,42.372757],[-83.077596,42.375414],[-83.077525,42.37548],[-83.077272,42.375572],[-83.0773,42.375614],[-83.077135,42.375675],[-83.076972,42.375734],[-83.076935,42.37568],[-83.07655,42.375106],[-83.076413,42.374902],[-83.075869,42.374094],[-83.075582,42.373668],[-83.075543,42.373611],[-83.075345,42.373317],[-83.07515,42.373027],[-83.074731,42.372404],[-83.07438,42.371883],[-83.074164,42.371562],[-83.077179,42.370427],[-83.080126,42.369316],[-83.082329,42.368487]]]},"properties":{"OBJECTID":96,"council_district":5,"nhood_num":144,"nhood_name":"New Center Commons","Website":"https://theneighborhoods.org/neighborhoods/new-center-commons"}},{"type":"Feature","id":97,"geometry":{"type":"Polygon","coordinates":[[[-83.082611,42.384142],[-83.082336,42.383734],[-83.082195,42.383523],[-83.081719,42.382815],[-83.081188,42.382024],[-83.080653,42.381231],[-83.080574,42.381113],[-83.080073,42.380368],[-83.079562,42.379608],[-83.079012,42.378791],[-83.078467,42.37798],[-83.077921,42.377169],[-83.077648,42.376765],[-83.077663,42.37676],[-83.077819,42.376703],[-83.077985,42.376642],[-83.078267,42.376539],[-83.078482,42.376461],[-83.078622,42.376402],[-83.080788,42.375604],[-83.08376,42.374509],[-83.085528,42.373857],[-83.086306,42.373582],[-83.08631,42.373587],[-83.086325,42.373582],[-83.086581,42.373951],[-83.088203,42.376435],[-83.089744,42.378687],[-83.090001,42.379073],[-83.090406,42.379663],[-83.090529,42.379841],[-83.090735,42.380095],[-83.090735,42.380095],[-83.090957,42.380327],[-83.091083,42.380449],[-83.091124,42.380489],[-83.091206,42.380573],[-83.091577,42.380866],[-83.091601,42.380884],[-83.090959,42.38108],[-83.090959,42.38108],[-83.088644,42.381954],[-83.085661,42.383052],[-83.08264,42.384142],[-83.08263,42.384142],[-83.082628,42.384139],[-83.082621,42.384141],[-83.082611,42.384142]]]},"properties":{"OBJECTID":97,"council_district":5,"nhood_num":146,"nhood_name":"Piety Hill","Website":"https://theneighborhoods.org/neighborhoods/piety-hill"}},{"type":"Feature","id":98,"geometry":{"type":"Polygon","coordinates":[[[-83.073673,42.432929],[-83.072856,42.431825],[-83.072468,42.431243],[-83.071989,42.430558],[-83.07119,42.429437],[-83.070396,42.42833],[-83.069617,42.427242],[-83.069271,42.426757],[-83.069172,42.426618],[-83.068614,42.425834],[-83.069095,42.425832],[-83.070078,42.425821],[-83.070643,42.425809],[-83.070814,42.425809],[-83.071058,42.425808],[-83.071656,42.425799],[-83.072041,42.425795],[-83.072803,42.425786],[-83.073713,42.425775],[-83.074425,42.425768],[-83.074718,42.425764],[-83.075483,42.425752],[-83.07574,42.425748],[-83.076465,42.425737],[-83.076901,42.425731],[-83.077435,42.425724],[-83.077978,42.425719],[-83.078445,42.425715],[-83.079079,42.42571],[-83.07951,42.425708],[-83.08,42.425703],[-83.080146,42.425683],[-83.080542,42.425625],[-83.081507,42.425487],[-83.082544,42.42534],[-83.083215,42.425244],[-83.083519,42.425201],[-83.083747,42.425189],[-83.083987,42.425176],[-83.084973,42.425147],[-83.085115,42.428203],[-83.085218,42.430398],[-83.085328,42.432822],[-83.084103,42.432866],[-83.083492,42.432888],[-83.083271,42.432896],[-83.082894,42.432901],[-83.082159,42.432913],[-83.081668,42.432913],[-83.080445,42.432915],[-83.079335,42.432901],[-83.079232,42.432903],[-83.078252,42.432915],[-83.078006,42.432915],[-83.077118,42.432916],[-83.07678,42.432916],[-83.076018,42.432917],[-83.075553,42.432917],[-83.074995,42.432917],[-83.073965,42.43292],[-83.073673,42.432929]]]},"properties":{"OBJECTID":98,"council_district":3,"nhood_num":85,"nhood_name":"Northeast Central District","Website":"https://theneighborhoods.org/neighborhoods/northeast-central-district"}},{"type":"Feature","id":99,"geometry":{"type":"Polygon","coordinates":[[[-82.927795,42.392733],[-82.929055,42.392215],[-82.929181,42.392533],[-82.929717,42.393462],[-82.930383,42.39448],[-82.93111,42.395594],[-82.93182,42.396677],[-82.932532,42.397764],[-82.933254,42.39887],[-82.933955,42.399939],[-82.934694,42.401069],[-82.935294,42.401982],[-82.935791,42.40274],[-82.9364,42.403667],[-82.936665,42.404065],[-82.937017,42.404606],[-82.937506,42.405349],[-82.938043,42.406164],[-82.938578,42.406979],[-82.9391,42.407771],[-82.939586,42.408514],[-82.939666,42.408598],[-82.939824,42.408655],[-82.940839,42.410191],[-82.942002,42.411965],[-82.942282,42.412342],[-82.942399,42.412441],[-82.942536,42.412557],[-82.942845,42.4127],[-82.94299,42.412767],[-82.943217,42.412861],[-82.942696,42.41326],[-82.942609,42.413325],[-82.941888,42.413867],[-82.941012,42.414525],[-82.94032,42.415054],[-82.939065,42.415967],[-82.939054,42.415974],[-82.938665,42.416256],[-82.938173,42.41658],[-82.937378,42.417083],[-82.937145,42.417209],[-82.936928,42.416888],[-82.936889,42.416827],[-82.936637,42.416436],[-82.936373,42.416044],[-82.935477,42.414665],[-82.935214,42.414269],[-82.934142,42.412641],[-82.933231,42.411258],[-82.933125,42.411107],[-82.933005,42.410924],[-82.931997,42.409387],[-82.931889,42.409218],[-82.930925,42.407762],[-82.930092,42.406473],[-82.92983,42.406075],[-82.929273,42.405248],[-82.928841,42.404601],[-82.928706,42.404397],[-82.928399,42.403932],[-82.927981,42.4033],[-82.927551,42.402645],[-82.927125,42.401998],[-82.92667,42.401307],[-82.926266,42.400693],[-82.925829,42.400031],[-82.925198,42.399075],[-82.923966,42.397206],[-82.92375,42.396879],[-82.923538,42.396559],[-82.923102,42.395899],[-82.922399,42.394829],[-82.923465,42.394432],[-82.924442,42.394055],[-82.92462,42.393982],[-82.925353,42.393696],[-82.925692,42.393564],[-82.926482,42.393256],[-82.926671,42.393182],[-82.927261,42.392951],[-82.927795,42.392733]]]},"properties":{"OBJECTID":99,"council_district":4,"nhood_num":93,"nhood_name":"East English Village","Website":"https://theneighborhoods.org/neighborhoods/east-english-village"}},{"type":"Feature","id":100,"geometry":{"type":"Polygon","coordinates":[[[-83.090776,42.336225],[-83.091127,42.336676],[-83.09198,42.338103],[-83.092877,42.339624],[-83.093885,42.341296],[-83.094929,42.343051],[-83.09559,42.344192],[-83.096685,42.346099],[-83.097288,42.347133],[-83.098051,42.34841],[-83.098601,42.349255],[-83.098937,42.349687],[-83.099142,42.34994],[-83.099241,42.350055],[-83.099339,42.35016],[-83.099081,42.350247],[-83.098684,42.350365],[-83.098254,42.350506],[-83.097952,42.3506],[-83.096802,42.350959],[-83.096002,42.351216],[-83.095744,42.351293],[-83.094221,42.350683],[-83.090727,42.349271],[-83.090507,42.349182],[-83.090508,42.34918],[-83.090172,42.349044],[-83.089352,42.348713],[-83.08879,42.348489],[-83.08793,42.348143],[-83.087183,42.347839],[-83.085515,42.347164],[-83.084965,42.346943],[-83.083515,42.34636],[-83.082823,42.346081],[-83.082475,42.34594],[-83.081819,42.345679],[-83.081566,42.345574],[-83.08119,42.345422],[-83.079624,42.344791],[-83.078761,42.344444],[-83.07776,42.344039],[-83.077624,42.343984],[-83.07678,42.343643],[-83.076016,42.343335],[-83.075466,42.343113],[-83.074891,42.342881],[-83.07478,42.342836],[-83.074002,42.342529],[-83.073535,42.342333],[-83.073005,42.342121],[-83.072578,42.341949],[-83.072857,42.341862],[-83.074967,42.341205],[-83.075267,42.341116],[-83.075525,42.341032],[-83.075934,42.340902],[-83.077194,42.340509],[-83.078381,42.340137],[-83.079015,42.339937],[-83.079164,42.33989],[-83.079314,42.339844],[-83.07974,42.33971],[-83.080058,42.33961],[-83.080835,42.33935],[-83.081028,42.339295],[-83.081144,42.339258],[-83.081261,42.339222],[-83.082196,42.338942],[-83.082701,42.338784],[-83.082927,42.338706],[-83.083184,42.338611],[-83.083525,42.338484],[-83.083669,42.338416],[-83.084212,42.338218],[-83.084305,42.338191],[-83.084683,42.338079],[-83.085633,42.337829],[-83.087222,42.337369],[-83.088552,42.33695],[-83.089944,42.336506],[-83.090176,42.336428],[-83.090548,42.336304],[-83.090776,42.336225]]]},"properties":{"OBJECTID":100,"council_district":6,"nhood_num":161,"nhood_name":"Core City","Website":"https://theneighborhoods.org/neighborhoods/core-city"}},{"type":"Feature","id":101,"geometry":{"type":"Polygon","coordinates":[[[-83.08488,42.372757],[-83.085572,42.372512],[-83.085807,42.372843],[-83.086053,42.373189],[-83.086325,42.373582],[-83.08631,42.373587],[-83.085547,42.373857],[-83.083779,42.374509],[-83.080807,42.375604],[-83.078641,42.376402],[-83.078502,42.376461],[-83.078286,42.37654],[-83.078004,42.376642],[-83.077839,42.376703],[-83.077667,42.376765],[-83.077663,42.37676],[-83.077423,42.376404],[-83.077338,42.376278],[-83.076972,42.375734],[-83.077135,42.375675],[-83.0773,42.375614],[-83.077272,42.375572],[-83.077525,42.37548],[-83.077596,42.375414],[-83.08488,42.372757]]]},"properties":{"OBJECTID":101,"council_district":5,"nhood_num":145,"nhood_name":"Virginia Park","Website":"https://theneighborhoods.org/neighborhoods/virginia-park"}},{"type":"Feature","id":102,"geometry":{"type":"Polygon","coordinates":[[[-83.182964,42.37301],[-83.182973,42.372935],[-83.182343,42.37295],[-83.178558,42.373032],[-83.177993,42.373038],[-83.17677,42.373058],[-83.176679,42.370665],[-83.176591,42.368305],[-83.1765,42.365817],[-83.177724,42.365793],[-83.1789,42.365766],[-83.180123,42.365739],[-83.182474,42.365688],[-83.183854,42.365658],[-83.185064,42.365635],[-83.18628,42.365609],[-83.187502,42.365582],[-83.188595,42.365559],[-83.189673,42.365531],[-83.190755,42.365508],[-83.19184,42.365484],[-83.19297,42.365459],[-83.194044,42.365435],[-83.195115,42.365412],[-83.196189,42.36539],[-83.197286,42.365365],[-83.197285,42.365562],[-83.197364,42.367849],[-83.197452,42.370207],[-83.19756,42.37256],[-83.197591,42.373338],[-83.197616,42.374447],[-83.197628,42.374746],[-83.197686,42.376129],[-83.197699,42.376262],[-83.197706,42.376569],[-83.197735,42.376892],[-83.197757,42.377056],[-83.197795,42.377383],[-83.197857,42.377718],[-83.197921,42.377946],[-83.197991,42.378243],[-83.198007,42.378573],[-83.198033,42.378894],[-83.198042,42.379064],[-83.198044,42.379232],[-83.197901,42.379235],[-83.195224,42.379249],[-83.194554,42.379253],[-83.193123,42.379272],[-83.192762,42.379294],[-83.192453,42.379325],[-83.192147,42.379368],[-83.191845,42.379422],[-83.191548,42.379488],[-83.190896,42.379684],[-83.190628,42.379777],[-83.190383,42.379876],[-83.190257,42.379921],[-83.189028,42.380335],[-83.188129,42.380664],[-83.186682,42.381182],[-83.185694,42.38152],[-83.185169,42.381686],[-83.184601,42.38186],[-83.183301,42.382216],[-83.183157,42.38225],[-83.183113,42.38226],[-83.183056,42.382274],[-83.182935,42.3823],[-83.178886,42.383205],[-83.178366,42.383321],[-83.17836,42.383144],[-83.178354,42.38297],[-83.178345,42.382681],[-83.178261,42.380285],[-83.182523,42.380184],[-83.183004,42.380173],[-83.182996,42.37996],[-83.182987,42.379748],[-83.183022,42.37922],[-83.183044,42.379015],[-83.183061,42.378845],[-83.183073,42.378453],[-83.183078,42.378339],[-83.183089,42.378102],[-83.183104,42.377573],[-83.183182,42.377288],[-83.183325,42.37704],[-83.18332,42.37675],[-83.183264,42.3762],[-83.183243,42.375991],[-83.183193,42.375387],[-83.182971,42.373213],[-83.182964,42.37301]]]},"properties":{"OBJECTID":102,"council_district":7,"nhood_num":187,"nhood_name":"Plymouth-Hubbell","Website":"https://theneighborhoods.org/neighborhoods/plymouth-hubbell"}},{"type":"Feature","id":103,"geometry":{"type":"Polygon","coordinates":[[[-83.186767,42.351085],[-83.186911,42.351079],[-83.186935,42.351492],[-83.187028,42.353613],[-83.187135,42.355981],[-83.18724,42.358348],[-83.186017,42.358373],[-83.18481,42.358397],[-83.183636,42.358421],[-83.182482,42.358445],[-83.182207,42.358452],[-83.180425,42.358499],[-83.178625,42.358526],[-83.177736,42.35854],[-83.177496,42.358547],[-83.17629,42.358573],[-83.1763,42.358496],[-83.176202,42.356241],[-83.17622,42.356176],[-83.176236,42.356107],[-83.176129,42.353708],[-83.176024,42.35131],[-83.177184,42.351284],[-83.17838,42.351258],[-83.179592,42.351232],[-83.181934,42.351181],[-83.182073,42.351179],[-83.184479,42.351128],[-83.185684,42.351103],[-83.186767,42.351085]]]},"properties":{"OBJECTID":103,"council_district":7,"nhood_num":201,"nhood_name":"Joy-Schaefer","Website":"https://theneighborhoods.org/neighborhoods/joy-schaefer"}},{"type":"Feature","id":104,"geometry":{"type":"Polygon","coordinates":[[[-83.079297,42.408721],[-83.079546,42.408656],[-83.079774,42.408613],[-83.079981,42.408567],[-83.080842,42.408367],[-83.081344,42.408229],[-83.08148,42.408189],[-83.081548,42.408272],[-83.081615,42.408356],[-83.081729,42.408502],[-83.08176,42.408542],[-83.082288,42.409251],[-83.082668,42.40973],[-83.084157,42.411607],[-83.084619,42.412191],[-83.084815,42.412437],[-83.085074,42.412712],[-83.085167,42.412826],[-83.085509,42.413184],[-83.085666,42.413425],[-83.085824,42.413665],[-83.086088,42.413991],[-83.086886,42.414934],[-83.089216,42.417893],[-83.089333,42.418042],[-83.089417,42.418161],[-83.088578,42.418207],[-83.088058,42.418225],[-83.08775,42.418235],[-83.087225,42.418266],[-83.085909,42.418325],[-83.084986,42.418353],[-83.084682,42.418366],[-83.083992,42.418386],[-83.083656,42.418381],[-83.083449,42.418391],[-83.08225,42.418432],[-83.08123,42.418458],[-83.080238,42.418484],[-83.079198,42.41851],[-83.078108,42.41854],[-83.077153,42.418564],[-83.076166,42.418589],[-83.075179,42.418613],[-83.074736,42.418616],[-83.074578,42.418611],[-83.074034,42.418601],[-83.073489,42.418592],[-83.072587,42.418599],[-83.071526,42.418601],[-83.070964,42.418614],[-83.06987,42.41862],[-83.068788,42.418637],[-83.067704,42.418639],[-83.0665,42.418646],[-83.065883,42.418637],[-83.065814,42.418638],[-83.064737,42.418644],[-83.063611,42.418653],[-83.06305,42.417826],[-83.061487,42.415521],[-83.062418,42.415197],[-83.063248,42.414859],[-83.063348,42.414818],[-83.063792,42.414652],[-83.064071,42.414557],[-83.064754,42.414346],[-83.065398,42.41418],[-83.065693,42.414107],[-83.066682,42.413864],[-83.066839,42.413825],[-83.067559,42.413606],[-83.068425,42.413292],[-83.068843,42.413129],[-83.069143,42.413006],[-83.069449,42.412867],[-83.069718,42.412731],[-83.069979,42.412586],[-83.07006,42.412536],[-83.07023,42.412432],[-83.070391,42.412316],[-83.070972,42.411922],[-83.071571,42.411516],[-83.071723,42.411422],[-83.072467,42.410959],[-83.072839,42.410766],[-83.072863,42.410753],[-83.073327,42.410507],[-83.07375,42.410309],[-83.074716,42.409924],[-83.075021,42.409811],[-83.075434,42.409671],[-83.075853,42.409541],[-83.077009,42.409236],[-83.077227,42.409187],[-83.078196,42.408968],[-83.079166,42.40875],[-83.079297,42.408721]]]},"properties":{"OBJECTID":104,"council_district":3,"nhood_num":82,"nhood_name":"North Campau","Website":"https://theneighborhoods.org/neighborhoods/north-campau"}},{"type":"Feature","id":105,"geometry":{"type":"Polygon","coordinates":[[[-83.109119,42.398749],[-83.109153,42.398738],[-83.109602,42.398591],[-83.10976,42.398532],[-83.109919,42.398474],[-83.110125,42.398376],[-83.110298,42.398277],[-83.110362,42.39824],[-83.110592,42.398104],[-83.11111,42.398469],[-83.111577,42.398798],[-83.111839,42.398974],[-83.112661,42.399529],[-83.113437,42.400035],[-83.114164,42.400509],[-83.114625,42.400809],[-83.115777,42.401587],[-83.115852,42.401637],[-83.115924,42.401686],[-83.117021,42.402425],[-83.117389,42.402663],[-83.117488,42.402728],[-83.118184,42.403177],[-83.118312,42.403008],[-83.118423,42.40305],[-83.118547,42.403085],[-83.118675,42.403109],[-83.118806,42.403122],[-83.118906,42.403123],[-83.119957,42.403094],[-83.121177,42.403067],[-83.122402,42.403045],[-83.123612,42.403021],[-83.124493,42.403005],[-83.124846,42.402998],[-83.126079,42.402974],[-83.126811,42.402959],[-83.127248,42.402951],[-83.12756,42.402946],[-83.128409,42.40293],[-83.129388,42.402912],[-83.130381,42.402891],[-83.130913,42.40288],[-83.131364,42.402869],[-83.132089,42.402853],[-83.132348,42.402847],[-83.133232,42.402824],[-83.133378,42.40282],[-83.134357,42.4028],[-83.135583,42.40277],[-83.136799,42.402742],[-83.137967,42.402716],[-83.139138,42.402688],[-83.139934,42.402668],[-83.140255,42.402664],[-83.140331,42.404503],[-83.140343,42.404807],[-83.140349,42.404957],[-83.140362,42.405275],[-83.140399,42.406266],[-83.140417,42.406736],[-83.140449,42.407556],[-83.140537,42.409904],[-83.139496,42.409923],[-83.138545,42.40994],[-83.138366,42.409943],[-83.137564,42.409958],[-83.13727,42.409963],[-83.136585,42.409976],[-83.136174,42.409984],[-83.135603,42.409994],[-83.134977,42.410005],[-83.134617,42.410004],[-83.133755,42.410015],[-83.133628,42.410016],[-83.132653,42.41003],[-83.132519,42.410033],[-83.131679,42.410053],[-83.131315,42.410062],[-83.130702,42.410078],[-83.130082,42.410089],[-83.129726,42.410099],[-83.128924,42.410123],[-83.128748,42.410127],[-83.127807,42.410154],[-83.127689,42.410155],[-83.126654,42.410174],[-83.126426,42.41018],[-83.125419,42.410203],[-83.125218,42.410209],[-83.123987,42.410236],[-83.122763,42.410264],[-83.122085,42.410279],[-83.121554,42.410292],[-83.120456,42.410316],[-83.119478,42.410338],[-83.118529,42.41036],[-83.117524,42.410383],[-83.117146,42.410391],[-83.11682,42.409899],[-83.116486,42.409394],[-83.11571,42.408221],[-83.114011,42.405795],[-83.113309,42.404673],[-83.113273,42.404616],[-83.113233,42.404554],[-83.113192,42.404493],[-83.112156,42.403121],[-83.112089,42.403031],[-83.111572,42.402288],[-83.111118,42.401635],[-83.110671,42.400971],[-83.11021,42.400291],[-83.109836,42.39974],[-83.109737,42.399597],[-83.109366,42.399049],[-83.109284,42.398929],[-83.10925,42.39888],[-83.109212,42.398863],[-83.109119,42.398749]]]},"properties":{"OBJECTID":105,"council_district":2,"nhood_num":53,"nhood_name":"Pilgrim Village","Website":"https://theneighborhoods.org/neighborhoods/pilgrim-village"}},{"type":"Feature","id":106,"geometry":{"type":"Polygon","coordinates":[[[-83.158608,42.402526],[-83.159688,42.402515],[-83.159701,42.402602],[-83.159728,42.403582],[-83.159775,42.404324],[-83.159795,42.404694],[-83.159809,42.405003],[-83.159816,42.405163],[-83.159824,42.405324],[-83.160113,42.405434],[-83.160433,42.405568],[-83.160762,42.405719],[-83.160994,42.405838],[-83.161241,42.405977],[-83.161463,42.406117],[-83.16189,42.406414],[-83.162084,42.406589],[-83.16225,42.406729],[-83.162557,42.407026],[-83.162859,42.407328],[-83.163359,42.407849],[-83.163607,42.408108],[-83.164981,42.40962],[-83.165254,42.409918],[-83.165875,42.410531],[-83.165912,42.410565],[-83.166002,42.410647],[-83.166635,42.411195],[-83.167701,42.412143],[-83.168335,42.412737],[-83.168342,42.412744],[-83.168436,42.412831],[-83.169566,42.413951],[-83.170004,42.414418],[-83.171826,42.416395],[-83.172061,42.416641],[-83.171854,42.416642],[-83.171207,42.416646],[-83.170129,42.416656],[-83.169016,42.416685],[-83.167966,42.416715],[-83.166882,42.416746],[-83.165798,42.416777],[-83.164652,42.41681],[-83.163569,42.41684],[-83.162481,42.416871],[-83.161397,42.416903],[-83.160324,42.416932],[-83.159249,42.416953],[-83.158153,42.416972],[-83.157055,42.416991],[-83.15596,42.417011],[-83.154818,42.417032],[-83.15359,42.417056],[-83.152368,42.417078],[-83.151166,42.417098],[-83.150117,42.417109],[-83.149958,42.417109],[-83.149113,42.417114],[-83.148779,42.417116],[-83.14814,42.41712],[-83.147509,42.417123],[-83.147161,42.417125],[-83.146316,42.41713],[-83.146204,42.41713],[-83.145161,42.417133],[-83.144089,42.417136],[-83.143007,42.417139],[-83.141935,42.417142],[-83.140836,42.417147],[-83.140735,42.414691],[-83.140637,42.41235],[-83.140575,42.410843],[-83.140537,42.409904],[-83.140449,42.407556],[-83.140417,42.406736],[-83.140399,42.406266],[-83.140362,42.405275],[-83.140349,42.404957],[-83.140343,42.404807],[-83.140331,42.404503],[-83.140255,42.402664],[-83.14131,42.402654],[-83.142377,42.402645],[-83.143594,42.402635],[-83.144842,42.402625],[-83.146055,42.402615],[-83.146749,42.402609],[-83.147233,42.402605],[-83.148374,42.402595],[-83.149483,42.402585],[-83.149877,42.402583],[-83.15053,42.402578],[-83.151511,42.402572],[-83.152387,42.402566],[-83.153373,42.40256],[-83.154356,42.402554],[-83.154815,42.402551],[-83.155326,42.402548],[-83.156415,42.40254],[-83.157525,42.402533],[-83.158608,42.402526]]]},"properties":{"OBJECTID":106,"council_district":2,"nhood_num":55,"nhood_name":"Fitzgerald/Marygrove","Website":"https://theneighborhoods.org/neighborhoods/fitzgerald-marygrove"}},{"type":"Feature","id":107,"geometry":{"type":"Polygon","coordinates":[[[-83.114981,42.432133],[-83.115421,42.432116],[-83.115827,42.432719],[-83.116011,42.432976],[-83.116695,42.43399],[-83.117065,42.434536],[-83.117182,42.434727],[-83.117251,42.434832],[-83.117426,42.4351],[-83.117783,42.435594],[-83.11824,42.436269],[-83.119172,42.437642],[-83.119473,42.438086],[-83.119725,42.438457],[-83.120188,42.439146],[-83.119839,42.439268],[-83.119688,42.439292],[-83.117145,42.439332],[-83.112362,42.43942],[-83.110401,42.439443],[-83.107436,42.43948],[-83.106868,42.43948],[-83.106768,42.439481],[-83.104732,42.436972],[-83.104129,42.436234],[-83.103576,42.435556],[-83.102872,42.434694],[-83.102437,42.434161],[-83.100931,42.432312],[-83.101045,42.432309],[-83.102381,42.432277],[-83.103965,42.432259],[-83.104116,42.432254],[-83.105002,42.432225],[-83.105172,42.432224],[-83.106227,42.432217],[-83.107266,42.432222],[-83.108219,42.432215],[-83.1092,42.432205],[-83.110181,42.432194],[-83.111162,42.432186],[-83.112145,42.432175],[-83.114704,42.432143],[-83.114981,42.432133]]]},"properties":{"OBJECTID":107,"council_district":2,"nhood_num":47,"nhood_name":"Penrose","Website":"https://theneighborhoods.org/neighborhoods/penrose"}},{"type":"Feature","id":108,"geometry":{"type":"Polygon","coordinates":[[[-83.169642,42.431262],[-83.169633,42.431254],[-83.166434,42.43129],[-83.164205,42.431319],[-83.163118,42.431329],[-83.162028,42.431332],[-83.160984,42.431345],[-83.160911,42.429572],[-83.160848,42.427769],[-83.160785,42.425973],[-83.160719,42.424176],[-83.16071,42.423922],[-83.160626,42.422366],[-83.160525,42.420559],[-83.160423,42.418742],[-83.160324,42.416932],[-83.161397,42.416903],[-83.162481,42.416871],[-83.163569,42.41684],[-83.164652,42.41681],[-83.165798,42.416777],[-83.166882,42.416746],[-83.167966,42.416715],[-83.169016,42.416685],[-83.170129,42.416656],[-83.171207,42.416646],[-83.171854,42.416642],[-83.172061,42.416641],[-83.172156,42.41664],[-83.172252,42.41664],[-83.172458,42.416639],[-83.17324,42.416634],[-83.173544,42.416632],[-83.174251,42.416629],[-83.174934,42.416624],[-83.17548,42.41662],[-83.176286,42.416607],[-83.176562,42.416603],[-83.177457,42.416596],[-83.177642,42.416595],[-83.178625,42.41659],[-83.179568,42.416584],[-83.179806,42.41659],[-83.17988,42.418152],[-83.179893,42.418432],[-83.179941,42.419479],[-83.179972,42.420106],[-83.179982,42.420308],[-83.180061,42.42201],[-83.180147,42.42383],[-83.180185,42.424642],[-83.180194,42.424835],[-83.180204,42.425043],[-83.180213,42.425233],[-83.180234,42.425681],[-83.180321,42.427486],[-83.180407,42.429289],[-83.180507,42.431078],[-83.179509,42.431101],[-83.179292,42.431107],[-83.17833,42.431129],[-83.17814,42.431132],[-83.177249,42.431145],[-83.176968,42.431149],[-83.175754,42.431166],[-83.17548,42.43117],[-83.174228,42.43119],[-83.173991,42.431194],[-83.17306,42.431207],[-83.1729,42.431209],[-83.17272,42.431211],[-83.171851,42.431237],[-83.171659,42.431243],[-83.170698,42.431249],[-83.170294,42.431251],[-83.169642,42.431255],[-83.169642,42.431262]]]},"properties":{"OBJECTID":108,"council_district":2,"nhood_num":59,"nhood_name":"Schulze","Website":"https://theneighborhoods.org/neighborhoods/schulze"}},{"type":"Feature","id":109,"geometry":{"type":"Polygon","coordinates":[[[-83.170689,42.431249],[-83.170698,42.431249],[-83.171659,42.431243],[-83.171851,42.431237],[-83.17272,42.431211],[-83.1729,42.431209],[-83.17306,42.431207],[-83.173991,42.431194],[-83.174228,42.43119],[-83.17548,42.43117],[-83.175754,42.431166],[-83.176968,42.431149],[-83.177249,42.431145],[-83.17814,42.431132],[-83.17833,42.431129],[-83.179292,42.431107],[-83.179509,42.431101],[-83.180507,42.431078],[-83.180524,42.431556],[-83.180556,42.432869],[-83.18062,42.43456],[-83.180627,42.43476],[-83.18069,42.436445],[-83.180759,42.438322],[-83.179677,42.43834],[-83.178598,42.438353],[-83.177515,42.438365],[-83.176433,42.438378],[-83.175345,42.438392],[-83.174256,42.438405],[-83.173168,42.438423],[-83.17208,42.438432],[-83.170992,42.438433],[-83.170984,42.438433],[-83.170984,42.438431],[-83.170914,42.436617],[-83.170846,42.434912],[-83.170765,42.433019],[-83.170689,42.431249]]]},"properties":{"OBJECTID":109,"council_district":2,"nhood_num":38,"nhood_name":"Greenwich","Website":"https://theneighborhoods.org/neighborhoods/greenwich"}},{"type":"Feature","id":110,"geometry":{"type":"Polygon","coordinates":[[[-83.104635,42.367284],[-83.107442,42.366203],[-83.110161,42.365184],[-83.113428,42.363957],[-83.113904,42.364657],[-83.11438,42.365359],[-83.11486,42.366064],[-83.115339,42.366771],[-83.115818,42.367476],[-83.116284,42.368163],[-83.116737,42.368831],[-83.117179,42.369483],[-83.117631,42.37015],[-83.115853,42.370817],[-83.114853,42.371194],[-83.114358,42.37138],[-83.113746,42.371609],[-83.111548,42.372437],[-83.108798,42.373471],[-83.108507,42.373031],[-83.108372,42.372828],[-83.10796,42.372214],[-83.107458,42.371462],[-83.107005,42.370784],[-83.106904,42.370635],[-83.10653,42.370077],[-83.106327,42.369767],[-83.106058,42.369369],[-83.105775,42.368946],[-83.105583,42.368662],[-83.105223,42.368127],[-83.105107,42.36796],[-83.104635,42.367284]]]},"properties":{"OBJECTID":110,"council_district":5,"nhood_num":157,"nhood_name":"Jamison","Website":"https://theneighborhoods.org/neighborhoods/jamison"}},{"type":"Feature","id":111,"geometry":{"type":"Polygon","coordinates":[[[-83.180993,42.444992],[-83.180943,42.443261],[-83.180928,42.442856],[-83.180851,42.440828],[-83.180839,42.440514],[-83.180759,42.438322],[-83.18069,42.436445],[-83.180627,42.43476],[-83.18062,42.43456],[-83.180556,42.432869],[-83.180524,42.431556],[-83.180507,42.431078],[-83.181683,42.431035],[-83.182859,42.430995],[-83.184036,42.43095],[-83.185208,42.430906],[-83.186377,42.430859],[-83.186636,42.430846],[-83.186946,42.430832],[-83.188128,42.431928],[-83.188768,42.432554],[-83.189563,42.433372],[-83.190353,42.434206],[-83.19348,42.437197],[-83.194161,42.437836],[-83.194336,42.437995],[-83.194536,42.438152],[-83.195162,42.438627],[-83.195514,42.438876],[-83.19601,42.439258],[-83.196569,42.439708],[-83.197374,42.44038],[-83.198499,42.44121],[-83.19889,42.441489],[-83.199599,42.441957],[-83.199966,42.442218],[-83.200393,42.442523],[-83.200675,42.442732],[-83.201021,42.442989],[-83.202267,42.443925],[-83.202283,42.443936],[-83.20241,42.444028],[-83.202417,42.444031],[-83.202734,42.444254],[-83.202986,42.444439],[-83.203156,42.444565],[-83.203297,42.444688],[-83.203142,42.444691],[-83.202998,42.444694],[-83.202902,42.444696],[-83.202602,42.444707],[-83.20138,42.444751],[-83.20052,42.444787],[-83.199283,42.444862],[-83.198413,42.444918],[-83.198075,42.444934],[-83.197151,42.444969],[-83.196835,42.444963],[-83.196699,42.44496],[-83.196319,42.444934],[-83.195808,42.444899],[-83.195585,42.444898],[-83.195154,42.444895],[-83.19444,42.4449],[-83.194357,42.444901],[-83.19315,42.44492],[-83.192617,42.444939],[-83.192419,42.44495],[-83.191914,42.444974],[-83.190727,42.444998],[-83.18986,42.445015],[-83.189606,42.445021],[-83.189407,42.445025],[-83.188858,42.445036],[-83.188283,42.445047],[-83.187034,42.445072],[-83.185868,42.445096],[-83.184625,42.44512],[-83.183421,42.445139],[-83.183069,42.445147],[-83.182214,42.445165],[-83.181,42.445192],[-83.180993,42.444992]]]},"properties":{"OBJECTID":111,"council_district":2,"nhood_num":36,"nhood_name":"Schaefer 7/8 Lodge","Website":"https://theneighborhoods.org/neighborhoods/schaefer-7-8-lodge"}},{"type":"Feature","id":112,"geometry":{"type":"Polygon","coordinates":[[[-83.180213,42.425233],[-83.180204,42.425043],[-83.180849,42.425603],[-83.18092,42.425675],[-83.18291,42.427386],[-83.18294,42.427409],[-83.183781,42.428076],[-83.1839,42.42818],[-83.184689,42.428836],[-83.18562,42.429609],[-83.1862,42.430119],[-83.186946,42.430832],[-83.186636,42.430846],[-83.186377,42.430859],[-83.185208,42.430906],[-83.184036,42.43095],[-83.182859,42.430995],[-83.181683,42.431035],[-83.180507,42.431078],[-83.180407,42.429289],[-83.180321,42.427486],[-83.180234,42.425681],[-83.180213,42.425233]]]},"properties":{"OBJECTID":112,"council_district":2,"nhood_num":60,"nhood_name":"Tri-Point","Website":"https://theneighborhoods.org/neighborhoods/tri-point"}},{"type":"Feature","id":113,"geometry":{"type":"Polygon","coordinates":[[[-83.218398,42.415563],[-83.218712,42.415553],[-83.218717,42.416104],[-83.21875,42.417433],[-83.21882,42.419073],[-83.218827,42.419267],[-83.218958,42.422785],[-83.219071,42.426381],[-83.219138,42.427701],[-83.219146,42.42785],[-83.219154,42.428317],[-83.219233,42.43002],[-83.218893,42.430027],[-83.218262,42.430037],[-83.218145,42.430037],[-83.217181,42.430075],[-83.216117,42.430104],[-83.215022,42.430134],[-83.213895,42.430165],[-83.212771,42.430196],[-83.21173,42.430226],[-83.21063,42.430257],[-83.209594,42.430275],[-83.208463,42.430296],[-83.207364,42.430312],[-83.206312,42.430326],[-83.205253,42.430338],[-83.204136,42.430351],[-83.203125,42.430363],[-83.202899,42.430365],[-83.202049,42.43038],[-83.201307,42.430395],[-83.200963,42.430402],[-83.199874,42.430422],[-83.199801,42.428578],[-83.19973,42.426774],[-83.19966,42.424967],[-83.199588,42.423155],[-83.199522,42.421359],[-83.199515,42.421163],[-83.199456,42.419671],[-83.199452,42.419568],[-83.199447,42.419466],[-83.199385,42.417783],[-83.199316,42.415983],[-83.200753,42.415944],[-83.202134,42.415906],[-83.203518,42.415876],[-83.204727,42.415851],[-83.205804,42.415829],[-83.206882,42.415807],[-83.207961,42.415786],[-83.209034,42.415763],[-83.210029,42.415743],[-83.211006,42.415723],[-83.212095,42.415699],[-83.213316,42.415667],[-83.213421,42.415662],[-83.214508,42.415647],[-83.215603,42.415622],[-83.216697,42.415599],[-83.217759,42.415576],[-83.218398,42.415563]]]},"properties":{"OBJECTID":113,"council_district":2,"nhood_num":62,"nhood_name":"College Park","Website":"https://theneighborhoods.org/neighborhoods/college-park"}},{"type":"Feature","id":114,"geometry":{"type":"Polygon","coordinates":[[[-83.198366,42.416012],[-83.199316,42.415983],[-83.199385,42.417783],[-83.199447,42.419466],[-83.199452,42.419568],[-83.199456,42.419671],[-83.199515,42.421163],[-83.199522,42.421359],[-83.199588,42.423155],[-83.19966,42.424967],[-83.19973,42.426774],[-83.199801,42.428578],[-83.199874,42.430422],[-83.198683,42.430449],[-83.197423,42.430481],[-83.196163,42.430518],[-83.195018,42.430555],[-83.194887,42.430559],[-83.193815,42.430595],[-83.193574,42.430603],[-83.192579,42.430637],[-83.192356,42.430644],[-83.19127,42.430681],[-83.191134,42.430685],[-83.189921,42.430724],[-83.188788,42.43076],[-83.187607,42.4308],[-83.187385,42.430811],[-83.187259,42.430817],[-83.187158,42.430821],[-83.186946,42.430832],[-83.1862,42.430119],[-83.18562,42.429609],[-83.184689,42.428836],[-83.1839,42.42818],[-83.183781,42.428076],[-83.18294,42.427409],[-83.18291,42.427386],[-83.18092,42.425675],[-83.180849,42.425603],[-83.180204,42.425043],[-83.180194,42.424835],[-83.180185,42.424642],[-83.180147,42.42383],[-83.180061,42.42201],[-83.179982,42.420308],[-83.179972,42.420106],[-83.179941,42.419479],[-83.179893,42.418432],[-83.17988,42.418152],[-83.179806,42.41659],[-83.180869,42.416571],[-83.181023,42.416569],[-83.181917,42.416568],[-83.182177,42.416565],[-83.182967,42.416554],[-83.183358,42.416548],[-83.184095,42.416539],[-83.184685,42.416532],[-83.185175,42.416525],[-83.186111,42.416513],[-83.187251,42.416497],[-83.188428,42.416481],[-83.189555,42.416459],[-83.189863,42.416449],[-83.19073,42.416406],[-83.192041,42.416338],[-83.193274,42.416274],[-83.194447,42.416214],[-83.195611,42.416154],[-83.196868,42.416089],[-83.198123,42.416025],[-83.198366,42.416012]]]},"properties":{"OBJECTID":114,"council_district":2,"nhood_num":61,"nhood_name":"Winship","Website":"https://theneighborhoods.org/neighborhoods/winship"}},{"type":"Feature","id":115,"geometry":{"type":"Polygon","coordinates":[[[-83.019072,42.441311],[-83.018933,42.441287],[-83.018708,42.441234],[-83.018491,42.441164],[-83.01825,42.441065],[-83.018121,42.441],[-83.018014,42.440937],[-83.017913,42.440869],[-83.017818,42.440797],[-83.017729,42.44072],[-83.017647,42.44064],[-83.017486,42.440447],[-83.017336,42.440256],[-83.016895,42.439696],[-83.016445,42.43912],[-83.016292,42.438925],[-83.015815,42.438313],[-83.015685,42.438146],[-83.015075,42.43737],[-83.014933,42.437171],[-83.014833,42.437013],[-83.014746,42.43685],[-83.014654,42.43661],[-83.014641,42.43659],[-83.014624,42.436538],[-83.014594,42.436433],[-83.014542,42.436175],[-83.014618,42.435738],[-83.014638,42.434983],[-83.014602,42.434382],[-83.014597,42.434158],[-83.014875,42.434145],[-83.016421,42.434116],[-83.01758,42.434095],[-83.018095,42.434085],[-83.019356,42.434061],[-83.021058,42.43403],[-83.02208,42.43401],[-83.024257,42.43397],[-83.025274,42.433949],[-83.026267,42.433927],[-83.027305,42.433908],[-83.027546,42.433902],[-83.028533,42.433881],[-83.029268,42.433867],[-83.029691,42.433859],[-83.030506,42.433842],[-83.030744,42.433838],[-83.031666,42.433821],[-83.03184,42.433815],[-83.032837,42.433795],[-83.034046,42.433768],[-83.034118,42.435803],[-83.034213,42.438641],[-83.034291,42.440936],[-83.034298,42.44112],[-83.03401,42.441131],[-83.033073,42.441151],[-83.031848,42.441178],[-83.030978,42.441197],[-83.030625,42.441204],[-83.029929,42.441219],[-83.029402,42.441231],[-83.028812,42.441245],[-83.028165,42.44126],[-83.02766,42.44127],[-83.026941,42.441283],[-83.026545,42.441292],[-83.025775,42.44131],[-83.02487,42.441329],[-83.024501,42.441341],[-83.023086,42.441371],[-83.022314,42.441363],[-83.021218,42.441355],[-83.020778,42.441317],[-83.019666,42.44134],[-83.019542,42.441343],[-83.0194,42.441341],[-83.019212,42.441328],[-83.019072,42.441311]]]},"properties":{"OBJECTID":115,"council_district":3,"nhood_num":68,"nhood_name":"Nortown","Website":"https://theneighborhoods.org/neighborhoods/nortown"}},{"type":"Feature","id":116,"geometry":{"type":"Polygon","coordinates":[[[-82.989789,42.429372],[-82.989712,42.42756],[-82.989184,42.427573],[-82.98908,42.425293],[-82.989189,42.425251],[-82.990079,42.424935],[-82.991104,42.42457],[-82.992144,42.424201],[-82.99324,42.423811],[-82.994383,42.423405],[-82.995369,42.42305],[-82.99556,42.422981],[-82.996318,42.422708],[-82.996786,42.42254],[-82.997269,42.422365],[-82.997929,42.422127],[-82.998124,42.422056],[-82.998977,42.421749],[-82.999923,42.421409],[-83.000164,42.421322],[-83.001368,42.420889],[-83.002568,42.420458],[-83.003159,42.420245],[-83.004022,42.419936],[-83.004649,42.419937],[-83.005203,42.419938],[-83.006462,42.419902],[-83.007688,42.419865],[-83.00778,42.42208],[-83.007863,42.423741],[-83.007949,42.425316],[-83.008026,42.427069],[-83.008046,42.427136],[-83.008068,42.427193],[-83.008147,42.428927],[-83.00823,42.430734],[-83.008313,42.43253],[-83.008401,42.434337],[-83.00784,42.434354],[-83.007142,42.434374],[-83.006806,42.43438],[-83.005875,42.434402],[-83.005777,42.434401],[-83.005187,42.434414],[-83.004692,42.434426],[-83.003453,42.434462],[-83.002442,42.434487],[-83.002234,42.434487],[-83.001019,42.434529],[-82.999766,42.434578],[-82.998524,42.434609],[-82.997292,42.43464],[-82.996043,42.434673],[-82.994859,42.434703],[-82.993634,42.43473],[-82.992406,42.434757],[-82.991203,42.434783],[-82.990013,42.434807],[-82.989991,42.434386],[-82.989935,42.432997],[-82.989862,42.431185],[-82.989789,42.429372]]]},"properties":{"OBJECTID":116,"council_district":3,"nhood_num":74,"nhood_name":"Von Steuben","Website":"https://theneighborhoods.org/neighborhoods/von-steuben"}},{"type":"Feature","id":117,"geometry":{"type":"Polygon","coordinates":[[[-83.060069,42.415108],[-83.059998,42.415097],[-83.058984,42.415115],[-83.057907,42.415139],[-83.056832,42.415163],[-83.055748,42.415187],[-83.054664,42.415211],[-83.053591,42.415235],[-83.053103,42.415246],[-83.052787,42.415258],[-83.052261,42.41528],[-83.0517,42.415294],[-83.050639,42.415321],[-83.050104,42.415332],[-83.049626,42.415328],[-83.048618,42.415357],[-83.047624,42.41538],[-83.046633,42.415404],[-83.045639,42.415427],[-83.044647,42.415449],[-83.042977,42.415484],[-83.042448,42.415494],[-83.041726,42.415509],[-83.040549,42.415531],[-83.039371,42.415552],[-83.038216,42.415572],[-83.038183,42.414152],[-83.038125,42.411973],[-83.038077,42.410484],[-83.038036,42.409288],[-83.038052,42.409219],[-83.038082,42.409153],[-83.038207,42.408992],[-83.037998,42.40849],[-83.037972,42.406645],[-83.037971,42.406574],[-83.037968,42.405989],[-83.038096,42.405839],[-83.038537,42.405259],[-83.041758,42.401228],[-83.042497,42.400503],[-83.042503,42.401102],[-83.042504,42.401278],[-83.042506,42.401453],[-83.042534,42.404443],[-83.043922,42.404443],[-83.04499,42.404448],[-83.046435,42.404456],[-83.047257,42.40446],[-83.04993,42.404429],[-83.050195,42.404429],[-83.052634,42.404427],[-83.054023,42.40444],[-83.05422,42.404733],[-83.054662,42.405394],[-83.055102,42.40605],[-83.055574,42.406754],[-83.055642,42.406855],[-83.056032,42.407434],[-83.056473,42.408094],[-83.056917,42.408752],[-83.057071,42.408981],[-83.057299,42.409319],[-83.057788,42.410045],[-83.058275,42.410766],[-83.05856,42.411185],[-83.058779,42.411507],[-83.059982,42.413297],[-83.061487,42.415521],[-83.060588,42.415862],[-83.0601,42.415134],[-83.060069,42.415108]]]},"properties":{"OBJECTID":117,"council_district":3,"nhood_num":80,"nhood_name":"Buffalo Charles","Website":"https://theneighborhoods.org/neighborhoods/buffalo-charles"}},{"type":"Feature","id":118,"geometry":{"type":"Polygon","coordinates":[[[-83.262064,42.364369],[-83.262721,42.364347],[-83.262923,42.36435],[-83.263046,42.364347],[-83.264266,42.364305],[-83.265483,42.364265],[-83.26578,42.364259],[-83.266209,42.364258],[-83.266308,42.366721],[-83.266394,42.369092],[-83.266467,42.371487],[-83.266594,42.37445],[-83.266659,42.378604],[-83.266659,42.378604],[-83.266661,42.378738],[-83.266547,42.378741],[-83.261105,42.378875],[-83.261104,42.378822],[-83.261099,42.378568],[-83.261032,42.376614],[-83.261018,42.376405],[-83.261007,42.376222],[-83.260949,42.374012],[-83.260871,42.371597],[-83.260776,42.371388],[-83.260749,42.371091],[-83.260722,42.370186],[-83.260717,42.369196],[-83.260631,42.366825],[-83.260508,42.364386],[-83.260743,42.364382],[-83.261718,42.364366],[-83.261946,42.364368],[-83.262064,42.364369]]]},"properties":{"OBJECTID":118,"council_district":7,"nhood_num":181,"nhood_name":"West Outer Drive","Website":"https://theneighborhoods.org/neighborhoods/west-outer-drive"}},{"type":"Feature","id":119,"geometry":{"type":"Polygon","coordinates":[[[-83.197286,42.365365],[-83.197279,42.364975],[-83.19723,42.363488],[-83.197113,42.360537],[-83.197063,42.359286],[-83.197038,42.358961],[-83.196997,42.358129],[-83.197195,42.358125],[-83.199463,42.358142],[-83.200798,42.35814],[-83.201374,42.358129],[-83.20161,42.35812],[-83.203113,42.35804],[-83.203262,42.358036],[-83.203764,42.358024],[-83.204307,42.358017],[-83.205488,42.357999],[-83.206733,42.357981],[-83.206758,42.357981],[-83.207619,42.357969],[-83.20899,42.357949],[-83.210203,42.357936],[-83.210326,42.357957],[-83.211618,42.357939],[-83.212832,42.35792],[-83.213109,42.357916],[-83.214038,42.357905],[-83.215097,42.357876],[-83.216072,42.357856],[-83.216396,42.357849],[-83.216581,42.357845],[-83.216607,42.358434],[-83.216606,42.358858],[-83.216551,42.360579],[-83.216537,42.360863],[-83.216522,42.361149],[-83.216528,42.362192],[-83.216554,42.36418],[-83.216561,42.364729],[-83.216568,42.365259],[-83.216619,42.368878],[-83.216769,42.372255],[-83.216585,42.372257],[-83.216265,42.37226],[-83.215639,42.372268],[-83.214434,42.372294],[-83.213228,42.372307],[-83.212014,42.372338],[-83.210808,42.37237],[-83.209601,42.372394],[-83.208391,42.372416],[-83.207185,42.372438],[-83.205978,42.372455],[-83.204768,42.372471],[-83.203562,42.372483],[-83.202329,42.372495],[-83.201169,42.372511],[-83.199957,42.372528],[-83.198745,42.372544],[-83.19756,42.37256],[-83.197452,42.370207],[-83.197364,42.367849],[-83.197285,42.365562],[-83.197286,42.365365]]]},"properties":{"OBJECTID":119,"council_district":7,"nhood_num":206,"nhood_name":"Joy Community","Website":"https://theneighborhoods.org/neighborhoods/joy-community"}},{"type":"Feature","id":120,"geometry":{"type":"Polygon","coordinates":[[[-83.217064,42.378246],[-83.217005,42.377535],[-83.217,42.377449],[-83.216908,42.375522],[-83.216861,42.373956],[-83.216847,42.373793],[-83.216838,42.373652],[-83.216769,42.372255],[-83.217095,42.372252],[-83.218022,42.372234],[-83.219235,42.372207],[-83.220451,42.372181],[-83.221666,42.372157],[-83.222872,42.372132],[-83.224091,42.372122],[-83.225317,42.372093],[-83.225966,42.372078],[-83.22645,42.372469],[-83.22647,42.372536],[-83.22658,42.372466],[-83.228727,42.37436],[-83.229377,42.374879],[-83.231092,42.376979],[-83.231203,42.377266],[-83.231189,42.377647],[-83.231088,42.377824],[-83.231012,42.377957],[-83.230981,42.377955],[-83.23098,42.377955],[-83.230807,42.378112],[-83.23036,42.378082],[-83.229755,42.378052],[-83.2293,42.378037],[-83.228692,42.378024],[-83.22817,42.378019],[-83.227648,42.37802],[-83.227126,42.378028],[-83.226626,42.378041],[-83.226084,42.378063],[-83.225541,42.37809],[-83.224978,42.378126],[-83.224488,42.378163],[-83.224015,42.378205],[-83.223442,42.378264],[-83.222932,42.378325],[-83.222515,42.378381],[-83.22117,42.378545],[-83.219614,42.378711],[-83.218989,42.378753],[-83.21852,42.378777],[-83.217893,42.378798],[-83.217861,42.378798],[-83.217343,42.378801],[-83.217209,42.378803],[-83.217117,42.378804],[-83.217113,42.378736],[-83.217103,42.37864],[-83.21709,42.37853],[-83.217079,42.378411],[-83.217064,42.378246]]]},"properties":{"OBJECTID":120,"council_district":7,"nhood_num":185,"nhood_name":"Southfield Plymouth","Website":"https://theneighborhoods.org/neighborhoods/southfield-plymouth"}},{"type":"Feature","id":121,"geometry":{"type":"Polygon","coordinates":[[[-83.182343,42.37295],[-83.182973,42.372935],[-83.182964,42.37301],[-83.182971,42.373213],[-83.183193,42.375387],[-83.183243,42.375991],[-83.183264,42.3762],[-83.18332,42.37675],[-83.183325,42.37704],[-83.183182,42.377288],[-83.183104,42.377573],[-83.183089,42.378102],[-83.183078,42.378339],[-83.183073,42.378453],[-83.183061,42.378845],[-83.183044,42.379015],[-83.183022,42.37922],[-83.182987,42.379748],[-83.182996,42.37996],[-83.183004,42.380173],[-83.182523,42.380184],[-83.178261,42.380285],[-83.178254,42.380063],[-83.178226,42.37933],[-83.178218,42.379113],[-83.178187,42.378292],[-83.17817,42.377831],[-83.178151,42.37734],[-83.17814,42.377039],[-83.17811,42.37625],[-83.178082,42.375412],[-83.178051,42.37467],[-83.178023,42.373881],[-83.177993,42.373038],[-83.178558,42.373032],[-83.182343,42.37295]]]},"properties":{"OBJECTID":121,"council_district":7,"nhood_num":188,"nhood_name":"Paveway","Website":"https://theneighborhoods.org/neighborhoods/paveway"}},{"type":"Feature","id":122,"geometry":{"type":"Polygon","coordinates":[[[-83.168461,42.380595],[-83.168452,42.380491],[-83.168392,42.37982],[-83.16839,42.379748],[-83.168386,42.379665],[-83.168362,42.379071],[-83.168309,42.377495],[-83.16824,42.375588],[-83.168155,42.37323],[-83.169373,42.373203],[-83.170006,42.373189],[-83.170615,42.373176],[-83.171859,42.37315],[-83.173073,42.373125],[-83.174344,42.373102],[-83.175557,42.373081],[-83.17677,42.373058],[-83.177993,42.373038],[-83.178023,42.373881],[-83.178051,42.37467],[-83.178082,42.375412],[-83.17811,42.37625],[-83.17814,42.377039],[-83.178151,42.37734],[-83.17817,42.377831],[-83.178187,42.378292],[-83.178218,42.379113],[-83.178226,42.37933],[-83.178254,42.380063],[-83.178261,42.380285],[-83.178345,42.382681],[-83.178354,42.38297],[-83.17836,42.383144],[-83.178366,42.383321],[-83.176297,42.383772],[-83.176011,42.383656],[-83.17573,42.383543],[-83.175159,42.383313],[-83.174536,42.383063],[-83.173812,42.382772],[-83.173416,42.382611],[-83.173163,42.382508],[-83.172082,42.38207],[-83.171874,42.381988],[-83.170976,42.381627],[-83.170597,42.381474],[-83.169863,42.381182],[-83.168461,42.380595]]]},"properties":{"OBJECTID":122,"council_district":7,"nhood_num":189,"nhood_name":"Pride Area Community","Website":"https://theneighborhoods.org/neighborhoods/pride-area-community"}},{"type":"Feature","id":123,"geometry":{"type":"Polygon","coordinates":[[[-83.176924,42.388045],[-83.178531,42.388003],[-83.178565,42.388908],[-83.178712,42.392625],[-83.178715,42.392699],[-83.1788,42.394824],[-83.17772,42.394848],[-83.176638,42.394872],[-83.175556,42.394896],[-83.174473,42.39492],[-83.173399,42.394943],[-83.17315,42.394948],[-83.172902,42.394954],[-83.169559,42.395028],[-83.169053,42.395031],[-83.168987,42.393675],[-83.168981,42.393546],[-83.168963,42.393188],[-83.168875,42.391417],[-83.168811,42.390056],[-83.168721,42.388248],[-83.169844,42.38822],[-83.17094,42.388194],[-83.172022,42.388168],[-83.173093,42.388141],[-83.17402,42.388116],[-83.175273,42.388088],[-83.176924,42.388045]]]},"properties":{"OBJECTID":123,"council_district":7,"nhood_num":191,"nhood_name":"Happy Homes","Website":"https://theneighborhoods.org/neighborhoods/happy-homes"}},{"type":"Feature","id":124,"geometry":{"type":"Polygon","coordinates":[[[-83.158976,42.385336],[-83.158974,42.385248],[-83.159099,42.38525],[-83.162137,42.38526],[-83.163225,42.385273],[-83.165005,42.38528],[-83.165985,42.38528],[-83.166987,42.385242],[-83.16753,42.385211],[-83.167815,42.385189],[-83.168596,42.385107],[-83.168602,42.385283],[-83.168609,42.38547],[-83.168622,42.385801],[-83.168721,42.388248],[-83.168811,42.390056],[-83.168875,42.391417],[-83.168963,42.393188],[-83.168981,42.393546],[-83.168987,42.393675],[-83.169053,42.395031],[-83.163607,42.39515],[-83.163205,42.395155],[-83.162535,42.395173],[-83.161802,42.395197],[-83.161472,42.395203],[-83.160939,42.395213],[-83.160407,42.395223],[-83.15935,42.39524],[-83.1593,42.393865],[-83.159297,42.393776],[-83.159293,42.393688],[-83.159238,42.392243],[-83.15921,42.39165],[-83.159153,42.390297],[-83.159071,42.388501],[-83.159059,42.388253],[-83.158998,42.386066],[-83.158993,42.385901],[-83.158985,42.385615],[-83.158979,42.385423],[-83.158976,42.385336]]]},"properties":{"OBJECTID":124,"council_district":7,"nhood_num":192,"nhood_name":"Northwest Community","Website":"https://theneighborhoods.org/neighborhoods/northwest-community"}},{"type":"Feature","id":125,"geometry":{"type":"Polygon","coordinates":[[[-83.157314,42.38525],[-83.156888,42.385244],[-83.156879,42.385244],[-83.155971,42.385223],[-83.155739,42.385212],[-83.155434,42.38519],[-83.154927,42.38514],[-83.154608,42.385101],[-83.154184,42.385038],[-83.153869,42.384984],[-83.153555,42.384923],[-83.153244,42.384856],[-83.152935,42.384783],[-83.152799,42.384746],[-83.152577,42.384687],[-83.152253,42.384593],[-83.151846,42.384464],[-83.151444,42.38432],[-83.150768,42.38406],[-83.150355,42.383875],[-83.149421,42.383408],[-83.149122,42.383224],[-83.14902,42.383164],[-83.14884,42.383051],[-83.148361,42.382694],[-83.147996,42.382392],[-83.147802,42.382213],[-83.147609,42.382003],[-83.147267,42.381564],[-83.147105,42.381292],[-83.147084,42.381259],[-83.147015,42.381126],[-83.146963,42.381026],[-83.14677,42.380662],[-83.146596,42.380288],[-83.146445,42.379828],[-83.14638,42.379503],[-83.146356,42.379163],[-83.146346,42.379055],[-83.146339,42.378864],[-83.146341,42.378673],[-83.146358,42.378405],[-83.146365,42.378098],[-83.146406,42.377228],[-83.146422,42.376892],[-83.146473,42.376858],[-83.146527,42.376832],[-83.146605,42.376806],[-83.14669,42.376784],[-83.146797,42.376767],[-83.147184,42.376766],[-83.147997,42.376763],[-83.148766,42.376749],[-83.148884,42.376742],[-83.148982,42.376724],[-83.149075,42.376696],[-83.149162,42.376657],[-83.149242,42.376606],[-83.14932,42.376537],[-83.149381,42.376455],[-83.149623,42.375949],[-83.150067,42.375003],[-83.150602,42.373873],[-83.1507,42.373605],[-83.15072,42.373468],[-83.15095,42.373559],[-83.151142,42.373635],[-83.151531,42.373792],[-83.1524,42.374145],[-83.152638,42.374241],[-83.1537,42.374669],[-83.154308,42.374914],[-83.154661,42.375056],[-83.155401,42.375354],[-83.155669,42.375462],[-83.156518,42.375805],[-83.156663,42.375863],[-83.15763,42.376253],[-83.158688,42.376678],[-83.158771,42.37898],[-83.158834,42.380739],[-83.158926,42.383649],[-83.15896,42.384757],[-83.158969,42.385058],[-83.158974,42.385248],[-83.158228,42.385246],[-83.157969,42.385259],[-83.157314,42.38525]]]},"properties":{"OBJECTID":125,"council_district":7,"nhood_num":198,"nhood_name":"Littlefield Community","Website":"https://theneighborhoods.org/neighborhoods/littlefield-community"}},{"type":"Feature","id":126,"geometry":{"type":"Polygon","coordinates":[[[-83.195913,42.35815],[-83.196997,42.358129],[-83.197038,42.358961],[-83.197063,42.359286],[-83.197113,42.360537],[-83.19723,42.363488],[-83.197279,42.364975],[-83.197286,42.365365],[-83.196189,42.36539],[-83.195115,42.365412],[-83.194044,42.365435],[-83.19297,42.365459],[-83.19184,42.365484],[-83.190755,42.365508],[-83.189673,42.365531],[-83.188595,42.365559],[-83.187502,42.365582],[-83.18628,42.365609],[-83.185064,42.365635],[-83.183854,42.365658],[-83.182474,42.365688],[-83.180123,42.365739],[-83.1789,42.365766],[-83.177724,42.365793],[-83.1765,42.365817],[-83.176431,42.36364],[-83.176344,42.360835],[-83.176276,42.358647],[-83.17629,42.358573],[-83.177496,42.358547],[-83.177736,42.35854],[-83.178625,42.358526],[-83.180425,42.358499],[-83.182207,42.358452],[-83.182482,42.358445],[-83.183636,42.358421],[-83.18481,42.358397],[-83.186017,42.358373],[-83.18724,42.358348],[-83.188382,42.358323],[-83.189502,42.358296],[-83.190549,42.358272],[-83.191598,42.358249],[-83.192734,42.358222],[-83.193798,42.358198],[-83.194854,42.358174],[-83.195913,42.35815]]]},"properties":{"OBJECTID":126,"council_district":7,"nhood_num":202,"nhood_name":"We Care Community","Website":"https://theneighborhoods.org/neighborhoods/we-care-community"}},{"type":"Feature","id":127,"geometry":{"type":"Polygon","coordinates":[[[-83.195508,42.350912],[-83.196609,42.35089],[-83.196751,42.353398],[-83.196885,42.355758],[-83.196947,42.3569],[-83.196958,42.357344],[-83.196997,42.358129],[-83.195913,42.35815],[-83.194854,42.358174],[-83.193798,42.358198],[-83.192734,42.358222],[-83.191598,42.358249],[-83.190549,42.358272],[-83.189502,42.358296],[-83.188382,42.358323],[-83.18724,42.358348],[-83.187135,42.355981],[-83.187028,42.353613],[-83.186935,42.351492],[-83.186911,42.351079],[-83.188103,42.351053],[-83.189256,42.351032],[-83.190283,42.351011],[-83.191287,42.350992],[-83.192331,42.350972],[-83.193392,42.350952],[-83.194452,42.350931],[-83.195508,42.350912]]]},"properties":{"OBJECTID":127,"council_district":7,"nhood_num":203,"nhood_name":"Fiskhorn","Website":"https://theneighborhoods.org/neighborhoods/fiskhorn"}},{"type":"Feature","id":128,"geometry":{"type":"Polygon","coordinates":[[[-83.113042,42.345035],[-83.113453,42.344693],[-83.113911,42.344686],[-83.114541,42.344673],[-83.116285,42.344641],[-83.117776,42.344614],[-83.1185,42.344603],[-83.119207,42.344587],[-83.120283,42.344568],[-83.120502,42.344564],[-83.12139,42.344548],[-83.12177,42.344542],[-83.122316,42.344527],[-83.1225,42.344528],[-83.123044,42.344518],[-83.12368,42.34451],[-83.124468,42.344493],[-83.124861,42.34448],[-83.12632,42.344458],[-83.12682,42.344446],[-83.127042,42.344448],[-83.130381,42.344638],[-83.131974,42.344733],[-83.133539,42.344827],[-83.133731,42.344838],[-83.135797,42.34496],[-83.136171,42.344961],[-83.137789,42.344927],[-83.13951,42.344888],[-83.140569,42.344864],[-83.141631,42.344841],[-83.142693,42.344816],[-83.143622,42.344795],[-83.143758,42.344792],[-83.144863,42.344768],[-83.145862,42.344747],[-83.146887,42.344725],[-83.147374,42.344713],[-83.148431,42.344688],[-83.147956,42.347404],[-83.147713,42.349141],[-83.147545,42.349918],[-83.147592,42.350753],[-83.147654,42.351194],[-83.147667,42.351275],[-83.147684,42.35156],[-83.147736,42.351916],[-83.147766,42.352122],[-83.14768,42.353482],[-83.14773,42.35432],[-83.147792,42.355365],[-83.147863,42.356845],[-83.147868,42.356937],[-83.147943,42.358414],[-83.14795,42.359158],[-83.147936,42.359298],[-83.147923,42.359439],[-83.148273,42.364111],[-83.148439,42.365984],[-83.148461,42.366387],[-83.148474,42.366631],[-83.148495,42.367862],[-83.148498,42.36798],[-83.148512,42.368119],[-83.148559,42.368484],[-83.148653,42.369403],[-83.148708,42.37042],[-83.148901,42.372742],[-83.147858,42.37232],[-83.146551,42.371792],[-83.145945,42.371547],[-83.145375,42.37131],[-83.145094,42.37091],[-83.144859,42.370594],[-83.144571,42.370242],[-83.144334,42.369979],[-83.144015,42.369685],[-83.143727,42.369434],[-83.143325,42.369134],[-83.143039,42.368939],[-83.142759,42.368768],[-83.142221,42.368475],[-83.141977,42.368356],[-83.140993,42.367972],[-83.139986,42.367596],[-83.139886,42.367557],[-83.138741,42.36717],[-83.13803,42.366876],[-83.13544,42.365919],[-83.134445,42.365536],[-83.133401,42.365134],[-83.131295,42.364355],[-83.129268,42.363605],[-83.127797,42.363066],[-83.12776,42.363052],[-83.12772,42.363038],[-83.127579,42.362989],[-83.126561,42.362621],[-83.125991,42.362386],[-83.124995,42.362006],[-83.123057,42.36124],[-83.122536,42.361029],[-83.121336,42.360543],[-83.120085,42.360036],[-83.118554,42.359415],[-83.117267,42.358893],[-83.116175,42.358442],[-83.115913,42.358308],[-83.115126,42.357959],[-83.113852,42.357346],[-83.113156,42.357005],[-83.112293,42.356581],[-83.111396,42.356142],[-83.111012,42.355954],[-83.110854,42.355877],[-83.110716,42.355811],[-83.110579,42.355744],[-83.11049,42.3557],[-83.1104,42.355657],[-83.109814,42.355378],[-83.109182,42.355104],[-83.108606,42.354889],[-83.1075,42.354521],[-83.107075,42.354384],[-83.106649,42.354248],[-83.105441,42.353859],[-83.104686,42.353616],[-83.104145,42.353417],[-83.103762,42.353251],[-83.10311,42.352957],[-83.102294,42.35254],[-83.10209,42.352412],[-83.101826,42.352232],[-83.101454,42.351987],[-83.100924,42.351589],[-83.10053,42.351283],[-83.100236,42.351036],[-83.099899,42.35073],[-83.099732,42.350569],[-83.099437,42.350264],[-83.099341,42.350159],[-83.100009,42.349954],[-83.100572,42.349774],[-83.100942,42.349652],[-83.101942,42.349337],[-83.103244,42.348926],[-83.103944,42.348712],[-83.104268,42.348609],[-83.105107,42.348344],[-83.106056,42.348048],[-83.106299,42.347973],[-83.106412,42.347938],[-83.106562,42.347891],[-83.109271,42.347053],[-83.109655,42.346899],[-83.110005,42.346768],[-83.11061,42.346514],[-83.111108,42.34629],[-83.111377,42.346153],[-83.111616,42.346021],[-83.111888,42.345881],[-83.112164,42.345698],[-83.112659,42.345335],[-83.112965,42.345096],[-83.113042,42.345035]]]},"properties":{"OBJECTID":128,"council_district":6,"nhood_num":159,"nhood_name":"Midwest","Website":"https://theneighborhoods.org/neighborhoods/midwest"}},{"type":"Feature","id":129,"geometry":{"type":"Polygon","coordinates":[[[-83.090791,42.363857],[-83.090791,42.363857],[-83.090708,42.363729],[-83.091027,42.363609],[-83.092769,42.362956],[-83.093237,42.362787],[-83.093836,42.362561],[-83.094512,42.362313],[-83.096357,42.361628],[-83.097165,42.361338],[-83.097381,42.361248],[-83.098638,42.360768],[-83.099947,42.360302],[-83.100056,42.360429],[-83.100422,42.360977],[-83.100715,42.361416],[-83.100827,42.361585],[-83.101226,42.362181],[-83.101631,42.36279],[-83.101707,42.362903],[-83.102211,42.363662],[-83.102415,42.363969],[-83.102687,42.364379],[-83.103162,42.365095],[-83.103235,42.365204],[-83.103634,42.365803],[-83.103998,42.366349],[-83.104118,42.366529],[-83.104635,42.367284],[-83.102177,42.368224],[-83.101631,42.368429],[-83.099143,42.369372],[-83.095542,42.370693],[-83.095342,42.370766],[-83.095095,42.370389],[-83.094736,42.369842],[-83.094352,42.369261],[-83.094244,42.369097],[-83.094025,42.368765],[-83.093857,42.36851],[-83.093767,42.368373],[-83.093688,42.368252],[-83.093379,42.367783],[-83.09313,42.367405],[-83.092858,42.366991],[-83.092592,42.366588],[-83.092358,42.366232],[-83.092073,42.3658],[-83.091528,42.364991],[-83.091466,42.364891],[-83.090791,42.363857]]]},"properties":{"OBJECTID":129,"council_district":5,"nhood_num":154,"nhood_name":"LaSalle Gardens","Website":"https://theneighborhoods.org/neighborhoods/lasalle-gardens"}},{"type":"Feature","id":130,"geometry":{"type":"Polygon","coordinates":[[[-83.105565,42.358351],[-83.108843,42.357133],[-83.109068,42.35747],[-83.109514,42.358139],[-83.110023,42.358895],[-83.110515,42.359625],[-83.110994,42.360337],[-83.111476,42.361055],[-83.111958,42.361771],[-83.11244,42.362487],[-83.112936,42.363229],[-83.113428,42.363957],[-83.110161,42.365184],[-83.107442,42.366203],[-83.104635,42.367284],[-83.104118,42.366529],[-83.103998,42.366349],[-83.103634,42.365803],[-83.103235,42.365204],[-83.103162,42.365095],[-83.102687,42.364379],[-83.102415,42.363969],[-83.102211,42.363662],[-83.101707,42.362903],[-83.101631,42.36279],[-83.101226,42.362181],[-83.100827,42.361585],[-83.100715,42.361416],[-83.100422,42.360977],[-83.100056,42.360429],[-83.099947,42.360302],[-83.100515,42.360197],[-83.10085,42.360094],[-83.102401,42.359526],[-83.102866,42.359352],[-83.105565,42.358351]]]},"properties":{"OBJECTID":130,"council_district":5,"nhood_num":155,"nhood_name":"Wildemere Park","Website":"https://theneighborhoods.org/neighborhoods/wildemere-park"}},{"type":"Feature","id":131,"geometry":{"type":"Polygon","coordinates":[[[-83.080547,42.365205],[-83.079752,42.365509],[-83.079719,42.365516],[-83.079703,42.365521],[-83.077809,42.366246],[-83.075581,42.367088],[-83.073573,42.367843],[-83.072163,42.368374],[-83.072099,42.368413],[-83.071824,42.367996],[-83.071653,42.367735],[-83.071369,42.367288],[-83.070902,42.366549],[-83.070794,42.366383],[-83.070347,42.365721],[-83.069947,42.365151],[-83.069697,42.364811],[-83.069205,42.364139],[-83.069131,42.364039],[-83.069014,42.363878],[-83.068925,42.363754],[-83.068815,42.363601],[-83.070143,42.36292],[-83.070353,42.362797],[-83.070496,42.362708],[-83.07219,42.361652],[-83.072441,42.361483],[-83.073044,42.361074],[-83.073293,42.360893],[-83.074295,42.360163],[-83.075033,42.359684],[-83.075321,42.359504],[-83.076031,42.35906],[-83.076514,42.358757],[-83.076768,42.35919],[-83.077098,42.359743],[-83.07736,42.360184],[-83.077953,42.36118],[-83.078585,42.362285],[-83.079548,42.363834],[-83.079705,42.364068],[-83.079859,42.364288],[-83.080168,42.36473],[-83.08021,42.364784],[-83.080547,42.365205]]]},"properties":{"OBJECTID":131,"council_district":5,"nhood_num":142,"nhood_name":"Tech Town","Website":"https://theneighborhoods.org/neighborhoods/tech-town"}},{"type":"Feature","id":132,"geometry":{"type":"Polygon","coordinates":[[[-83.067777,42.364122],[-83.068815,42.363601],[-83.068925,42.363754],[-83.069014,42.363878],[-83.069131,42.364039],[-83.069205,42.364139],[-83.069697,42.364811],[-83.069947,42.365151],[-83.070347,42.365721],[-83.070794,42.366383],[-83.068528,42.367227],[-83.066112,42.368121],[-83.064906,42.368561],[-83.063238,42.369167],[-83.061131,42.369937],[-83.059807,42.370418],[-83.059487,42.370535],[-83.059352,42.370584],[-83.059194,42.370641],[-83.059109,42.370448],[-83.058951,42.370108],[-83.058604,42.369363],[-83.058452,42.369035],[-83.058325,42.368766],[-83.058242,42.368589],[-83.058199,42.368492],[-83.058144,42.368369],[-83.058347,42.368229],[-83.0594,42.367666],[-83.059637,42.367553],[-83.060086,42.367338],[-83.060267,42.36726],[-83.060583,42.367129],[-83.060822,42.367038],[-83.062005,42.3666],[-83.062389,42.366438],[-83.063257,42.36611],[-83.063591,42.365985],[-83.064464,42.365637],[-83.065287,42.36529],[-83.066768,42.364598],[-83.067777,42.364122]]]},"properties":{"OBJECTID":132,"council_district":5,"nhood_num":141,"nhood_name":"Medbury Park","Website":"https://theneighborhoods.org/neighborhoods/medbury-park"}},{"type":"Feature","id":133,"geometry":{"type":"Polygon","coordinates":[[[-83.054747,42.379595],[-83.054398,42.379018],[-83.053942,42.378346],[-83.053679,42.377835],[-83.053546,42.377526],[-83.053723,42.377518],[-83.053825,42.377508],[-83.05393,42.37749],[-83.05412,42.377434],[-83.054251,42.377393],[-83.05524,42.377025],[-83.055398,42.376966],[-83.055473,42.376938],[-83.055552,42.376909],[-83.05643,42.376583],[-83.056775,42.376455],[-83.056943,42.376393],[-83.058081,42.375965],[-83.059008,42.375611],[-83.05909,42.375563],[-83.059228,42.375469],[-83.059292,42.375418],[-83.059316,42.37539],[-83.059458,42.375186],[-83.059527,42.375066],[-83.059648,42.374842],[-83.059758,42.374681],[-83.059925,42.374552],[-83.060026,42.374509],[-83.06015,42.374449],[-83.060281,42.374425],[-83.060338,42.374529],[-83.060394,42.374613],[-83.060534,42.374824],[-83.061539,42.376323],[-83.062853,42.378286],[-83.064259,42.380324],[-83.064417,42.380594],[-83.065256,42.381823],[-83.066687,42.383979],[-83.067488,42.385167],[-83.068331,42.386431],[-83.06851,42.386701],[-83.069055,42.387517],[-83.069055,42.387517],[-83.069317,42.387908],[-83.069571,42.388379],[-83.06977,42.38884],[-83.069883,42.389164],[-83.06999,42.389617],[-83.070038,42.390163],[-83.070006,42.390576],[-83.069899,42.391221],[-83.069809,42.391531],[-83.069163,42.392989],[-83.069115,42.393099],[-83.068941,42.392876],[-83.068798,42.392704],[-83.068187,42.392183],[-83.067737,42.391728],[-83.067156,42.390953],[-83.067075,42.390844],[-83.066848,42.390453],[-83.066693,42.390148],[-83.066571,42.389894],[-83.066458,42.389762],[-83.066153,42.389875],[-83.06424,42.390589],[-83.063836,42.39074],[-83.062487,42.391243],[-83.061937,42.39041],[-83.06058,42.388413],[-83.059914,42.387431],[-83.059659,42.387058],[-83.059268,42.386485],[-83.058156,42.384838],[-83.058058,42.384693],[-83.058012,42.384644],[-83.057739,42.384248],[-83.056446,42.382318],[-83.056152,42.381902],[-83.055994,42.381641],[-83.055746,42.381245],[-83.055683,42.381145],[-83.055008,42.380066],[-83.054911,42.37988],[-83.054747,42.379595]]]},"properties":{"OBJECTID":133,"council_district":5,"nhood_num":113,"nhood_name":"Russell Industrial","Website":"https://theneighborhoods.org/neighborhoods/russell-industrial"}},{"type":"Feature","id":134,"geometry":{"type":"Polygon","coordinates":[[[-83.050924,42.374321],[-83.05082,42.374251],[-83.050702,42.374195],[-83.050602,42.374163],[-83.050475,42.37411],[-83.050516,42.373772],[-83.050453,42.373627],[-83.050366,42.37347],[-83.05014,42.373096],[-83.05008,42.372994],[-83.051044,42.372616],[-83.051358,42.37248],[-83.051616,42.372368],[-83.052261,42.372049],[-83.052535,42.371929],[-83.052773,42.371835],[-83.053119,42.371666],[-83.053909,42.371249],[-83.054337,42.370955],[-83.054747,42.370673],[-83.055314,42.370258],[-83.056051,42.369784],[-83.056306,42.369615],[-83.056681,42.369366],[-83.057361,42.368882],[-83.057745,42.368615],[-83.057919,42.368497],[-83.058144,42.368369],[-83.058199,42.368492],[-83.058242,42.368589],[-83.058325,42.368766],[-83.058452,42.369035],[-83.058604,42.369363],[-83.058951,42.370108],[-83.059109,42.370448],[-83.059194,42.370641],[-83.059352,42.370584],[-83.059487,42.370535],[-83.059807,42.370418],[-83.061131,42.369937],[-83.063238,42.369167],[-83.064906,42.368561],[-83.066112,42.368121],[-83.068528,42.367227],[-83.070794,42.366383],[-83.070902,42.366549],[-83.071369,42.367288],[-83.071653,42.367735],[-83.071824,42.367996],[-83.072099,42.368413],[-83.072571,42.369118],[-83.073276,42.370178],[-83.073387,42.370351],[-83.071153,42.371154],[-83.069585,42.371743],[-83.068735,42.372058],[-83.067731,42.37243],[-83.067528,42.372498],[-83.067315,42.372568],[-83.066572,42.37286],[-83.065866,42.373122],[-83.064386,42.373671],[-83.063718,42.373918],[-83.063272,42.374086],[-83.063026,42.374162],[-83.062202,42.374478],[-83.061795,42.374519],[-83.061504,42.37449],[-83.061243,42.374448],[-83.060912,42.374398],[-83.06076,42.374379],[-83.060596,42.374384],[-83.060503,42.374387],[-83.060281,42.374425],[-83.06015,42.374449],[-83.060026,42.374509],[-83.059925,42.374552],[-83.059758,42.374681],[-83.059648,42.374842],[-83.059527,42.375066],[-83.059458,42.375186],[-83.059316,42.37539],[-83.059292,42.375418],[-83.059228,42.375469],[-83.05909,42.375563],[-83.059008,42.375611],[-83.058081,42.375965],[-83.056943,42.376393],[-83.056775,42.376455],[-83.05643,42.376583],[-83.055552,42.376909],[-83.055473,42.376938],[-83.055398,42.376966],[-83.05524,42.377025],[-83.054251,42.377393],[-83.05412,42.377434],[-83.05393,42.37749],[-83.053825,42.377508],[-83.053723,42.377518],[-83.053546,42.377526],[-83.053324,42.377468],[-83.053268,42.37745],[-83.053187,42.377417],[-83.053111,42.37738],[-83.053026,42.377328],[-83.052941,42.377261],[-83.05282,42.377128],[-83.052432,42.376539],[-83.051555,42.37522],[-83.051039,42.374439],[-83.050995,42.374386],[-83.050924,42.374321]]]},"properties":{"OBJECTID":134,"council_district":5,"nhood_num":114,"nhood_name":"Milwaukee Junction","Website":"https://theneighborhoods.org/neighborhoods/milwaukee-junction"}},{"type":"Feature","id":135,"geometry":{"type":"Polygon","coordinates":[[[-82.942696,42.41326],[-82.943217,42.412861],[-82.943396,42.412935],[-82.943757,42.413083],[-82.945087,42.413633],[-82.947466,42.414619],[-82.948444,42.415024],[-82.948648,42.415108],[-82.949438,42.415436],[-82.949815,42.415592],[-82.950399,42.415834],[-82.950804,42.416001],[-82.951315,42.416213],[-82.951793,42.41641],[-82.952274,42.41661],[-82.95281,42.416832],[-82.953228,42.417005],[-82.95384,42.417259],[-82.952476,42.419075],[-82.951215,42.420749],[-82.951101,42.420886],[-82.950795,42.421255],[-82.949437,42.423029],[-82.947819,42.425148],[-82.947804,42.425224],[-82.946769,42.424801],[-82.945751,42.424385],[-82.944809,42.423999],[-82.944636,42.423928],[-82.943734,42.42356],[-82.942786,42.423174],[-82.942558,42.423081],[-82.941772,42.422759],[-82.941473,42.422637],[-82.940765,42.422348],[-82.940458,42.422222],[-82.939755,42.421936],[-82.938741,42.421523],[-82.938166,42.421287],[-82.937611,42.421059],[-82.937224,42.4209],[-82.936365,42.420551],[-82.936294,42.420521],[-82.935399,42.420155],[-82.934437,42.419764],[-82.934008,42.41959],[-82.933858,42.419514],[-82.933783,42.419475],[-82.933716,42.419429],[-82.933594,42.419344],[-82.933456,42.419248],[-82.934126,42.418819],[-82.934481,42.4186],[-82.934894,42.418357],[-82.935329,42.418142],[-82.936414,42.417605],[-82.936802,42.417399],[-82.936898,42.417348],[-82.937145,42.417209],[-82.937378,42.417083],[-82.938173,42.41658],[-82.938665,42.416256],[-82.939054,42.415974],[-82.939065,42.415967],[-82.94032,42.415054],[-82.941012,42.414525],[-82.941888,42.413867],[-82.942609,42.413325],[-82.942696,42.41326]]]},"properties":{"OBJECTID":135,"council_district":4,"nhood_num":94,"nhood_name":"Yorkshire Woods","Website":"https://theneighborhoods.org/neighborhoods/yorkshire-woods"}},{"type":"Feature","id":136,"geometry":{"type":"Polygon","coordinates":[[[-83.079752,42.365509],[-83.080547,42.365205],[-83.080692,42.365385],[-83.081098,42.365907],[-83.081358,42.36624],[-83.081781,42.366799],[-83.081884,42.366948],[-83.082003,42.367121],[-83.082155,42.367341],[-83.082786,42.368315],[-83.082329,42.368487],[-83.080126,42.369316],[-83.077179,42.370427],[-83.074164,42.371562],[-83.073845,42.371059],[-83.073387,42.370351],[-83.073276,42.370178],[-83.072571,42.369118],[-83.072099,42.368413],[-83.072163,42.368374],[-83.073573,42.367843],[-83.075581,42.367088],[-83.077809,42.366246],[-83.079703,42.365521],[-83.079719,42.365516],[-83.079752,42.365509]]]},"properties":{"OBJECTID":136,"council_district":5,"nhood_num":143,"nhood_name":"New Center","Website":"https://theneighborhoods.org/neighborhoods/new-center"}},{"type":"Feature","id":137,"geometry":{"type":"Polygon","coordinates":[[[-83.041443,42.336292],[-83.041591,42.336225],[-83.042029,42.336037],[-83.04305,42.3356],[-83.044171,42.335118],[-83.045055,42.334733],[-83.045161,42.334706],[-83.044862,42.334203],[-83.044835,42.333979],[-83.044155,42.333132],[-83.043143,42.333568],[-83.041996,42.333998],[-83.041532,42.33407],[-83.040988,42.334265],[-83.040278,42.334554],[-83.039213,42.335042],[-83.038304,42.335413],[-83.037958,42.335574],[-83.037901,42.335601],[-83.037738,42.335675],[-83.037675,42.335577],[-83.03626,42.333491],[-83.036163,42.333346],[-83.036021,42.333137],[-83.035977,42.333053],[-83.035941,42.332966],[-83.035914,42.332877],[-83.035895,42.332788],[-83.035886,42.332713],[-83.03589,42.332592],[-83.035413,42.332789],[-83.034697,42.33305],[-83.034173,42.333287],[-83.034113,42.333142],[-83.033733,42.332566],[-83.033319,42.331938],[-83.033129,42.331652],[-83.032994,42.331452],[-83.032814,42.331186],[-83.032736,42.33107],[-83.031915,42.329857],[-83.03609,42.328636],[-83.039229,42.327718],[-83.040631,42.32737],[-83.042708,42.326707],[-83.042826,42.326671],[-83.047297,42.325333],[-83.050295,42.324533],[-83.052023,42.324163],[-83.052261,42.324554],[-83.053109,42.325813],[-83.053227,42.326034],[-83.053597,42.326303],[-83.054332,42.326611],[-83.055129,42.326853],[-83.055702,42.327134],[-83.055864,42.327223],[-83.056454,42.327571],[-83.056835,42.327819],[-83.057362,42.328166],[-83.057891,42.328481],[-83.058872,42.329175],[-83.05977,42.32983],[-83.059775,42.329833],[-83.059942,42.32996],[-83.060717,42.330511],[-83.061036,42.330766],[-83.061273,42.330963],[-83.061494,42.331156],[-83.061888,42.331549],[-83.06212,42.33177],[-83.06247,42.332116],[-83.062865,42.332579],[-83.063489,42.333343],[-83.063597,42.333496],[-83.063641,42.333576],[-83.063713,42.333683],[-83.063798,42.333833],[-83.064191,42.334571],[-83.064585,42.335196],[-83.064187,42.335275],[-83.064005,42.33531],[-83.062939,42.335552],[-83.062461,42.335654],[-83.061758,42.335804],[-83.060955,42.335983],[-83.060304,42.33614],[-83.060079,42.336196],[-83.059766,42.336285],[-83.059586,42.33634],[-83.05913,42.336489],[-83.059129,42.33649],[-83.059121,42.336487],[-83.058949,42.336571],[-83.058678,42.336702],[-83.058405,42.336835],[-83.058149,42.336978],[-83.057765,42.337214],[-83.057389,42.337456],[-83.057063,42.337672],[-83.056818,42.337831],[-83.056577,42.337986],[-83.056446,42.338071],[-83.056142,42.338266],[-83.055917,42.33841],[-83.055657,42.338558],[-83.055194,42.33879],[-83.054838,42.338944],[-83.054476,42.339102],[-83.054142,42.33925],[-83.053979,42.339322],[-83.053703,42.339444],[-83.053411,42.339573],[-83.053163,42.339682],[-83.052954,42.339774],[-83.052805,42.33984],[-83.052804,42.339846],[-83.05234,42.340044],[-83.050454,42.340835],[-83.050324,42.340889],[-83.049156,42.341376],[-83.048847,42.341522],[-83.048559,42.341646],[-83.048123,42.341813],[-83.047819,42.341917],[-83.047725,42.341949],[-83.047251,42.342123],[-83.046154,42.342507],[-83.045137,42.342858],[-83.044401,42.34313],[-83.044037,42.343265],[-83.043952,42.343297],[-83.043756,42.343369],[-83.043696,42.343108],[-83.043619,42.342862],[-83.043501,42.342537],[-83.043388,42.34234],[-83.043348,42.342275],[-83.043238,42.342097],[-83.043097,42.341884],[-83.042948,42.341675],[-83.042728,42.341389],[-83.042559,42.341188],[-83.042356,42.340982],[-83.042209,42.340849],[-83.042151,42.340802],[-83.042003,42.340679],[-83.041344,42.340161],[-83.040541,42.339531],[-83.040454,42.339434],[-83.040244,42.339252],[-83.040083,42.339093],[-83.039932,42.338927],[-83.039623,42.338522],[-83.039169,42.337869],[-83.038851,42.337389],[-83.039068,42.337306],[-83.039423,42.337171],[-83.041443,42.336292]]]},"properties":{"OBJECTID":137,"council_district":6,"nhood_num":166,"nhood_name":"Downtown","Website":"https://theneighborhoods.org/neighborhoods/downtown"}},{"type":"Feature","id":138,"geometry":{"type":"Polygon","coordinates":[[[-82.947804,42.425224],[-82.947819,42.425148],[-82.949437,42.423029],[-82.950795,42.421255],[-82.951101,42.420886],[-82.951215,42.420749],[-82.952476,42.419075],[-82.95384,42.417259],[-82.954344,42.417468],[-82.954869,42.417685],[-82.955477,42.417937],[-82.955897,42.41811],[-82.95646,42.418343],[-82.957025,42.418576],[-82.95748,42.418765],[-82.95804,42.418996],[-82.959054,42.419417],[-82.96007,42.419838],[-82.961121,42.420274],[-82.962157,42.420702],[-82.962416,42.420801],[-82.962584,42.420855],[-82.962707,42.420883],[-82.962823,42.42088],[-82.963035,42.420858],[-82.963458,42.420815],[-82.963044,42.421356],[-82.962444,42.422158],[-82.961852,42.422949],[-82.961227,42.423786],[-82.960496,42.424759],[-82.960298,42.425001],[-82.959994,42.425408],[-82.959391,42.426216],[-82.958859,42.426931],[-82.958108,42.427945],[-82.957252,42.429101],[-82.956203,42.428665],[-82.955162,42.428234],[-82.954118,42.427807],[-82.953137,42.427405],[-82.952141,42.427],[-82.950995,42.42653],[-82.949956,42.426105],[-82.948908,42.425676],[-82.947804,42.425224]]]},"properties":{"OBJECTID":138,"council_district":4,"nhood_num":95,"nhood_name":"Denby","Website":"https://theneighborhoods.org/neighborhoods/denby"}},{"type":"Feature","id":139,"geometry":{"type":"Polygon","coordinates":[[[-83.05291,42.339986],[-83.052814,42.339842],[-83.052811,42.339843],[-83.052804,42.339846],[-83.052805,42.33984],[-83.052954,42.339774],[-83.053163,42.339682],[-83.053411,42.339573],[-83.053703,42.339444],[-83.053979,42.339322],[-83.054142,42.33925],[-83.054476,42.339102],[-83.054838,42.338944],[-83.055194,42.33879],[-83.055657,42.338558],[-83.055917,42.33841],[-83.056142,42.338266],[-83.056446,42.338071],[-83.056577,42.337986],[-83.056818,42.337831],[-83.057063,42.337672],[-83.057389,42.337456],[-83.057765,42.337214],[-83.058149,42.336978],[-83.058405,42.336835],[-83.058678,42.336702],[-83.058949,42.336571],[-83.059121,42.336487],[-83.059129,42.33649],[-83.05913,42.336489],[-83.059586,42.33634],[-83.059766,42.336285],[-83.060079,42.336196],[-83.060304,42.33614],[-83.060955,42.335983],[-83.061758,42.335804],[-83.062461,42.335654],[-83.062939,42.335552],[-83.064005,42.33531],[-83.064187,42.335275],[-83.064585,42.335196],[-83.064658,42.335347],[-83.064688,42.335414],[-83.064825,42.335721],[-83.065165,42.336551],[-83.065439,42.337154],[-83.06551,42.337303],[-83.06578,42.337866],[-83.065964,42.338277],[-83.066094,42.338567],[-83.06635,42.33914],[-83.066501,42.339475],[-83.066502,42.339478],[-83.066621,42.339737],[-83.066622,42.339739],[-83.067493,42.341685],[-83.067972,42.342721],[-83.06818,42.343172],[-83.068243,42.343311],[-83.069405,42.345879],[-83.069683,42.346494],[-83.06971,42.346555],[-83.07044,42.34819],[-83.070947,42.349327],[-83.071014,42.349436],[-83.071347,42.349964],[-83.071621,42.35042],[-83.071996,42.351045],[-83.072289,42.35156],[-83.073132,42.352981],[-83.073422,42.353438],[-83.073585,42.353708],[-83.073396,42.35377],[-83.073003,42.353896],[-83.072001,42.354204],[-83.071311,42.354423],[-83.071077,42.354497],[-83.070507,42.354676],[-83.068869,42.355188],[-83.066857,42.355826],[-83.066616,42.355914],[-83.066381,42.356],[-83.065279,42.356455],[-83.065082,42.356548],[-83.064656,42.35669],[-83.064287,42.356785],[-83.064023,42.356852],[-83.063267,42.357114],[-83.062974,42.357225],[-83.06263,42.357374],[-83.062294,42.357505],[-83.062088,42.357591],[-83.061981,42.357449],[-83.06174,42.357093],[-83.061478,42.356732],[-83.060774,42.355687],[-83.060063,42.354629],[-83.059374,42.353614],[-83.058663,42.352568],[-83.058468,42.352285],[-83.058314,42.352044],[-83.058149,42.351747],[-83.058049,42.351538],[-83.057999,42.351444],[-83.05794,42.351348],[-83.057369,42.350493],[-83.056411,42.349061],[-83.055972,42.348403],[-83.055861,42.348267],[-83.057171,42.347715],[-83.057543,42.347548],[-83.057877,42.347381],[-83.05727,42.346475],[-83.056706,42.345633],[-83.056557,42.34541],[-83.056554,42.345405],[-83.056157,42.344813],[-83.055845,42.344346],[-83.055453,42.343759],[-83.055153,42.343311],[-83.054771,42.342741],[-83.054455,42.34227],[-83.05409,42.341721],[-83.053933,42.341487],[-83.053407,42.340708],[-83.053218,42.340429],[-83.05303,42.340151],[-83.05291,42.339986]]]},"properties":{"OBJECTID":139,"council_district":6,"nhood_num":165,"nhood_name":"Midtown","Website":"https://theneighborhoods.org/neighborhoods/midtown"}},{"type":"Feature","id":140,"geometry":{"type":"Polygon","coordinates":[[[-83.076286,42.350306],[-83.077483,42.34993],[-83.078102,42.351006],[-83.078728,42.352094],[-83.079346,42.353173],[-83.079957,42.354234],[-83.080695,42.355517],[-83.080844,42.355779],[-83.080993,42.356037],[-83.079395,42.356951],[-83.078916,42.357255],[-83.078779,42.357334],[-83.078246,42.35767],[-83.07729,42.358271],[-83.076514,42.358757],[-83.076031,42.35906],[-83.075321,42.359504],[-83.075033,42.359684],[-83.074295,42.360163],[-83.073293,42.360893],[-83.073044,42.361074],[-83.072441,42.361483],[-83.07219,42.361652],[-83.070496,42.362708],[-83.070353,42.362797],[-83.070143,42.36292],[-83.068815,42.363601],[-83.068704,42.363445],[-83.068475,42.363127],[-83.068367,42.362977],[-83.067801,42.362124],[-83.067378,42.361463],[-83.0671,42.361031],[-83.066417,42.359993],[-83.066285,42.359794],[-83.065322,42.358383],[-83.065094,42.358051],[-83.06501,42.357939],[-83.064858,42.35773],[-83.064798,42.357639],[-83.06462,42.357365],[-83.064385,42.356958],[-83.064287,42.356785],[-83.064656,42.35669],[-83.065082,42.356548],[-83.065279,42.356455],[-83.066381,42.356],[-83.066616,42.355914],[-83.066857,42.355826],[-83.068869,42.355188],[-83.070507,42.354676],[-83.071077,42.354497],[-83.071311,42.354423],[-83.072001,42.354204],[-83.073003,42.353896],[-83.073396,42.35377],[-83.073585,42.353708],[-83.073422,42.353438],[-83.073132,42.352981],[-83.072289,42.35156],[-83.07265,42.351447],[-83.074991,42.350712],[-83.076286,42.350306]]]},"properties":{"OBJECTID":140,"council_district":6,"nhood_num":163,"nhood_name":"Wayne State","Website":"https://theneighborhoods.org/neighborhoods/wayne-state"}},{"type":"Feature","id":141,"geometry":{"type":"Polygon","coordinates":[[[-83.090735,42.380095],[-83.093906,42.378954],[-83.096956,42.377845],[-83.099901,42.376787],[-83.100264,42.376648],[-83.100302,42.376648],[-83.103074,42.375621],[-83.103281,42.375533],[-83.105716,42.374622],[-83.105994,42.374525],[-83.108642,42.373525],[-83.108798,42.373471],[-83.108798,42.373471],[-83.109088,42.37391],[-83.109372,42.374342],[-83.106451,42.375438],[-83.103755,42.376439],[-83.100396,42.377685],[-83.097453,42.378747],[-83.094512,42.379803],[-83.091979,42.380769],[-83.091601,42.380884],[-83.091577,42.380866],[-83.091206,42.380573],[-83.091124,42.380489],[-83.091083,42.380449],[-83.090957,42.380327],[-83.090735,42.380095],[-83.090735,42.380095]]]},"properties":{"OBJECTID":141,"council_district":5,"nhood_num":148,"nhood_name":"Historic Atkinson","Website":"https://theneighborhoods.org/neighborhoods/historic-atkinson"}},{"type":"Feature","id":142,"geometry":{"type":"Polygon","coordinates":[[[-83.073841,42.398721],[-83.073713,42.398564],[-83.073631,42.398594],[-83.073221,42.398085],[-83.071195,42.395598],[-83.070929,42.395254],[-83.069242,42.393277],[-83.069115,42.393099],[-83.069163,42.392989],[-83.069809,42.391531],[-83.069899,42.391221],[-83.070006,42.390576],[-83.070038,42.390163],[-83.06999,42.389617],[-83.069883,42.389164],[-83.06977,42.38884],[-83.069571,42.388379],[-83.069317,42.387908],[-83.069055,42.387517],[-83.069055,42.387517],[-83.06851,42.386701],[-83.068331,42.386431],[-83.067488,42.385167],[-83.066687,42.383979],[-83.065256,42.381823],[-83.064417,42.380594],[-83.064259,42.380324],[-83.062853,42.378286],[-83.061539,42.376323],[-83.060534,42.374824],[-83.060394,42.374613],[-83.060338,42.374529],[-83.060281,42.374425],[-83.060503,42.374387],[-83.060596,42.374384],[-83.06076,42.374379],[-83.060912,42.374398],[-83.061243,42.374448],[-83.061504,42.37449],[-83.061795,42.374519],[-83.062202,42.374478],[-83.063026,42.374162],[-83.063272,42.374086],[-83.063718,42.373918],[-83.064386,42.373671],[-83.065866,42.373122],[-83.066572,42.37286],[-83.067315,42.372568],[-83.067528,42.372498],[-83.067731,42.37243],[-83.068735,42.372058],[-83.069585,42.371743],[-83.071153,42.371154],[-83.073387,42.370351],[-83.073845,42.371059],[-83.074164,42.371562],[-83.07438,42.371883],[-83.074731,42.372404],[-83.07515,42.373027],[-83.075345,42.373317],[-83.075543,42.373611],[-83.075582,42.373668],[-83.075869,42.374094],[-83.076413,42.374902],[-83.07655,42.375106],[-83.076935,42.37568],[-83.076972,42.375734],[-83.077338,42.376278],[-83.077423,42.376404],[-83.077663,42.37676],[-83.077648,42.376765],[-83.077921,42.377169],[-83.078467,42.37798],[-83.079012,42.378791],[-83.079562,42.379608],[-83.080073,42.380368],[-83.080574,42.381113],[-83.080653,42.381231],[-83.081188,42.382024],[-83.081719,42.382815],[-83.082195,42.383523],[-83.082336,42.383734],[-83.082611,42.384142],[-83.082621,42.384141],[-83.082628,42.384139],[-83.08263,42.384142],[-83.082774,42.384356],[-83.08294,42.384602],[-83.083423,42.385318],[-83.083524,42.385468],[-83.083695,42.385721],[-83.08282,42.386046],[-83.080683,42.38684],[-83.077703,42.387946],[-83.074733,42.389048],[-83.075093,42.389585],[-83.075186,42.389727],[-83.075465,42.390191],[-83.075906,42.390821],[-83.076002,42.390959],[-83.076362,42.391488],[-83.07636,42.391497],[-83.07668,42.391977],[-83.077207,42.392775],[-83.077249,42.39301],[-83.077398,42.393025],[-83.077472,42.39321],[-83.077633,42.393398],[-83.07787,42.39365],[-83.078421,42.39443],[-83.078959,42.395234],[-83.079465,42.396024],[-83.079719,42.396481],[-83.079722,42.396484],[-83.07824,42.397049],[-83.076168,42.397837],[-83.075201,42.398204],[-83.074544,42.398453],[-83.073841,42.398721]]]},"properties":{"OBJECTID":142,"council_district":5,"nhood_num":112,"nhood_name":"North End","Website":"https://theneighborhoods.org/neighborhoods/north-end"}},{"type":"Feature","id":143,"geometry":{"type":"Polygon","coordinates":[[[-83.082003,42.367121],[-83.080547,42.365205],[-83.079705,42.364068],[-83.077953,42.36118],[-83.07736,42.360184],[-83.077098,42.359743],[-83.076768,42.35919],[-83.076514,42.358757],[-83.07729,42.358271],[-83.078246,42.35767],[-83.078779,42.357334],[-83.078916,42.357255],[-83.079395,42.356951],[-83.080993,42.356037],[-83.081307,42.355882],[-83.081947,42.355589],[-83.08248,42.355375],[-83.082809,42.355253],[-83.083016,42.355181],[-83.083141,42.355137],[-83.08359,42.354991],[-83.084091,42.354819],[-83.084276,42.354759],[-83.084499,42.354687],[-83.084782,42.3546],[-83.085116,42.354498],[-83.085733,42.354309],[-83.086731,42.354002],[-83.086742,42.353999],[-83.087275,42.353842],[-83.087697,42.353697],[-83.088981,42.353289],[-83.089051,42.353408],[-83.08921,42.353699],[-83.08952,42.354253],[-83.090229,42.355523],[-83.090939,42.356791],[-83.091649,42.358059],[-83.091904,42.358514],[-83.09199,42.358657],[-83.092511,42.359419],[-83.093076,42.36024],[-83.093726,42.361177],[-83.094435,42.362199],[-83.094512,42.362313],[-83.093836,42.362561],[-83.093237,42.362787],[-83.092769,42.362956],[-83.091027,42.363609],[-83.090708,42.363729],[-83.090237,42.363906],[-83.082003,42.367121]]]},"properties":{"OBJECTID":143,"council_district":5,"nhood_num":152,"nhood_name":"Elijah McCoy","Website":"https://theneighborhoods.org/neighborhoods/elijah-mccoy"}},{"type":"Feature","id":144,"geometry":{"type":"Polygon","coordinates":[[[-83.115853,42.370817],[-83.117631,42.37015],[-83.118053,42.370775],[-83.118495,42.371426],[-83.118956,42.372102],[-83.1194,42.372755],[-83.119727,42.373237],[-83.119848,42.373416],[-83.120337,42.374136],[-83.120836,42.374872],[-83.121306,42.375565],[-83.121787,42.376273],[-83.122254,42.37696],[-83.122348,42.377097],[-83.12271,42.377633],[-83.122897,42.37791],[-83.123165,42.378307],[-83.123448,42.378725],[-83.123618,42.378977],[-83.123995,42.379534],[-83.124074,42.379652],[-83.124534,42.380333],[-83.124986,42.381001],[-83.125108,42.381181],[-83.125425,42.381651],[-83.125675,42.382022],[-83.125869,42.382309],[-83.126225,42.382837],[-83.126313,42.382966],[-83.126503,42.383247],[-83.126743,42.383604],[-83.127296,42.384414],[-83.127568,42.384826],[-83.127838,42.385234],[-83.127872,42.385285],[-83.128045,42.385541],[-83.128398,42.386064],[-83.128938,42.386871],[-83.129479,42.387677],[-83.129977,42.388418],[-83.130449,42.389118],[-83.130715,42.389519],[-83.130873,42.389743],[-83.127442,42.391012],[-83.127253,42.391078],[-83.124931,42.39194],[-83.124733,42.392013],[-83.12203,42.393019],[-83.119133,42.394094],[-83.118616,42.394285],[-83.117888,42.39456],[-83.116749,42.394974],[-83.11604,42.395239],[-83.114577,42.395784],[-83.113195,42.396299],[-83.113127,42.396362],[-83.112574,42.396752],[-83.112292,42.396988],[-83.112084,42.397156],[-83.111609,42.397497],[-83.111469,42.397591],[-83.111178,42.397779],[-83.110592,42.398104],[-83.110362,42.39824],[-83.110298,42.398277],[-83.110125,42.398376],[-83.109919,42.398474],[-83.10976,42.398532],[-83.109602,42.398591],[-83.109153,42.398738],[-83.109119,42.398749],[-83.109041,42.398615],[-83.109048,42.398585],[-83.108912,42.398386],[-83.108886,42.398348],[-83.108706,42.398085],[-83.108563,42.397876],[-83.108551,42.397849],[-83.107962,42.396969],[-83.107134,42.39574],[-83.106734,42.39505],[-83.106734,42.395049],[-83.105772,42.39339],[-83.105245,42.392616],[-83.104766,42.391921],[-83.104679,42.391812],[-83.104574,42.391682],[-83.104107,42.391007],[-83.10354,42.390206],[-83.103259,42.389804],[-83.103007,42.389456],[-83.103005,42.389455],[-83.103005,42.389455],[-83.102371,42.388608],[-83.10237,42.388607],[-83.102085,42.388276],[-83.102278,42.388084],[-83.102115,42.387842],[-83.102265,42.387788],[-83.101473,42.386569],[-83.101244,42.386224],[-83.100965,42.385804],[-83.10059,42.385268],[-83.100562,42.385237],[-83.100365,42.385019],[-83.10024,42.384896],[-83.100063,42.384722],[-83.099722,42.384421],[-83.09926,42.384044],[-83.099063,42.3839],[-83.098889,42.383787],[-83.098709,42.383678],[-83.098435,42.383527],[-83.098299,42.383458],[-83.098361,42.383436],[-83.098581,42.383359],[-83.099167,42.38314],[-83.100193,42.382756],[-83.106402,42.380481],[-83.109102,42.379473],[-83.110633,42.378904],[-83.112022,42.378388],[-83.112022,42.378388],[-83.111904,42.378203],[-83.111687,42.377867],[-83.111571,42.377691],[-83.111425,42.377469],[-83.110912,42.376681],[-83.11079,42.376503],[-83.11023,42.375652],[-83.109661,42.374781],[-83.109372,42.374342],[-83.109088,42.37391],[-83.108798,42.373471],[-83.108798,42.373471],[-83.111548,42.372437],[-83.113746,42.371609],[-83.114358,42.37138],[-83.114853,42.371194],[-83.115853,42.370817]]]},"properties":{"OBJECTID":144,"council_district":5,"nhood_num":109,"nhood_name":"Dexter-Linwood","Website":"https://theneighborhoods.org/neighborhoods/dexter-linwood"}},{"type":"Feature","id":145,"geometry":{"type":"Polygon","coordinates":[[[-83.061487,42.415521],[-83.06305,42.417826],[-83.063611,42.418653],[-83.064024,42.419266],[-83.0645,42.419965],[-83.06501,42.420715],[-83.065512,42.421467],[-83.065844,42.421943],[-83.065926,42.422068],[-83.065987,42.422161],[-83.066267,42.422553],[-83.066761,42.423243],[-83.067153,42.423789],[-83.067585,42.424395],[-83.067993,42.424967],[-83.068614,42.425834],[-83.067552,42.425834],[-83.066699,42.425846],[-83.066312,42.425851],[-83.065705,42.425859],[-83.065078,42.425868],[-83.064716,42.425874],[-83.063882,42.425882],[-83.063717,42.425885],[-83.062706,42.425901],[-83.061634,42.425925],[-83.060553,42.425949],[-83.059471,42.425972],[-83.058391,42.425997],[-83.058116,42.426002],[-83.057842,42.426008],[-83.057268,42.426018],[-83.05714,42.42602],[-83.055165,42.426054],[-83.05504,42.426056],[-83.053025,42.426091],[-83.052001,42.426112],[-83.050981,42.426133],[-83.04996,42.426155],[-83.048937,42.426175],[-83.047857,42.426197],[-83.047319,42.426208],[-83.046782,42.42622],[-83.045708,42.426242],[-83.044635,42.426264],[-83.043482,42.426289],[-83.043059,42.4263],[-83.042421,42.426316],[-83.041342,42.426342],[-83.04001,42.426373],[-83.038639,42.426403],[-83.038576,42.42484],[-83.038506,42.423264],[-83.03844,42.421712],[-83.038345,42.419321],[-83.038164,42.419173],[-83.038339,42.419169],[-83.038272,42.417341],[-83.038216,42.415572],[-83.039371,42.415552],[-83.040549,42.415531],[-83.041726,42.415509],[-83.042448,42.415494],[-83.042977,42.415484],[-83.044647,42.415449],[-83.045639,42.415427],[-83.046633,42.415404],[-83.047624,42.41538],[-83.048618,42.415357],[-83.049626,42.415328],[-83.050104,42.415332],[-83.050639,42.415321],[-83.0517,42.415294],[-83.052261,42.41528],[-83.052787,42.415258],[-83.053103,42.415246],[-83.053591,42.415235],[-83.054664,42.415211],[-83.055748,42.415187],[-83.056832,42.415163],[-83.057907,42.415139],[-83.058984,42.415115],[-83.059998,42.415097],[-83.060069,42.415108],[-83.0601,42.415134],[-83.060588,42.415862],[-83.061487,42.415521]]]},"properties":{"OBJECTID":145,"council_district":3,"nhood_num":79,"nhood_name":"Davison","Website":"https://theneighborhoods.org/neighborhoods/davison"}},{"type":"Feature","id":146,"geometry":{"type":"Polygon","coordinates":[[[-83.063117,42.433129],[-83.063271,42.435701],[-83.063416,42.438058],[-83.063555,42.440328],[-83.064567,42.440315],[-83.065551,42.440306],[-83.066565,42.440289],[-83.067603,42.440269],[-83.068633,42.440247],[-83.069644,42.440226],[-83.06966,42.440429],[-83.069695,42.440887],[-83.069815,42.44266],[-83.069898,42.443936],[-83.069955,42.445116],[-83.070034,42.447187],[-83.069942,42.447188],[-83.06947,42.447193],[-83.069281,42.447195],[-83.069025,42.447197],[-83.068797,42.4472],[-83.068197,42.447208],[-83.067992,42.447211],[-83.067497,42.447217],[-83.067125,42.447222],[-83.066941,42.447224],[-83.066603,42.447227],[-83.066062,42.447233],[-83.065926,42.447234],[-83.065722,42.447236],[-83.064991,42.447246],[-83.064936,42.447247],[-83.063877,42.447258],[-83.062839,42.447288],[-83.062786,42.447289],[-83.062049,42.447309],[-83.061678,42.447318],[-83.061302,42.447328],[-83.060936,42.447338],[-83.06039,42.447352],[-83.059862,42.447366],[-83.0594,42.447379],[-83.059312,42.447381],[-83.058653,42.447396],[-83.058431,42.447401],[-83.057455,42.447425],[-83.057333,42.447428],[-83.056224,42.447455],[-83.055926,42.447462],[-83.054642,42.447493],[-83.054057,42.447507],[-83.053894,42.447511],[-83.053495,42.447521],[-83.053474,42.447521],[-83.052984,42.447533],[-83.052532,42.447544],[-83.052417,42.447547],[-83.052263,42.447551],[-83.051872,42.447561],[-83.051496,42.447571],[-83.051279,42.447576],[-83.051061,42.447581],[-83.050728,42.447589],[-83.050398,42.447596],[-83.049831,42.447608],[-83.049726,42.44761],[-83.048693,42.44764],[-83.048669,42.447641],[-83.047616,42.447663],[-83.04757,42.447664],[-83.046554,42.447689],[-83.046472,42.447691],[-83.04618,42.447701],[-83.045485,42.447724],[-83.045398,42.447727],[-83.044282,42.447765],[-83.044119,42.447768],[-83.043956,42.447772],[-83.043946,42.447772],[-83.043426,42.447785],[-83.042895,42.447798],[-83.042272,42.447814],[-83.042193,42.447816],[-83.04194,42.447822],[-83.040188,42.447861],[-83.039417,42.447874],[-83.039381,42.44625],[-83.039369,42.445406],[-83.039317,42.444138],[-83.039201,42.441013],[-83.039193,42.440824],[-83.039115,42.438544],[-83.039073,42.437318],[-83.039041,42.436371],[-83.039019,42.435703],[-83.038948,42.433682],[-83.040187,42.433651],[-83.040356,42.433645],[-83.041473,42.433615],[-83.041658,42.433611],[-83.042718,42.433589],[-83.043392,42.433575],[-83.043823,42.433565],[-83.04495,42.433537],[-83.046016,42.433514],[-83.047027,42.43349],[-83.047121,42.433488],[-83.048076,42.433466],[-83.048202,42.433463],[-83.049112,42.433442],[-83.049234,42.433439],[-83.050229,42.433411],[-83.050465,42.433405],[-83.051276,42.433394],[-83.05145,42.43339],[-83.052296,42.433368],[-83.052691,42.433359],[-83.05332,42.433344],[-83.053793,42.433334],[-83.054361,42.433321],[-83.05478,42.433312],[-83.055404,42.433298],[-83.055768,42.43329],[-83.056453,42.433275],[-83.056749,42.433269],[-83.057643,42.433251],[-83.057721,42.433248],[-83.058773,42.433225],[-83.059836,42.433201],[-83.060951,42.433177],[-83.062066,42.433154],[-83.063117,42.433129]]]},"properties":{"OBJECTID":146,"council_district":3,"nhood_num":66,"nhood_name":"Farwell","Website":"https://theneighborhoods.org/neighborhoods/farwell"}},{"type":"Feature","id":147,"geometry":{"type":"Polygon","coordinates":[[[-83.065338,42.319541],[-83.075635,42.314349],[-83.077126,42.31339],[-83.077201,42.313364],[-83.077305,42.313358],[-83.077382,42.313374],[-83.077454,42.313365],[-83.077486,42.31334],[-83.07751,42.313313],[-83.077572,42.313275],[-83.077686,42.313229],[-83.077752,42.313289],[-83.077861,42.313497],[-83.077968,42.313529],[-83.078049,42.313487],[-83.078092,42.313408],[-83.077991,42.313252],[-83.077975,42.313163],[-83.078027,42.313106],[-83.078467,42.312804],[-83.078526,42.312752],[-83.080494,42.311013],[-83.080991,42.310673],[-83.081572,42.310263],[-83.082501,42.30938],[-83.084889,42.306633],[-83.08659,42.304968],[-83.087333,42.306007],[-83.087924,42.306833],[-83.089454,42.308972],[-83.089565,42.309127],[-83.089732,42.309361],[-83.090602,42.31058],[-83.091301,42.311558],[-83.091447,42.311755],[-83.092117,42.312684],[-83.092452,42.313148],[-83.091092,42.313672],[-83.087219,42.315205],[-83.086098,42.31564],[-83.085889,42.315727],[-83.085675,42.315824],[-83.085418,42.315953],[-83.085162,42.316094],[-83.084915,42.316245],[-83.084703,42.316387],[-83.084469,42.316559],[-83.084236,42.316748],[-83.083984,42.316979],[-83.083728,42.317243],[-83.083519,42.317489],[-83.083404,42.317641],[-83.083355,42.317712],[-83.083296,42.317796],[-83.083041,42.31821],[-83.082932,42.318427],[-83.082849,42.318616],[-83.082768,42.318834],[-83.082664,42.319181],[-83.082621,42.319424],[-83.08258,42.31966],[-83.082549,42.320066],[-83.082543,42.320289],[-83.082542,42.320373],[-83.082546,42.320501],[-83.082548,42.321122],[-83.082587,42.321489],[-83.082729,42.32209],[-83.082809,42.322355],[-83.082882,42.322565],[-83.082955,42.322776],[-83.083105,42.323202],[-83.083185,42.323369],[-83.083301,42.323608],[-83.083381,42.323738],[-83.083182,42.323791],[-83.083085,42.323834],[-83.082902,42.323871],[-83.082847,42.323882],[-83.082548,42.324032],[-83.082287,42.324113],[-83.081923,42.324226],[-83.081422,42.324382],[-83.080506,42.324668],[-83.080033,42.324815],[-83.077224,42.319755],[-83.076664,42.319952],[-83.075841,42.318491],[-83.075544,42.318619],[-83.074433,42.319097],[-83.073974,42.319294],[-83.073494,42.3195],[-83.0721,42.320099],[-83.071616,42.320307],[-83.070525,42.320776],[-83.068733,42.321544],[-83.066845,42.322354],[-83.066675,42.322427],[-83.065701,42.322843],[-83.065299,42.323015],[-83.063023,42.323988],[-83.061659,42.324573],[-83.060461,42.325079],[-83.06001,42.325275],[-83.059183,42.325633],[-83.057897,42.326189],[-83.056615,42.32674],[-83.055702,42.327134],[-83.055129,42.326853],[-83.054332,42.326611],[-83.053597,42.326303],[-83.053227,42.326034],[-83.053109,42.325813],[-83.052261,42.324554],[-83.052023,42.324163],[-83.052538,42.324021],[-83.065106,42.319658],[-83.065338,42.319541]]]},"properties":{"OBJECTID":147,"council_district":6,"nhood_num":167,"nhood_name":"West Side Industrial","Website":"https://theneighborhoods.org/neighborhoods/west-side-industrial"}},{"type":"Feature","id":148,"geometry":{"type":"Polygon","coordinates":[[[-82.964547,42.351828],[-82.964859,42.351264],[-82.964601,42.350841],[-82.964822,42.350455],[-82.964833,42.350237],[-82.964665,42.349991],[-82.964058,42.349955],[-82.963342,42.349893],[-82.959533,42.349566],[-82.956286,42.349228],[-82.955516,42.349403],[-82.954505,42.349845],[-82.954419,42.349795],[-82.954712,42.349491],[-82.955301,42.349241],[-82.956117,42.349093],[-82.957072,42.349157],[-82.959359,42.349311],[-82.963526,42.349685],[-82.964166,42.349742],[-82.964311,42.349722],[-82.964655,42.349768],[-82.964721,42.349892],[-82.964672,42.349923],[-82.964723,42.349971],[-82.964899,42.349941],[-82.965165,42.350041],[-82.965591,42.350158],[-82.965291,42.349836],[-82.965055,42.349695],[-82.964942,42.349654],[-82.964622,42.349539],[-82.963917,42.349509],[-82.963705,42.349544],[-82.956086,42.348738],[-82.95516,42.348934],[-82.955098,42.348947],[-82.954805,42.348796],[-82.954854,42.348792],[-82.954937,42.348587],[-82.955107,42.348479],[-82.955438,42.348544],[-82.955593,42.348538],[-82.955766,42.348432],[-82.957526,42.348348],[-82.959977,42.348154],[-82.96086,42.347855],[-82.961688,42.347004],[-82.961845,42.34661],[-82.961163,42.345702],[-82.960643,42.345101],[-82.960599,42.344968],[-82.960617,42.344845],[-82.960633,42.344779],[-82.960781,42.344742],[-82.960648,42.344695],[-82.959539,42.344499],[-82.959043,42.344499],[-82.958512,42.344733],[-82.958144,42.345369],[-82.957595,42.346029],[-82.957108,42.346536],[-82.956471,42.346807],[-82.955882,42.346993],[-82.955562,42.347219],[-82.955204,42.347699],[-82.954872,42.347986],[-82.95431,42.348126],[-82.954101,42.348241],[-82.953678,42.348232],[-82.953661,42.347917],[-82.953612,42.347012],[-82.956266,42.343588],[-82.958032,42.341725],[-82.958823,42.341516],[-82.959585,42.340673],[-82.960822,42.340048],[-82.961569,42.339826],[-82.97349,42.337611],[-82.975244,42.336862],[-82.975673,42.336558],[-82.979273,42.335593],[-82.981158,42.335241],[-82.981447,42.335187],[-82.983758,42.334804],[-82.984316,42.334975],[-82.985269,42.334754],[-82.985173,42.334572],[-82.986046,42.334258],[-82.985887,42.334622],[-82.987486,42.334146],[-82.987766,42.333795],[-82.989133,42.33338],[-82.999921,42.33306],[-83.002477,42.333001],[-83.00473,42.33298],[-83.004862,42.332993],[-83.00495,42.333033],[-83.005012,42.33308],[-83.004994,42.333159],[-83.004914,42.333263],[-83.004785,42.333393],[-83.003027,42.334913],[-83.002407,42.335423],[-83.001598,42.336141],[-83.000886,42.336883],[-83.000732,42.337005],[-83.000613,42.337099],[-83.000464,42.337202],[-83.000388,42.337296],[-83.000331,42.337432],[-83.000264,42.337633],[-83.000194,42.337759],[-83.0001,42.337854],[-82.999998,42.337956],[-82.998715,42.338991],[-82.998498,42.339161],[-82.998293,42.339251],[-82.998177,42.339285],[-82.99803,42.339366],[-82.997864,42.339499],[-82.997674,42.339602],[-82.996665,42.340077],[-82.993641,42.339792],[-82.989688,42.341311],[-82.98959,42.341615],[-82.987402,42.341721],[-82.986896,42.342026],[-82.978807,42.344426],[-82.978246,42.345037],[-82.977171,42.346194],[-82.976959,42.346442],[-82.976861,42.346558],[-82.976104,42.34741],[-82.976407,42.347536],[-82.976517,42.347581],[-82.976684,42.347917],[-82.973072,42.350535],[-82.972374,42.351935],[-82.971472,42.351493],[-82.971946,42.349784],[-82.972483,42.348538],[-82.971243,42.348773],[-82.970624,42.350439],[-82.970924,42.351918],[-82.970198,42.352047],[-82.969828,42.352114],[-82.968278,42.351526],[-82.967508,42.351891],[-82.967412,42.351936],[-82.967317,42.351982],[-82.965653,42.352208],[-82.964286,42.352169],[-82.964547,42.351828]],[[-82.96752,42.351623],[-82.968141,42.351508],[-82.968222,42.351402],[-82.967376,42.351585],[-82.96752,42.351623]]]},"properties":{"OBJECTID":148,"council_district":5,"nhood_num":121,"nhood_name":"Belle Isle","Website":"https://theneighborhoods.org/neighborhoods/belle-isle"}},{"type":"Feature","id":149,"geometry":{"type":"Polygon","coordinates":[[[-82.994114,42.372049],[-82.99412,42.372046],[-82.994634,42.371801],[-82.995108,42.371582],[-82.995995,42.37117],[-82.996179,42.371085],[-82.996932,42.370735],[-82.997102,42.370655],[-82.997568,42.370438],[-82.998013,42.370235],[-82.998341,42.370099],[-82.999297,42.369714],[-82.999769,42.369524],[-83.001691,42.372184],[-83.003283,42.374395],[-83.004721,42.376387],[-83.006251,42.378497],[-83.008017,42.380938],[-83.009752,42.383311],[-83.010786,42.384725],[-83.010489,42.385175],[-83.009893,42.386076],[-83.009287,42.386992],[-83.008999,42.387428],[-83.008703,42.387875],[-83.008415,42.388311],[-83.007952,42.389015],[-83.007694,42.389408],[-83.007568,42.389599],[-83.007085,42.390326],[-83.007085,42.390327],[-83.007076,42.390325],[-83.00673,42.389948],[-83.005446,42.388126],[-83.003954,42.386009],[-83.002999,42.384649],[-83.00204,42.383286],[-83.00034,42.380869],[-82.998834,42.37873],[-82.99776,42.377205],[-82.996664,42.375647],[-82.995858,42.374502],[-82.994114,42.372049]]]},"properties":{"OBJECTID":149,"council_district":5,"nhood_num":117,"nhood_name":"Gratiot Woods","Website":"https://theneighborhoods.org/neighborhoods/gratiot-woods"}},{"type":"Feature","id":150,"geometry":{"type":"Polygon","coordinates":[[[-83.178565,42.388908],[-83.178531,42.388003],[-83.176924,42.388045],[-83.175273,42.388088],[-83.17402,42.388116],[-83.173093,42.388141],[-83.172022,42.388168],[-83.17094,42.388194],[-83.169844,42.38822],[-83.168721,42.388248],[-83.168622,42.385801],[-83.168609,42.38547],[-83.168602,42.385283],[-83.168596,42.385107],[-83.167815,42.385189],[-83.16753,42.385211],[-83.166987,42.385242],[-83.165985,42.38528],[-83.165005,42.38528],[-83.163225,42.385273],[-83.162137,42.38526],[-83.159099,42.38525],[-83.158974,42.385248],[-83.158969,42.385058],[-83.15896,42.384757],[-83.158926,42.383649],[-83.158834,42.380739],[-83.158771,42.37898],[-83.158688,42.376678],[-83.15763,42.376253],[-83.156663,42.375863],[-83.156518,42.375805],[-83.155669,42.375462],[-83.155401,42.375354],[-83.154661,42.375056],[-83.154308,42.374914],[-83.1537,42.374669],[-83.152638,42.374241],[-83.1524,42.374145],[-83.151531,42.373792],[-83.151142,42.373635],[-83.151578,42.373632],[-83.152015,42.37363],[-83.152744,42.373618],[-83.154257,42.37359],[-83.155341,42.373569],[-83.156426,42.373549],[-83.157503,42.373527],[-83.157811,42.373521],[-83.158569,42.373505],[-83.159634,42.373477],[-83.160671,42.373451],[-83.161981,42.373417],[-83.163364,42.373382],[-83.164552,42.37335],[-83.165754,42.37332],[-83.166964,42.37327],[-83.16756,42.373241],[-83.16761,42.37324],[-83.168155,42.37323],[-83.16824,42.375588],[-83.168309,42.377495],[-83.168362,42.379071],[-83.168386,42.379665],[-83.16839,42.379748],[-83.168392,42.37982],[-83.168452,42.380491],[-83.168461,42.380595],[-83.169863,42.381182],[-83.170597,42.381474],[-83.170976,42.381627],[-83.171874,42.381988],[-83.172082,42.38207],[-83.173163,42.382508],[-83.173416,42.382611],[-83.173812,42.382772],[-83.174536,42.383063],[-83.175159,42.383313],[-83.17573,42.383543],[-83.176011,42.383656],[-83.176297,42.383772],[-83.178366,42.383321],[-83.178886,42.383205],[-83.182935,42.3823],[-83.183056,42.382274],[-83.183058,42.382398],[-83.183048,42.382452],[-83.183048,42.382498],[-83.183053,42.38339],[-83.183014,42.383561],[-83.182983,42.383628],[-83.183015,42.384186],[-83.183013,42.384304],[-83.183034,42.385028],[-83.183047,42.385249],[-83.18307,42.385643],[-83.183096,42.38609],[-83.183109,42.386515],[-83.183902,42.386833],[-83.183948,42.387872],[-83.184079,42.391114],[-83.184224,42.394666],[-83.183082,42.394707],[-83.181951,42.394739],[-83.180728,42.394774],[-83.179852,42.394799],[-83.1788,42.394824],[-83.178715,42.392699],[-83.178712,42.392625],[-83.178565,42.388908]]]},"properties":{"OBJECTID":150,"council_district":7,"nhood_num":190,"nhood_name":"Grand River-I96","Website":"https://theneighborhoods.org/neighborhoods/grand-river-i96"}},{"type":"Feature","id":151,"geometry":{"type":"Polygon","coordinates":[[[-83.139846,42.393312],[-83.139816,42.392626],[-83.145425,42.390652],[-83.145895,42.390526],[-83.146128,42.390508],[-83.146469,42.390478],[-83.146523,42.390473],[-83.146679,42.390461],[-83.147152,42.390438],[-83.147673,42.390449],[-83.147765,42.390419],[-83.147906,42.390382],[-83.148161,42.390343],[-83.148432,42.390228],[-83.148711,42.390104],[-83.148915,42.389896],[-83.149211,42.38934],[-83.149207,42.388703],[-83.149196,42.388563],[-83.149195,42.388485],[-83.149167,42.386324],[-83.149169,42.386174],[-83.149174,42.384898],[-83.149174,42.384722],[-83.149148,42.384497],[-83.14903,42.38344],[-83.149022,42.383373],[-83.14902,42.383164],[-83.149122,42.383224],[-83.149421,42.383408],[-83.150355,42.383875],[-83.150768,42.38406],[-83.151444,42.38432],[-83.151846,42.384464],[-83.152253,42.384593],[-83.152577,42.384687],[-83.152799,42.384746],[-83.152935,42.384783],[-83.153244,42.384856],[-83.153555,42.384923],[-83.153869,42.384984],[-83.154184,42.385038],[-83.154608,42.385101],[-83.154927,42.38514],[-83.155434,42.38519],[-83.155739,42.385212],[-83.155971,42.385223],[-83.156879,42.385244],[-83.156888,42.385244],[-83.157314,42.38525],[-83.157969,42.385259],[-83.158228,42.385246],[-83.158974,42.385248],[-83.158976,42.385336],[-83.158979,42.385423],[-83.158985,42.385615],[-83.158993,42.385901],[-83.158998,42.386066],[-83.159059,42.388253],[-83.159071,42.388501],[-83.159153,42.390297],[-83.15921,42.39165],[-83.159238,42.392243],[-83.159293,42.393688],[-83.159297,42.393776],[-83.1593,42.393865],[-83.15935,42.39524],[-83.15831,42.395251],[-83.157283,42.395259],[-83.156256,42.395268],[-83.15523,42.395277],[-83.154198,42.395287],[-83.153172,42.395296],[-83.152144,42.395306],[-83.151118,42.395315],[-83.150089,42.395323],[-83.148983,42.395332],[-83.147881,42.395341],[-83.146761,42.395353],[-83.145645,42.395362],[-83.144461,42.395371],[-83.143268,42.395383],[-83.142149,42.395395],[-83.141026,42.395406],[-83.139938,42.395418],[-83.139909,42.39475],[-83.139899,42.394507],[-83.139867,42.393773],[-83.139846,42.393312]]]},"properties":{"OBJECTID":151,"council_district":7,"nhood_num":193,"nhood_name":"Davison-Schoolcraft","Website":"https://theneighborhoods.org/neighborhoods/davison-schoolcraft"}},{"type":"Feature","id":152,"geometry":{"type":"Polygon","coordinates":[[[-83.139846,42.393312],[-83.139867,42.393773],[-83.139899,42.394507],[-83.139909,42.39475],[-83.139938,42.395418],[-83.140054,42.398117],[-83.140081,42.398759],[-83.14015,42.400327],[-83.140149,42.40039],[-83.14016,42.400558],[-83.14019,42.401194],[-83.140222,42.401917],[-83.140255,42.402664],[-83.139934,42.402668],[-83.139138,42.402688],[-83.137967,42.402716],[-83.136799,42.402742],[-83.135583,42.40277],[-83.134357,42.4028],[-83.133378,42.40282],[-83.133232,42.402824],[-83.132348,42.402847],[-83.132089,42.402853],[-83.131364,42.402869],[-83.130913,42.40288],[-83.130381,42.402891],[-83.129388,42.402912],[-83.128409,42.40293],[-83.12756,42.402946],[-83.127248,42.402951],[-83.126811,42.402959],[-83.126079,42.402974],[-83.124846,42.402998],[-83.124493,42.403005],[-83.123612,42.403021],[-83.122402,42.403045],[-83.121177,42.403067],[-83.119957,42.403094],[-83.118906,42.403123],[-83.118806,42.403122],[-83.118675,42.403109],[-83.118547,42.403085],[-83.118423,42.40305],[-83.118312,42.403008],[-83.118184,42.403177],[-83.117488,42.402728],[-83.117736,42.402641],[-83.123276,42.400839],[-83.126558,42.399772],[-83.128127,42.399063],[-83.12914,42.398632],[-83.130336,42.398124],[-83.131531,42.397615],[-83.131642,42.397573],[-83.133027,42.397164],[-83.133697,42.396954],[-83.134622,42.396645],[-83.13494,42.396533],[-83.134904,42.396454],[-83.134867,42.396376],[-83.134401,42.39537],[-83.137023,42.394381],[-83.139846,42.393312]]]},"properties":{"OBJECTID":152,"council_district":2,"nhood_num":54,"nhood_name":"Dexter-Fenkell","Website":"https://theneighborhoods.org/neighborhoods/dexter-fenkell"}},{"type":"Feature","id":153,"geometry":{"type":"Polygon","coordinates":[[[-83.24726,42.36454],[-83.247169,42.362682],[-83.247079,42.3609],[-83.246987,42.359119],[-83.24688,42.357364],[-83.246968,42.357363],[-83.246883,42.355564],[-83.246885,42.355519],[-83.246802,42.353737],[-83.246718,42.351927],[-83.24664,42.350123],[-83.245377,42.350148],[-83.24475,42.350163],[-83.244513,42.349482],[-83.244263,42.348607],[-83.244244,42.34844],[-83.244202,42.34826],[-83.243697,42.346676],[-83.242714,42.343443],[-83.242584,42.343194],[-83.242505,42.343005],[-83.243076,42.342989],[-83.243275,42.342981],[-83.243721,42.342949],[-83.244281,42.342897],[-83.244502,42.34288],[-83.248867,42.342397],[-83.252167,42.342034],[-83.252412,42.342008],[-83.253623,42.341893],[-83.253705,42.342355],[-83.253903,42.344242],[-83.254145,42.346611],[-83.254247,42.347611],[-83.25426,42.347652],[-83.254295,42.347696],[-83.255155,42.348433],[-83.256272,42.349392],[-83.256823,42.349872],[-83.257824,42.350723],[-83.259156,42.351867],[-83.260495,42.353014],[-83.261702,42.354049],[-83.262796,42.354987],[-83.262868,42.355035],[-83.262928,42.355065],[-83.262993,42.355089],[-83.263061,42.355108],[-83.263155,42.355123],[-83.263252,42.355127],[-83.263587,42.355114],[-83.264777,42.355072],[-83.265092,42.355062],[-83.265493,42.35507],[-83.265656,42.357055],[-83.265987,42.357046],[-83.266048,42.358893],[-83.266058,42.362274],[-83.266173,42.363073],[-83.26619,42.36365],[-83.266209,42.364258],[-83.26578,42.364259],[-83.265483,42.364265],[-83.264266,42.364305],[-83.263046,42.364347],[-83.262923,42.36435],[-83.262721,42.364347],[-83.262064,42.364369],[-83.261946,42.364368],[-83.261718,42.364366],[-83.260743,42.364382],[-83.260508,42.364386],[-83.260631,42.366825],[-83.260717,42.369196],[-83.260722,42.370186],[-83.260749,42.371091],[-83.260776,42.371388],[-83.260871,42.371597],[-83.260949,42.374012],[-83.261007,42.376222],[-83.261018,42.376405],[-83.261032,42.376614],[-83.261099,42.378568],[-83.261104,42.378822],[-83.255852,42.378916],[-83.246411,42.378981],[-83.246388,42.378004],[-83.246341,42.376308],[-83.246305,42.374917],[-83.246228,42.371829],[-83.246144,42.369479],[-83.246052,42.366971],[-83.245963,42.364643],[-83.245947,42.364559],[-83.24726,42.36454]]]},"properties":{"OBJECTID":153,"council_district":7,"nhood_num":182,"nhood_name":"Rouge Park","Website":"https://theneighborhoods.org/neighborhoods/rouge-park"}},{"type":"Feature","id":154,"geometry":{"type":"Polygon","coordinates":[[[-83.198033,42.378894],[-83.198007,42.378573],[-83.197991,42.378243],[-83.197921,42.377946],[-83.197857,42.377718],[-83.197795,42.377383],[-83.197757,42.377056],[-83.197735,42.376892],[-83.197706,42.376569],[-83.197699,42.376262],[-83.197686,42.376129],[-83.197628,42.374746],[-83.197616,42.374447],[-83.197591,42.373338],[-83.19756,42.37256],[-83.198745,42.372544],[-83.199957,42.372528],[-83.201169,42.372511],[-83.202329,42.372495],[-83.203562,42.372483],[-83.204768,42.372471],[-83.205978,42.372455],[-83.207185,42.372438],[-83.208391,42.372416],[-83.209601,42.372394],[-83.210808,42.37237],[-83.212014,42.372338],[-83.213228,42.372307],[-83.214434,42.372294],[-83.215639,42.372268],[-83.216265,42.37226],[-83.216585,42.372257],[-83.216769,42.372255],[-83.216838,42.373652],[-83.216847,42.373793],[-83.216861,42.373956],[-83.216908,42.375522],[-83.217,42.377449],[-83.217005,42.377535],[-83.217064,42.378246],[-83.217079,42.378411],[-83.21709,42.37853],[-83.217103,42.37864],[-83.217113,42.378736],[-83.217117,42.378804],[-83.217054,42.378805],[-83.216979,42.378803],[-83.216931,42.378803],[-83.21687,42.378802],[-83.216733,42.378803],[-83.2115,42.378855],[-83.211159,42.378859],[-83.21044,42.378884],[-83.209399,42.378936],[-83.208751,42.378981],[-83.2077,42.379033],[-83.206547,42.379099],[-83.206302,42.379113],[-83.205668,42.379139],[-83.205158,42.37916],[-83.204029,42.379196],[-83.202383,42.379216],[-83.202057,42.37922],[-83.198232,42.379234],[-83.198112,42.379233],[-83.198044,42.379232],[-83.198042,42.379064],[-83.198033,42.378894]]]},"properties":{"OBJECTID":154,"council_district":7,"nhood_num":186,"nhood_name":"Plymouth-I96","Website":"https://theneighborhoods.org/neighborhoods/plymouth-i96"}},{"type":"Feature","id":155,"geometry":{"type":"Polygon","coordinates":[[[-83.07668,42.391977],[-83.07636,42.391497],[-83.076362,42.391488],[-83.076369,42.391498],[-83.076369,42.391498],[-83.076369,42.391498],[-83.079382,42.390435],[-83.082351,42.38932],[-83.08263,42.389733],[-83.085328,42.388716],[-83.085636,42.388605],[-83.086175,42.388412],[-83.088653,42.387495],[-83.091634,42.386391],[-83.09463,42.385287],[-83.094346,42.384872],[-83.097259,42.383824],[-83.098299,42.383458],[-83.098435,42.383527],[-83.098709,42.383678],[-83.098889,42.383787],[-83.099063,42.3839],[-83.09926,42.384044],[-83.099722,42.384421],[-83.100063,42.384722],[-83.10024,42.384896],[-83.100365,42.385019],[-83.100562,42.385237],[-83.10059,42.385268],[-83.100965,42.385804],[-83.101244,42.386224],[-83.101473,42.386569],[-83.102265,42.387788],[-83.102115,42.387842],[-83.102278,42.388084],[-83.102085,42.388276],[-83.100588,42.388814],[-83.097727,42.389843],[-83.094678,42.39094],[-83.091773,42.391985],[-83.088665,42.393102],[-83.085657,42.394228],[-83.082691,42.395356],[-83.07997,42.39639],[-83.079728,42.396482],[-83.079722,42.396484],[-83.079719,42.396481],[-83.079465,42.396024],[-83.078959,42.395234],[-83.078421,42.39443],[-83.07787,42.39365],[-83.077633,42.393398],[-83.077472,42.39321],[-83.077398,42.393025],[-83.077249,42.39301],[-83.077207,42.392775],[-83.07668,42.391977]]]},"properties":{"OBJECTID":155,"council_district":5,"nhood_num":110,"nhood_name":"Gateway Community","Website":"https://theneighborhoods.org/neighborhoods/gateway-community"}},{"type":"Feature","id":156,"geometry":{"type":"Polygon","coordinates":[[[-82.979753,42.353424],[-82.979362,42.353589],[-82.980437,42.355128],[-82.980606,42.355371],[-82.980716,42.355529],[-82.980827,42.355688],[-82.980955,42.355871],[-82.981337,42.356419],[-82.981473,42.356614],[-82.98161,42.35681],[-82.981738,42.356994],[-82.981866,42.357177],[-82.981985,42.357348],[-82.982095,42.357506],[-82.98252,42.358115],[-82.982861,42.358604],[-82.982946,42.358725],[-82.983456,42.359455],[-82.983587,42.3596],[-82.983461,42.359698],[-82.983068,42.360006],[-82.98269,42.360301],[-82.981783,42.360995],[-82.980861,42.361731],[-82.980439,42.362057],[-82.980011,42.362349],[-82.979191,42.362896],[-82.979068,42.362968],[-82.978884,42.363058],[-82.975259,42.357967],[-82.974722,42.357197],[-82.973363,42.355328],[-82.979753,42.353424]]]},"properties":{"OBJECTID":156,"council_district":5,"nhood_num":122,"nhood_name":"Waterworks Park","Website":"https://theneighborhoods.org/neighborhoods/waterworks-park"}},{"type":"Feature","id":157,"geometry":{"type":"Polygon","coordinates":[[[-83.023984,42.426735],[-83.023955,42.425937],[-83.023927,42.425168],[-83.023898,42.424399],[-83.023886,42.424056],[-83.023869,42.423603],[-83.023713,42.419506],[-83.026774,42.419441],[-83.027302,42.41943],[-83.027375,42.419428],[-83.027672,42.419421],[-83.029957,42.419367],[-83.030982,42.419341],[-83.031636,42.419324],[-83.031964,42.419316],[-83.032938,42.419293],[-83.033442,42.419281],[-83.034648,42.419253],[-83.035594,42.419232],[-83.036964,42.4192],[-83.038164,42.419173],[-83.038345,42.419321],[-83.03844,42.421712],[-83.038506,42.423264],[-83.038576,42.42484],[-83.038639,42.426403],[-83.04001,42.426373],[-83.041342,42.426342],[-83.042421,42.426316],[-83.043059,42.4263],[-83.043115,42.427701],[-83.043127,42.427867],[-83.043139,42.428108],[-83.043158,42.428675],[-83.043221,42.4298],[-83.043224,42.42994],[-83.043303,42.431708],[-83.043332,42.43218],[-83.043381,42.433451],[-83.043392,42.433575],[-83.042718,42.433589],[-83.041658,42.433611],[-83.041473,42.433615],[-83.040356,42.433645],[-83.040187,42.433651],[-83.038948,42.433682],[-83.038273,42.433695],[-83.03779,42.433699],[-83.03703,42.433707],[-83.036356,42.433721],[-83.035135,42.433747],[-83.034046,42.433768],[-83.032837,42.433795],[-83.03184,42.433815],[-83.031666,42.433821],[-83.030744,42.433838],[-83.030506,42.433842],[-83.029691,42.433859],[-83.029268,42.433867],[-83.028533,42.433881],[-83.027546,42.433902],[-83.027305,42.433908],[-83.026267,42.433927],[-83.025274,42.433949],[-83.024257,42.43397],[-83.024228,42.433212],[-83.024222,42.433048],[-83.024201,42.432492],[-83.024189,42.432165],[-83.024174,42.431758],[-83.02415,42.43114],[-83.024146,42.431029],[-83.024121,42.430323],[-83.024092,42.42957],[-83.024089,42.429474],[-83.024062,42.428784],[-83.024058,42.428697],[-83.024033,42.428016],[-83.024024,42.427791],[-83.024,42.427152],[-83.023984,42.426735]]]},"properties":{"OBJECTID":157,"council_district":3,"nhood_num":77,"nhood_name":"Grant","Website":"https://theneighborhoods.org/neighborhoods/grant"}},{"type":"Feature","id":158,"geometry":{"type":"Polygon","coordinates":[[[-83.101078,42.417847],[-83.101812,42.417828],[-83.101846,42.418648],[-83.101864,42.419213],[-83.101871,42.419406],[-83.101899,42.42016],[-83.101926,42.420909],[-83.101933,42.421114],[-83.101953,42.421661],[-83.101962,42.421899],[-83.101978,42.422402],[-83.101995,42.422789],[-83.102008,42.423156],[-83.102029,42.423693],[-83.102036,42.423916],[-83.102064,42.424642],[-83.102093,42.425428],[-83.102124,42.426155],[-83.102156,42.426885],[-83.102188,42.427598],[-83.102216,42.428309],[-83.102249,42.42906],[-83.102282,42.429855],[-83.102314,42.430648],[-83.102347,42.431443],[-83.102381,42.432277],[-83.101045,42.432309],[-83.100931,42.432312],[-83.100617,42.432318],[-83.100233,42.432326],[-83.099147,42.432341],[-83.098065,42.432366],[-83.096986,42.432396],[-83.096544,42.432413],[-83.095965,42.432434],[-83.095354,42.432457],[-83.094924,42.432473],[-83.094841,42.431682],[-83.094814,42.431479],[-83.094647,42.430226],[-83.094539,42.429323],[-83.094498,42.428361],[-83.094462,42.427796],[-83.094427,42.427261],[-83.094406,42.427069],[-83.094377,42.426878],[-83.094314,42.426587],[-83.094245,42.426343],[-83.094138,42.426042],[-83.094117,42.425993],[-83.09402,42.425771],[-83.093897,42.425529],[-83.09376,42.42529],[-83.093609,42.425057],[-83.093498,42.424908],[-83.093302,42.424647],[-83.092713,42.423892],[-83.091948,42.422891],[-83.091612,42.422441],[-83.091196,42.421919],[-83.090418,42.420975],[-83.089902,42.420411],[-83.089191,42.419594],[-83.088605,42.418893],[-83.088058,42.418225],[-83.088578,42.418207],[-83.089417,42.418161],[-83.089602,42.418154],[-83.091471,42.418137],[-83.092438,42.418121],[-83.093017,42.418106],[-83.09343,42.418106],[-83.093925,42.418091],[-83.094295,42.418091],[-83.094828,42.418023],[-83.095412,42.418023],[-83.096402,42.418008],[-83.097397,42.417974],[-83.097642,42.417965],[-83.098416,42.417938],[-83.101078,42.417847]]]},"properties":{"OBJECTID":158,"council_district":3,"nhood_num":87,"nhood_name":"Greenfield Park","Website":"https://theneighborhoods.org/neighborhoods/greenfield-park"}},{"type":"Feature","id":159,"geometry":{"type":"Polygon","coordinates":[[[-83.141751,42.438834],[-83.142804,42.438814],[-83.143903,42.438796],[-83.144895,42.438777],[-83.146044,42.438761],[-83.147431,42.438739],[-83.149051,42.438713],[-83.15067,42.438686],[-83.152098,42.438661],[-83.153312,42.43864],[-83.15454,42.43862],[-83.155745,42.438599],[-83.156865,42.438579],[-83.157961,42.438561],[-83.159063,42.438543],[-83.160153,42.438525],[-83.161207,42.43851],[-83.161219,42.438852],[-83.161306,42.440914],[-83.161496,42.445644],[-83.161496,42.445644],[-83.160457,42.445672],[-83.159342,42.445699],[-83.159263,42.445701],[-83.158695,42.445713],[-83.158249,42.445722],[-83.157145,42.445744],[-83.156681,42.445756],[-83.156559,42.445759],[-83.156017,42.44577],[-83.154798,42.445797],[-83.153574,42.445824],[-83.15237,42.445853],[-83.150925,42.445885],[-83.149305,42.445924],[-83.14769,42.445954],[-83.146324,42.445988],[-83.145906,42.446],[-83.14516,42.446016],[-83.144796,42.446023],[-83.144175,42.446034],[-83.143195,42.446055],[-83.142025,42.446084],[-83.142011,42.445925],[-83.142006,42.445865],[-83.141991,42.445611],[-83.141927,42.443693],[-83.141843,42.441338],[-83.141751,42.438836],[-83.141751,42.438834]]]},"properties":{"OBJECTID":159,"council_district":2,"nhood_num":41,"nhood_name":"Garden Homes","Website":"https://theneighborhoods.org/neighborhoods/garden-homes"}},{"type":"Feature","id":160,"geometry":{"type":"Polygon","coordinates":[[[-82.952128,42.435602],[-82.952347,42.435311],[-82.95261,42.434958],[-82.95296,42.434657],[-82.953192,42.434404],[-82.953522,42.434004],[-82.953713,42.433775],[-82.954162,42.433187],[-82.954927,42.432177],[-82.955545,42.43136],[-82.955939,42.430837],[-82.956161,42.430542],[-82.956785,42.42972],[-82.957252,42.429101],[-82.958108,42.427945],[-82.958859,42.426931],[-82.959391,42.426216],[-82.959994,42.425408],[-82.960298,42.425001],[-82.960496,42.424759],[-82.961227,42.423786],[-82.961852,42.422949],[-82.962444,42.422158],[-82.963044,42.421356],[-82.963458,42.420815],[-82.96375,42.420785],[-82.963912,42.42078],[-82.965036,42.420775],[-82.967527,42.420747],[-82.969936,42.42072],[-82.97165,42.420701],[-82.972399,42.420691],[-82.974488,42.420666],[-82.974821,42.420658],[-82.976922,42.420608],[-82.97974,42.420545],[-82.982245,42.420486],[-82.9825,42.42048],[-82.983607,42.420453],[-82.984959,42.420422],[-82.985154,42.420417],[-82.987381,42.42037],[-82.987172,42.420688],[-82.986827,42.421219],[-82.98668,42.421442],[-82.986214,42.422153],[-82.985641,42.423026],[-82.985163,42.423752],[-82.984635,42.424554],[-82.984199,42.425217],[-82.984095,42.425375],[-82.983557,42.426195],[-82.983069,42.426929],[-82.982549,42.427715],[-82.981739,42.428946],[-82.981674,42.429044],[-82.981179,42.429795],[-82.980651,42.430596],[-82.980167,42.43133],[-82.980076,42.431468],[-82.979678,42.432071],[-82.979488,42.432359],[-82.979183,42.432821],[-82.978911,42.433232],[-82.978688,42.43357],[-82.978295,42.434167],[-82.978197,42.434317],[-82.977696,42.435077],[-82.97528,42.435133],[-82.97271,42.435208],[-82.971619,42.43524],[-82.970388,42.435276],[-82.968619,42.435329],[-82.967935,42.435349],[-82.965472,42.435423],[-82.963069,42.435496],[-82.962031,42.435521],[-82.960639,42.435553],[-82.958215,42.435593],[-82.956032,42.435599],[-82.955878,42.435591],[-82.955776,42.43558],[-82.955372,42.435468],[-82.955132,42.435614],[-82.955062,42.435638],[-82.955001,42.435648],[-82.953323,42.435673],[-82.952386,42.435686],[-82.952328,42.435667],[-82.952128,42.435602]]]},"properties":{"OBJECTID":160,"council_district":4,"nhood_num":90,"nhood_name":"Mapleridge","Website":"https://theneighborhoods.org/neighborhoods/mapleridge"}},{"type":"Feature","id":161,"geometry":{"type":"Polygon","coordinates":[[[-82.985571,42.375972],[-82.986532,42.375528],[-82.989581,42.379873],[-82.992494,42.384003],[-82.991525,42.38439],[-82.990564,42.384774],[-82.989598,42.385155],[-82.986696,42.380991],[-82.985027,42.378597],[-82.983773,42.376798],[-82.983779,42.376795],[-82.984036,42.376678],[-82.984676,42.376383],[-82.985293,42.3761],[-82.985565,42.375975],[-82.985571,42.375972]]]},"properties":{"OBJECTID":161,"council_district":4,"nhood_num":104,"nhood_name":"East Canfield","Website":"https://theneighborhoods.org/neighborhoods/east-canfield"}},{"type":"Feature","id":162,"geometry":{"type":"Polygon","coordinates":[[[-82.995976,42.406186],[-82.996056,42.406181],[-82.996143,42.406189],[-82.996358,42.40626],[-82.996566,42.406335],[-82.996448,42.406515],[-82.995563,42.407863],[-82.995098,42.408576],[-82.994613,42.40932],[-82.993985,42.410285],[-82.993229,42.411439],[-82.992777,42.412128],[-82.992475,42.41259],[-82.992113,42.413142],[-82.991102,42.414682],[-82.990227,42.416022],[-82.989482,42.417154],[-82.989157,42.417651],[-82.988811,42.418183],[-82.988706,42.418344],[-82.988236,42.41906],[-82.988056,42.419337],[-82.987699,42.419887],[-82.987381,42.42037],[-82.985154,42.420417],[-82.984959,42.420422],[-82.983607,42.420453],[-82.9825,42.42048],[-82.982245,42.420486],[-82.97974,42.420545],[-82.976922,42.420608],[-82.974821,42.420658],[-82.974414,42.42011],[-82.973788,42.419153],[-82.973561,42.418808],[-82.973318,42.418436],[-82.97284,42.417707],[-82.972228,42.416761],[-82.971651,42.415861],[-82.971097,42.414994],[-82.970974,42.414802],[-82.971094,42.414791],[-82.971509,42.414658],[-82.973709,42.413893],[-82.976419,42.412952],[-82.979237,42.411973],[-82.981924,42.411039],[-82.984633,42.4101],[-82.987447,42.409122],[-82.990263,42.408143],[-82.993284,42.407092],[-82.995685,42.406259],[-82.995918,42.406196],[-82.995976,42.406186]]]},"properties":{"OBJECTID":162,"council_district":4,"nhood_num":108,"nhood_name":"Eden Gardens","Website":"https://theneighborhoods.org/neighborhoods/eden-gardens"}},{"type":"Feature","id":163,"geometry":{"type":"Polygon","coordinates":[[[-82.975789,42.406525],[-82.975313,42.405769],[-82.974844,42.405029],[-82.977563,42.404101],[-82.980287,42.403168],[-82.983111,42.402201],[-82.98369,42.402003],[-82.984681,42.401658],[-82.985932,42.401222],[-82.986013,42.40119],[-82.986672,42.400959],[-82.988946,42.400178],[-82.991466,42.399306],[-82.992111,42.399981],[-82.992775,42.400674],[-82.993525,42.401458],[-82.994358,42.402324],[-82.994762,42.402745],[-82.99528,42.403162],[-82.996273,42.40395],[-82.997245,42.40471],[-82.997504,42.404909],[-82.996566,42.406335],[-82.996358,42.40626],[-82.996143,42.406189],[-82.996056,42.406181],[-82.995976,42.406186],[-82.995918,42.406196],[-82.995685,42.406259],[-82.993284,42.407092],[-82.990263,42.408143],[-82.987447,42.409122],[-82.984633,42.4101],[-82.981924,42.411039],[-82.979237,42.411973],[-82.978749,42.411203],[-82.978149,42.410256],[-82.977561,42.409329],[-82.976926,42.408329],[-82.976331,42.407385],[-82.975789,42.406525]]]},"properties":{"OBJECTID":163,"council_district":4,"nhood_num":107,"nhood_name":"Wade","Website":"https://theneighborhoods.org/neighborhoods/wade"}},{"type":"Feature","id":164,"geometry":{"type":"Polygon","coordinates":[[[-82.987595,42.396566],[-82.988053,42.396226],[-82.988185,42.396326],[-82.988579,42.396621],[-82.988718,42.396726],[-82.989321,42.397179],[-82.989517,42.39731],[-82.990044,42.397855],[-82.990208,42.39797],[-82.990822,42.398639],[-82.991466,42.399306],[-82.988946,42.400178],[-82.986672,42.400959],[-82.986013,42.40119],[-82.985932,42.401222],[-82.984681,42.401658],[-82.98369,42.402003],[-82.983111,42.402201],[-82.980287,42.403168],[-82.977563,42.404101],[-82.974844,42.405029],[-82.974803,42.404964],[-82.974479,42.40433],[-82.974089,42.40354],[-82.973738,42.402836],[-82.97337,42.402086],[-82.973294,42.40193],[-82.973106,42.401595],[-82.973033,42.401465],[-82.975257,42.400937],[-82.976964,42.400485],[-82.980446,42.399465],[-82.981876,42.399042],[-82.984007,42.398412],[-82.984133,42.398373],[-82.98456,42.398221],[-82.984792,42.398123],[-82.985481,42.397832],[-82.986024,42.39758],[-82.986272,42.397444],[-82.986675,42.397207],[-82.986953,42.39703],[-82.987231,42.396837],[-82.987595,42.396566]]]},"properties":{"OBJECTID":164,"council_district":4,"nhood_num":106,"nhood_name":"Ravendale","Website":"https://theneighborhoods.org/neighborhoods/ravendale"}},{"type":"Feature","id":165,"geometry":{"type":"Polygon","coordinates":[[[-82.987381,42.42037],[-82.987699,42.419887],[-82.988056,42.419337],[-82.988236,42.41906],[-82.988706,42.418344],[-82.988811,42.418183],[-82.989157,42.417651],[-82.989482,42.417154],[-82.990227,42.416022],[-82.991102,42.414682],[-82.992113,42.413142],[-82.992475,42.41259],[-82.992777,42.412128],[-82.993229,42.411439],[-82.993985,42.410285],[-82.994613,42.40932],[-82.995098,42.408576],[-82.995563,42.407863],[-82.996448,42.406515],[-82.996566,42.406335],[-82.997504,42.404909],[-82.998843,42.405947],[-82.99905,42.406107],[-82.999632,42.406558],[-83.00043,42.407173],[-83.001196,42.407768],[-83.002755,42.408977],[-83.003534,42.409579],[-83.00432,42.410186],[-83.005116,42.410805],[-83.005392,42.411019],[-83.00591,42.411439],[-83.006096,42.41159],[-83.006654,42.412077],[-83.007215,42.412571],[-83.00738,42.412725],[-83.005555,42.413369],[-83.003351,42.414146],[-83.0005,42.415152],[-82.999998,42.415324],[-82.9995,42.415506],[-82.996754,42.416471],[-82.994826,42.41715],[-82.993772,42.417521],[-82.993706,42.417556],[-82.993626,42.417629],[-82.993535,42.417699],[-82.992849,42.418228],[-82.992166,42.418758],[-82.991479,42.419293],[-82.992372,42.419917],[-82.993557,42.420759],[-82.993761,42.4209],[-82.996318,42.422708],[-82.99556,42.422981],[-82.995369,42.42305],[-82.994383,42.423405],[-82.99324,42.423811],[-82.992144,42.424201],[-82.991104,42.42457],[-82.990079,42.424935],[-82.989189,42.425251],[-82.98908,42.425293],[-82.988881,42.425371],[-82.987836,42.425746],[-82.986813,42.426109],[-82.985779,42.426475],[-82.984889,42.42679],[-82.984797,42.426812],[-82.98463,42.426851],[-82.983327,42.426879],[-82.983069,42.426929],[-82.983557,42.426195],[-82.984095,42.425375],[-82.984199,42.425217],[-82.984635,42.424554],[-82.985163,42.423752],[-82.985641,42.423026],[-82.986214,42.422153],[-82.98668,42.421442],[-82.986827,42.421219],[-82.987172,42.420688],[-82.987381,42.42037]]]},"properties":{"OBJECTID":165,"council_district":4,"nhood_num":89,"nhood_name":"Gratiot-Findlay","Website":"https://theneighborhoods.org/neighborhoods/gratiot-findlay"}},{"type":"Feature","id":166,"geometry":{"type":"Polygon","coordinates":[[[-82.95384,42.417259],[-82.953228,42.417005],[-82.95281,42.416832],[-82.952274,42.41661],[-82.951793,42.41641],[-82.951315,42.416213],[-82.950804,42.416001],[-82.950399,42.415834],[-82.949815,42.415592],[-82.949438,42.415436],[-82.948648,42.415108],[-82.948444,42.415024],[-82.947466,42.414619],[-82.945087,42.413633],[-82.943757,42.413083],[-82.943396,42.412935],[-82.943217,42.412861],[-82.944051,42.412223],[-82.944188,42.41212],[-82.944989,42.411516],[-82.946521,42.410362],[-82.948214,42.409091],[-82.948415,42.40894],[-82.948934,42.408586],[-82.950099,42.407942],[-82.950281,42.40786],[-82.950517,42.407763],[-82.951156,42.407503],[-82.951662,42.40733],[-82.952449,42.407114],[-82.953957,42.40676],[-82.954542,42.406616],[-82.955482,42.406375],[-82.955578,42.406346],[-82.956269,42.406136],[-82.957091,42.405881],[-82.958096,42.405587],[-82.959973,42.405007],[-82.96011,42.404966],[-82.960246,42.404924],[-82.961925,42.404405],[-82.962935,42.404096],[-82.964219,42.403704],[-82.964604,42.403586],[-82.965464,42.403346],[-82.96571,42.403277],[-82.966305,42.403121],[-82.967776,42.402751],[-82.968215,42.402641],[-82.968608,42.402542],[-82.968893,42.402467],[-82.969608,42.402281],[-82.970165,42.402147],[-82.970484,42.402065],[-82.970944,42.401961],[-82.971978,42.401715],[-82.973033,42.401465],[-82.973106,42.401595],[-82.973294,42.40193],[-82.97337,42.402086],[-82.973738,42.402836],[-82.974089,42.40354],[-82.974479,42.40433],[-82.974803,42.404964],[-82.974844,42.405029],[-82.975313,42.405769],[-82.975789,42.406525],[-82.976331,42.407385],[-82.976926,42.408329],[-82.977561,42.409329],[-82.978149,42.410256],[-82.978749,42.411203],[-82.979237,42.411973],[-82.976419,42.412952],[-82.973709,42.413893],[-82.971509,42.414658],[-82.971094,42.414791],[-82.970974,42.414802],[-82.971097,42.414994],[-82.971651,42.415861],[-82.972228,42.416761],[-82.97284,42.417707],[-82.973318,42.418436],[-82.973561,42.418808],[-82.973788,42.419153],[-82.974414,42.42011],[-82.974821,42.420658],[-82.974488,42.420666],[-82.972399,42.420691],[-82.97165,42.420701],[-82.969936,42.42072],[-82.967527,42.420747],[-82.965036,42.420775],[-82.963912,42.42078],[-82.96375,42.420785],[-82.963458,42.420815],[-82.963035,42.420858],[-82.962823,42.42088],[-82.962707,42.420883],[-82.962584,42.420855],[-82.962416,42.420801],[-82.962157,42.420702],[-82.961121,42.420274],[-82.96007,42.419838],[-82.959054,42.419417],[-82.95804,42.418996],[-82.95748,42.418765],[-82.957025,42.418576],[-82.95646,42.418343],[-82.955897,42.41811],[-82.955477,42.417937],[-82.954869,42.417685],[-82.954344,42.417468],[-82.95384,42.417259]]]},"properties":{"OBJECTID":166,"council_district":4,"nhood_num":96,"nhood_name":"Outer Drive-Hayes","Website":"https://theneighborhoods.org/neighborhoods/outer-drive-hayes"}},{"type":"Feature","id":167,"geometry":{"type":"Polygon","coordinates":[[[-82.933152,42.419469],[-82.933456,42.419248],[-82.933594,42.419344],[-82.933716,42.419429],[-82.933783,42.419475],[-82.933858,42.419514],[-82.934008,42.41959],[-82.934437,42.419764],[-82.935399,42.420155],[-82.936294,42.420521],[-82.936365,42.420551],[-82.937224,42.4209],[-82.937611,42.421059],[-82.938166,42.421287],[-82.938741,42.421523],[-82.939755,42.421936],[-82.940458,42.422222],[-82.940765,42.422348],[-82.941473,42.422637],[-82.941772,42.422759],[-82.942558,42.423081],[-82.942786,42.423174],[-82.943734,42.42356],[-82.944636,42.423928],[-82.944809,42.423999],[-82.945751,42.424385],[-82.946769,42.424801],[-82.947804,42.425224],[-82.948908,42.425676],[-82.949956,42.426105],[-82.950995,42.42653],[-82.952141,42.427],[-82.953137,42.427405],[-82.954118,42.427807],[-82.955162,42.428234],[-82.956203,42.428665],[-82.957252,42.429101],[-82.956785,42.42972],[-82.956161,42.430542],[-82.955939,42.430837],[-82.955545,42.43136],[-82.954927,42.432177],[-82.954162,42.433187],[-82.953713,42.433775],[-82.953522,42.434004],[-82.953192,42.434404],[-82.95296,42.434657],[-82.95261,42.434958],[-82.952347,42.435311],[-82.952128,42.435602],[-82.951826,42.436001],[-82.951603,42.436297],[-82.951004,42.436272],[-82.951357,42.435809],[-82.949894,42.435207],[-82.947855,42.434373],[-82.945735,42.433503],[-82.943612,42.432637],[-82.940788,42.431481],[-82.940416,42.431329],[-82.940056,42.431182],[-82.937382,42.43009],[-82.934343,42.428845],[-82.932195,42.427968],[-82.92999,42.427065],[-82.928007,42.426253],[-82.927878,42.426183],[-82.927656,42.426062],[-82.927495,42.425975],[-82.927822,42.425556],[-82.927972,42.425376],[-82.928448,42.424764],[-82.92851,42.424685],[-82.928745,42.424387],[-82.928816,42.424297],[-82.929808,42.423032],[-82.930286,42.422406],[-82.93066,42.421909],[-82.930971,42.421528],[-82.931375,42.421071],[-82.931703,42.420723],[-82.932057,42.420369],[-82.932126,42.420307],[-82.932365,42.420095],[-82.932823,42.41972],[-82.933152,42.419469]]]},"properties":{"OBJECTID":167,"council_district":4,"nhood_num":91,"nhood_name":"Moross-Morang","Website":"https://theneighborhoods.org/neighborhoods/moross-morang"}},{"type":"Feature","id":168,"geometry":{"type":"Polygon","coordinates":[[[-83.004153,42.367761],[-83.005138,42.367364],[-83.006106,42.366978],[-83.007078,42.366614],[-83.007415,42.366489],[-83.007809,42.366343],[-83.008271,42.366171],[-83.008721,42.366004],[-83.009692,42.365649],[-83.010592,42.365321],[-83.010793,42.365247],[-83.011702,42.364914],[-83.011829,42.364867],[-83.013055,42.364417],[-83.013148,42.364383],[-83.01324,42.364348],[-83.014475,42.363893],[-83.015427,42.363543],[-83.016417,42.363179],[-83.01772,42.362705],[-83.018306,42.362494],[-83.01903,42.362233],[-83.02034,42.361753],[-83.021613,42.361291],[-83.022093,42.36202],[-83.022366,42.362435],[-83.022571,42.362744],[-83.023044,42.363459],[-83.02311,42.363559],[-83.023962,42.364836],[-83.023174,42.366031],[-83.022796,42.3666],[-83.022358,42.367257],[-83.021914,42.367926],[-83.021547,42.368477],[-83.020737,42.369702],[-83.020392,42.370225],[-83.020116,42.370626],[-83.019534,42.371523],[-83.018738,42.372728],[-83.018564,42.372992],[-83.017866,42.374041],[-83.017697,42.374297],[-83.017234,42.374996],[-83.016599,42.375955],[-83.015934,42.376956],[-83.015312,42.377887],[-83.014688,42.378823],[-83.014082,42.379738],[-83.013478,42.380652],[-83.013181,42.381101],[-83.011935,42.379379],[-83.010168,42.376938],[-83.008643,42.374828],[-83.007194,42.372836],[-83.006375,42.371699],[-83.006861,42.371505],[-83.006613,42.371162],[-83.006091,42.370439],[-83.005597,42.370636],[-83.003655,42.367961],[-83.004085,42.367784],[-83.004153,42.367761]]]},"properties":{"OBJECTID":168,"council_district":5,"nhood_num":128,"nhood_name":"Gratiot-Grand","Website":"https://theneighborhoods.org/neighborhoods/gratiot-grand"}},{"type":"Feature","id":169,"geometry":{"type":"Polygon","coordinates":[[[-82.958848,42.395448],[-82.960111,42.394995],[-82.961015,42.396379],[-82.96108,42.396532],[-82.961083,42.396657],[-82.961115,42.39678],[-82.962153,42.398353],[-82.963167,42.399882],[-82.963295,42.400075],[-82.964308,42.401604],[-82.965303,42.403105],[-82.965461,42.403341],[-82.965464,42.403346],[-82.964604,42.403586],[-82.964219,42.403704],[-82.962935,42.404096],[-82.961925,42.404405],[-82.960246,42.404924],[-82.96011,42.404966],[-82.959973,42.405007],[-82.959788,42.404719],[-82.958987,42.403523],[-82.957963,42.401999],[-82.957841,42.401817],[-82.957727,42.401595],[-82.957542,42.401141],[-82.956965,42.400222],[-82.956902,42.400089],[-82.956812,42.399934],[-82.956167,42.398974],[-82.955963,42.398714],[-82.955844,42.398577],[-82.954492,42.397021],[-82.955171,42.396775],[-82.955671,42.396594],[-82.956062,42.396453],[-82.956961,42.396128],[-82.957885,42.395795],[-82.958848,42.395448]]]},"properties":{"OBJECTID":169,"council_district":4,"nhood_num":98,"nhood_name":"Chandler Park-Chalmers","Website":"https://theneighborhoods.org/neighborhoods/chandler-park-chalmers"}},{"type":"Feature","id":170,"geometry":{"type":"Polygon","coordinates":[[[-83.083381,42.323738],[-83.083301,42.323608],[-83.083185,42.323369],[-83.083105,42.323202],[-83.082955,42.322776],[-83.082882,42.322565],[-83.082809,42.322355],[-83.082729,42.32209],[-83.082587,42.321489],[-83.082548,42.321122],[-83.082546,42.320501],[-83.082542,42.320373],[-83.082543,42.320289],[-83.082549,42.320066],[-83.08258,42.31966],[-83.082621,42.319424],[-83.082664,42.319181],[-83.082768,42.318834],[-83.082849,42.318616],[-83.082932,42.318427],[-83.083041,42.31821],[-83.083296,42.317796],[-83.083355,42.317712],[-83.083404,42.317641],[-83.083519,42.317489],[-83.083728,42.317243],[-83.083984,42.316979],[-83.084236,42.316748],[-83.084469,42.316559],[-83.084703,42.316387],[-83.084943,42.31672],[-83.085047,42.316874],[-83.086822,42.319338],[-83.087174,42.319835],[-83.087757,42.32061],[-83.088724,42.321926],[-83.089233,42.322621],[-83.089233,42.322861],[-83.088036,42.323329],[-83.086628,42.323886],[-83.085478,42.324349],[-83.084594,42.324712],[-83.084297,42.324832],[-83.084084,42.324922],[-83.083721,42.32432],[-83.083433,42.323822],[-83.083381,42.323738]]]},"properties":{"OBJECTID":170,"council_district":6,"nhood_num":172,"nhood_name":"Mexicantown","Website":"https://theneighborhoods.org/neighborhoods/mexicantown"}},{"type":"Feature","id":171,"geometry":{"type":"Polygon","coordinates":[[[-83.286698,42.414252],[-83.28604,42.414263],[-83.285876,42.414266],[-83.28517,42.41429],[-83.283637,42.414338],[-83.28231,42.414382],[-83.28136,42.414414],[-83.280978,42.414427],[-83.279646,42.414468],[-83.278319,42.41451],[-83.277405,42.41453],[-83.277389,42.414325],[-83.277324,42.413175],[-83.277308,42.412778],[-83.277306,42.412522],[-83.277298,42.412041],[-83.277284,42.41153],[-83.277249,42.410465],[-83.277232,42.40994],[-83.277212,42.409552],[-83.277186,42.408981],[-83.277131,42.407278],[-83.278032,42.407265],[-83.278699,42.407251],[-83.279372,42.407231],[-83.280013,42.407211],[-83.280702,42.407196],[-83.281417,42.407181],[-83.281571,42.407175],[-83.281952,42.40716],[-83.282029,42.407157],[-83.282239,42.407151],[-83.282846,42.407127],[-83.283492,42.407103],[-83.284922,42.407047],[-83.285608,42.407026],[-83.286463,42.407],[-83.286517,42.409319],[-83.286516,42.409425],[-83.286604,42.411754],[-83.286698,42.414252]]]},"properties":{"OBJECTID":171,"council_district":1,"nhood_num":31,"nhood_name":"South of Six","Website":"https://theneighborhoods.org/neighborhoods/south-of-six"}},{"type":"Feature","id":173,"geometry":{"type":"Polygon","coordinates":[[[-83.238196,42.415019],[-83.238092,42.413361],[-83.237981,42.41155],[-83.237856,42.409937],[-83.237791,42.40854],[-83.238506,42.408829],[-83.239122,42.409075],[-83.239457,42.40921],[-83.240069,42.409456],[-83.240832,42.409763],[-83.241977,42.410223],[-83.243119,42.41068],[-83.244256,42.411136],[-83.244959,42.41142],[-83.245391,42.411595],[-83.246466,42.412036],[-83.247633,42.412491],[-83.248818,42.412967],[-83.249878,42.413389],[-83.250975,42.41383],[-83.252717,42.41453],[-83.25304,42.414671],[-83.252435,42.414676],[-83.252352,42.414671],[-83.250837,42.414693],[-83.248944,42.414726],[-83.247745,42.414748],[-83.247142,42.414763],[-83.2466,42.414778],[-83.245934,42.414798],[-83.245533,42.414809],[-83.24476,42.414831],[-83.244417,42.414841],[-83.24357,42.414866],[-83.243307,42.414875],[-83.24277,42.414892],[-83.242277,42.414908],[-83.241146,42.414935],[-83.240112,42.414967],[-83.239181,42.414994],[-83.238196,42.415019]]]},"properties":{"OBJECTID":173,"council_district":1,"nhood_num":27,"nhood_name":"McNichols Evergreen","Website":"https://theneighborhoods.org/neighborhoods/mcnichols-evergreen"}},{"type":"Feature","id":174,"geometry":{"type":"Polygon","coordinates":[[[-83.261576,42.425369],[-83.262052,42.42536],[-83.262246,42.425363],[-83.262846,42.42537],[-83.262835,42.424864],[-83.262828,42.424548],[-83.262849,42.423691],[-83.262898,42.422816],[-83.262912,42.42239],[-83.262916,42.422018],[-83.2629,42.421872],[-83.263268,42.421856],[-83.26389,42.421835],[-83.264107,42.421231],[-83.264165,42.421075],[-83.264425,42.420425],[-83.264587,42.420038],[-83.264641,42.419974],[-83.264719,42.419912],[-83.264813,42.419865],[-83.264897,42.419838],[-83.265081,42.41973],[-83.265165,42.419681],[-83.265283,42.419555],[-83.265405,42.419604],[-83.266422,42.420112],[-83.266488,42.421428],[-83.266507,42.421586],[-83.266538,42.421759],[-83.26657,42.421912],[-83.266615,42.422083],[-83.266683,42.422292],[-83.26687,42.422923],[-83.267006,42.423225],[-83.267074,42.423351],[-83.267477,42.42399],[-83.267591,42.424181],[-83.267655,42.424323],[-83.267682,42.42441],[-83.267701,42.424498],[-83.267714,42.424671],[-83.267718,42.425282],[-83.267857,42.42917],[-83.265378,42.429151],[-83.264165,42.429145],[-83.263091,42.429139],[-83.261977,42.429133],[-83.260792,42.429126],[-83.259624,42.429119],[-83.258962,42.429115],[-83.258292,42.42912],[-83.258276,42.427394],[-83.258258,42.426361],[-83.258238,42.425369],[-83.259958,42.42537],[-83.261476,42.425374],[-83.261576,42.425369]]]},"properties":{"OBJECTID":174,"council_district":1,"nhood_num":4,"nhood_name":"Melvern Hill","Website":"https://theneighborhoods.org/neighborhoods/melvern-hill"}},{"type":"Feature","id":175,"geometry":{"type":"Polygon","coordinates":[[[-83.25806,42.429121],[-83.258292,42.42912],[-83.258326,42.429839],[-83.258407,42.431515],[-83.258446,42.432737],[-83.258458,42.433209],[-83.258512,42.434536],[-83.258572,42.436355],[-83.258636,42.437973],[-83.258687,42.438957],[-83.258708,42.439775],[-83.258775,42.441585],[-83.25884,42.442997],[-83.258853,42.44323],[-83.257021,42.44328],[-83.256544,42.443295],[-83.256358,42.443299],[-83.255187,42.443329],[-83.253925,42.443361],[-83.252744,42.443391],[-83.25148,42.443424],[-83.250365,42.443453],[-83.249132,42.443485],[-83.24788,42.443527],[-83.246671,42.443557],[-83.245467,42.443592],[-83.244254,42.44362],[-83.243107,42.443655],[-83.243075,42.443655],[-83.242899,42.443661],[-83.242527,42.44367],[-83.241844,42.443687],[-83.2413,42.443705],[-83.240625,42.44372],[-83.239411,42.443754],[-83.239394,42.443533],[-83.239318,42.442175],[-83.23932,42.442103],[-83.23928,42.440332],[-83.239205,42.438401],[-83.239136,42.436772],[-83.239066,42.434986],[-83.239023,42.433858],[-83.238994,42.433172],[-83.23895,42.432096],[-83.238922,42.431329],[-83.238907,42.430604],[-83.238866,42.429572],[-83.239824,42.429548],[-83.240772,42.429526],[-83.241865,42.4295],[-83.243021,42.429475],[-83.24309,42.429473],[-83.24426,42.429442],[-83.245289,42.429418],[-83.246162,42.429396],[-83.246443,42.429389],[-83.247429,42.429363],[-83.248527,42.429337],[-83.249824,42.429309],[-83.251028,42.429282],[-83.252072,42.429258],[-83.252254,42.429254],[-83.253413,42.429228],[-83.254851,42.429197],[-83.255944,42.429171],[-83.257092,42.429144],[-83.25806,42.429121]]]},"properties":{"OBJECTID":175,"council_district":1,"nhood_num":7,"nhood_name":"Evergreen Lahser 7/8","Website":"https://theneighborhoods.org/neighborhoods/evergreen-lahser-7-8"}},{"type":"Feature","id":176,"geometry":{"type":"Polygon","coordinates":[[[-83.237765,42.429601],[-83.238866,42.429572],[-83.238907,42.430604],[-83.238922,42.431329],[-83.23895,42.432096],[-83.238994,42.433172],[-83.239023,42.433858],[-83.239066,42.434986],[-83.239136,42.436772],[-83.239205,42.438401],[-83.23928,42.440332],[-83.23932,42.442103],[-83.239318,42.442175],[-83.239394,42.443533],[-83.239411,42.443754],[-83.238185,42.443778],[-83.237521,42.443793],[-83.236971,42.443806],[-83.235745,42.443834],[-83.23453,42.443855],[-83.233324,42.443879],[-83.232256,42.443903],[-83.229117,42.443968],[-83.228108,42.44399],[-83.227054,42.444011],[-83.226042,42.444032],[-83.224855,42.444063],[-83.223673,42.444087],[-83.222502,42.444119],[-83.221302,42.444142],[-83.22015,42.444166],[-83.219803,42.444173],[-83.219626,42.444176],[-83.219632,42.443991],[-83.219649,42.443389],[-83.219681,42.442641],[-83.219701,42.441948],[-83.219681,42.441118],[-83.219682,42.441038],[-83.219685,42.440772],[-83.219685,42.440749],[-83.219682,42.440539],[-83.219659,42.439981],[-83.219637,42.439426],[-83.219579,42.43798],[-83.21954,42.437237],[-83.219369,42.433632],[-83.219332,42.432604],[-83.219311,42.432052],[-83.219233,42.43002],[-83.219417,42.430017],[-83.219584,42.430014],[-83.21975,42.43001],[-83.220497,42.429988],[-83.220636,42.429982],[-83.221742,42.429965],[-83.222987,42.429947],[-83.224201,42.429923],[-83.22543,42.429902],[-83.226536,42.429884],[-83.2276,42.429867],[-83.227774,42.429864],[-83.228661,42.429849],[-83.22909,42.42984],[-83.229786,42.429823],[-83.230972,42.429789],[-83.232148,42.429757],[-83.233361,42.429722],[-83.234539,42.429691],[-83.235588,42.429662],[-83.236677,42.429632],[-83.237765,42.429601]]]},"properties":{"OBJECTID":176,"council_district":1,"nhood_num":8,"nhood_name":"O'Hair Park","Website":"https://theneighborhoods.org/neighborhoods/ohair-park"}},{"type":"Feature","id":177,"geometry":{"type":"Polygon","coordinates":[[[-83.217898,42.401129],[-83.218203,42.401127],[-83.218192,42.402216],[-83.218177,42.402923],[-83.218219,42.403728],[-83.218281,42.40474],[-83.21842,42.406541],[-83.218532,42.408332],[-83.218637,42.410122],[-83.218682,42.410875],[-83.218706,42.411752],[-83.218706,42.411914],[-83.218727,42.413531],[-83.218726,42.413758],[-83.218712,42.415553],[-83.218398,42.415563],[-83.217759,42.415576],[-83.216697,42.415599],[-83.215603,42.415622],[-83.214508,42.415647],[-83.213421,42.415662],[-83.213316,42.415667],[-83.212095,42.415699],[-83.211006,42.415723],[-83.210029,42.415743],[-83.209034,42.415763],[-83.207961,42.415786],[-83.206882,42.415807],[-83.205804,42.415829],[-83.204727,42.415851],[-83.203518,42.415876],[-83.202134,42.415906],[-83.200753,42.415944],[-83.199316,42.415983],[-83.19924,42.414165],[-83.199173,42.412343],[-83.199115,42.411116],[-83.199092,42.410554],[-83.199055,42.409652],[-83.199017,42.408753],[-83.198945,42.406925],[-83.198885,42.405379],[-83.198876,42.405127],[-83.198825,42.403952],[-83.198788,42.403305],[-83.198695,42.401513],[-83.200171,42.401475],[-83.201553,42.401443],[-83.202937,42.40141],[-83.204092,42.401383],[-83.20517,42.401359],[-83.20625,42.401334],[-83.206622,42.401327],[-83.207292,42.401314],[-83.207842,42.401303],[-83.208411,42.401292],[-83.209044,42.401279],[-83.209389,42.401273],[-83.210364,42.401253],[-83.210635,42.401248],[-83.211463,42.401232],[-83.212686,42.40121],[-83.214234,42.401188],[-83.216188,42.401154],[-83.217898,42.401129]]]},"properties":{"OBJECTID":177,"council_district":1,"nhood_num":11,"nhood_name":"Crary/St Marys","Website":"https://theneighborhoods.org/neighborhoods/crary/st-marys"}},{"type":"Feature","id":178,"geometry":{"type":"Polygon","coordinates":[[[-83.20769,42.386871],[-83.207865,42.386868],[-83.20799,42.389268],[-83.208105,42.391664],[-83.208173,42.394087],[-83.208205,42.396157],[-83.208225,42.396637],[-83.207616,42.396391],[-83.207218,42.39623],[-83.206386,42.395894],[-83.206034,42.395752],[-83.205036,42.395347],[-83.20494,42.395311],[-83.203844,42.394868],[-83.20268,42.394398],[-83.201611,42.393966],[-83.201226,42.393811],[-83.200498,42.393517],[-83.199821,42.393243],[-83.199428,42.393084],[-83.198365,42.392657],[-83.198342,42.39175],[-83.198311,42.391085],[-83.198251,42.389349],[-83.198229,42.388686],[-83.1982,42.387865],[-83.19817,42.387052],[-83.199189,42.387025],[-83.19932,42.387023],[-83.20023,42.387006],[-83.200538,42.387001],[-83.201296,42.386987],[-83.20175,42.386978],[-83.202391,42.386966],[-83.202942,42.386955],[-83.203472,42.386945],[-83.204136,42.386933],[-83.204544,42.386925],[-83.205353,42.38691],[-83.205651,42.386904],[-83.206559,42.386887],[-83.206774,42.386883],[-83.20769,42.386871]]]},"properties":{"OBJECTID":178,"council_district":1,"nhood_num":17,"nhood_name":"Greenfield-Grand River","Website":"https://theneighborhoods.org/neighborhoods/greenfield-grand-river"}},{"type":"Feature","id":179,"geometry":{"type":"Polygon","coordinates":[[[-83.196847,42.38709],[-83.19817,42.387052],[-83.1982,42.387865],[-83.198229,42.388686],[-83.198251,42.389349],[-83.198311,42.391085],[-83.198342,42.39175],[-83.198365,42.392657],[-83.196335,42.391838],[-83.195183,42.391374],[-83.194579,42.39113],[-83.193962,42.390882],[-83.193361,42.39064],[-83.192497,42.390291],[-83.191784,42.390003],[-83.191298,42.389809],[-83.190412,42.389453],[-83.190111,42.389331],[-83.189407,42.389049],[-83.188969,42.388872],[-83.188379,42.388634],[-83.187212,42.388165],[-83.186021,42.387686],[-83.185421,42.387444],[-83.186104,42.387424],[-83.187447,42.387386],[-83.188323,42.387359],[-83.188461,42.387355],[-83.188903,42.387342],[-83.189476,42.387324],[-83.190025,42.387308],[-83.190497,42.387292],[-83.19119,42.38727],[-83.191461,42.387261],[-83.192503,42.387228],[-83.193785,42.387186],[-83.194744,42.387155],[-83.195022,42.387146],[-83.195642,42.387127],[-83.196218,42.387108],[-83.196847,42.38709]]]},"properties":{"OBJECTID":179,"council_district":1,"nhood_num":15,"nhood_name":"Cadillac Community","Website":"https://theneighborhoods.org/neighborhoods/cadillac-community"}},{"type":"Feature","id":180,"geometry":{"type":"Polygon","coordinates":[[[-83.273642,42.436401],[-83.27344,42.436079],[-83.271272,42.436189],[-83.268268,42.436238],[-83.268156,42.436251],[-83.268115,42.43527],[-83.267994,42.432368],[-83.267925,42.430663],[-83.267857,42.42917],[-83.267718,42.425282],[-83.267714,42.424671],[-83.267701,42.424498],[-83.267682,42.42441],[-83.267655,42.424323],[-83.267591,42.424181],[-83.267477,42.42399],[-83.267074,42.423351],[-83.267006,42.423225],[-83.26687,42.422923],[-83.266683,42.422292],[-83.266615,42.422083],[-83.26657,42.421912],[-83.266538,42.421759],[-83.266507,42.421586],[-83.266488,42.421428],[-83.266422,42.420112],[-83.266981,42.420361],[-83.26783,42.420738],[-83.269623,42.421516],[-83.270967,42.422045],[-83.271854,42.422384],[-83.272457,42.422624],[-83.27382,42.423146],[-83.274631,42.423484],[-83.275217,42.42372],[-83.276558,42.424244],[-83.276909,42.424381],[-83.277378,42.42456],[-83.277534,42.424616],[-83.277826,42.424735],[-83.277846,42.425475],[-83.277876,42.425885],[-83.277889,42.426579],[-83.277931,42.427393],[-83.277991,42.428927],[-83.278064,42.430526],[-83.2781,42.4325],[-83.27812,42.433303],[-83.278169,42.433879],[-83.278241,42.434376],[-83.27829,42.434754],[-83.27836,42.435159],[-83.277964,42.435164],[-83.278151,42.436158],[-83.278265,42.436555],[-83.278368,42.436989],[-83.278468,42.437369],[-83.278626,42.438034],[-83.278811,42.438785],[-83.278896,42.439207],[-83.278914,42.439367],[-83.278958,42.439756],[-83.278947,42.440105],[-83.278921,42.440334],[-83.278838,42.440766],[-83.278639,42.441474],[-83.278621,42.441536],[-83.278462,42.442118],[-83.278377,42.442431],[-83.278325,42.442643],[-83.278301,42.442739],[-83.27753,42.442752],[-83.276907,42.442767],[-83.276396,42.442779],[-83.276151,42.442786],[-83.275695,42.442796],[-83.275328,42.442802],[-83.274289,42.442825],[-83.273616,42.442839],[-83.270269,42.442944],[-83.269611,42.442961],[-83.269911,42.442826],[-83.270142,42.442723],[-83.270319,42.442643],[-83.270909,42.442405],[-83.271986,42.442164],[-83.272899,42.4418],[-83.273261,42.441545],[-83.273661,42.441328],[-83.27385,42.441062],[-83.273902,42.4405],[-83.273983,42.440202],[-83.274193,42.439975],[-83.274314,42.439798],[-83.274458,42.439474],[-83.274125,42.438825],[-83.274174,42.438509],[-83.274674,42.438219],[-83.274725,42.438015],[-83.274536,42.437807],[-83.273897,42.437654],[-83.273736,42.437511],[-83.273682,42.437343],[-83.27373,42.436821],[-83.273642,42.436401]]]},"properties":{"OBJECTID":180,"council_district":1,"nhood_num":2,"nhood_name":"Seven Mile-Rouge","Website":"https://theneighborhoods.org/neighborhoods/seven-mile-rouge"}},{"type":"Feature","id":181,"geometry":{"type":"Polygon","coordinates":[[[-83.219226,42.415538],[-83.219345,42.415535],[-83.219669,42.415541],[-83.219976,42.415539],[-83.220079,42.415533],[-83.220261,42.415523],[-83.221438,42.415501],[-83.222807,42.415473],[-83.224344,42.415444],[-83.225527,42.415421],[-83.226728,42.415393],[-83.227936,42.415372],[-83.229214,42.415347],[-83.230372,42.415325],[-83.230577,42.415322],[-83.231733,42.415293],[-83.231997,42.415291],[-83.233202,42.415271],[-83.233904,42.415256],[-83.23443,42.415246],[-83.234956,42.415236],[-83.23555,42.415223],[-83.23574,42.415215],[-83.236051,42.415202],[-83.237033,42.415149],[-83.237127,42.415146],[-83.238196,42.415019],[-83.238206,42.415183],[-83.238306,42.417445],[-83.238388,42.419264],[-83.238496,42.421687],[-83.238526,42.422367],[-83.238616,42.424482],[-83.23874,42.427151],[-83.238784,42.428159],[-83.238831,42.428886],[-83.238866,42.429572],[-83.237765,42.429601],[-83.236677,42.429632],[-83.235588,42.429662],[-83.234539,42.429691],[-83.233361,42.429722],[-83.232148,42.429757],[-83.230972,42.429789],[-83.229786,42.429823],[-83.22909,42.42984],[-83.228661,42.429849],[-83.227774,42.429864],[-83.2276,42.429867],[-83.226536,42.429884],[-83.22543,42.429902],[-83.224201,42.429923],[-83.222987,42.429947],[-83.221742,42.429965],[-83.220636,42.429982],[-83.220497,42.429988],[-83.21975,42.43001],[-83.219584,42.430014],[-83.219417,42.430017],[-83.219233,42.43002],[-83.219154,42.428317],[-83.219146,42.42785],[-83.219138,42.427701],[-83.219071,42.426381],[-83.218958,42.422785],[-83.218827,42.419267],[-83.21882,42.419073],[-83.21875,42.417433],[-83.218717,42.416104],[-83.218712,42.415553],[-83.218895,42.415548],[-83.219023,42.415544],[-83.219226,42.415538]]]},"properties":{"OBJECTID":181,"council_district":1,"nhood_num":9,"nhood_name":"Evergreen-Outer Drive","Website":"https://theneighborhoods.org/neighborhoods/evergreen-outer-drive"}},{"type":"Feature","id":182,"geometry":{"type":"Polygon","coordinates":[[[-83.238196,42.415019],[-83.239181,42.414994],[-83.240112,42.414967],[-83.241146,42.414935],[-83.242277,42.414908],[-83.24277,42.414892],[-83.243307,42.414875],[-83.24357,42.414866],[-83.244417,42.414841],[-83.24476,42.414831],[-83.245533,42.414809],[-83.245934,42.414798],[-83.2466,42.414778],[-83.247142,42.414763],[-83.247745,42.414748],[-83.248944,42.414726],[-83.250837,42.414693],[-83.252352,42.414671],[-83.252435,42.414676],[-83.25304,42.414671],[-83.253365,42.414813],[-83.253781,42.414988],[-83.254087,42.415115],[-83.255064,42.41549],[-83.256133,42.415889],[-83.256407,42.415998],[-83.257643,42.416489],[-83.257786,42.417929],[-83.257806,42.418145],[-83.25786,42.418744],[-83.257943,42.419576],[-83.258026,42.420454],[-83.258104,42.421314],[-83.258149,42.4219],[-83.258168,42.42237],[-83.258178,42.42277],[-83.258197,42.423649],[-83.258209,42.424159],[-83.258218,42.424514],[-83.258238,42.425369],[-83.258258,42.426361],[-83.258276,42.427394],[-83.258292,42.42912],[-83.25806,42.429121],[-83.257092,42.429144],[-83.255944,42.429171],[-83.254851,42.429197],[-83.253413,42.429228],[-83.252254,42.429254],[-83.252072,42.429258],[-83.251028,42.429282],[-83.249824,42.429309],[-83.248527,42.429337],[-83.247429,42.429363],[-83.246443,42.429389],[-83.246162,42.429396],[-83.245289,42.429418],[-83.24426,42.429442],[-83.24309,42.429473],[-83.243021,42.429475],[-83.241865,42.4295],[-83.240772,42.429526],[-83.239824,42.429548],[-83.238866,42.429572],[-83.238831,42.428886],[-83.238784,42.428159],[-83.23874,42.427151],[-83.238616,42.424482],[-83.238526,42.422367],[-83.238496,42.421687],[-83.238388,42.419264],[-83.238306,42.417445],[-83.238206,42.415183],[-83.238196,42.415019]]]},"properties":{"OBJECTID":182,"council_district":1,"nhood_num":6,"nhood_name":"Holcomb Community","Website":"https://theneighborhoods.org/neighborhoods/holcomb-community"}},{"type":"Feature","id":183,"geometry":{"type":"Polygon","coordinates":[[[-83.184846,42.409193],[-83.185837,42.409161],[-83.188084,42.40909],[-83.188093,42.40909],[-83.188093,42.409092],[-83.189233,42.409055],[-83.190401,42.409018],[-83.191713,42.408975],[-83.192949,42.408937],[-83.194184,42.408897],[-83.195306,42.408864],[-83.196563,42.408826],[-83.197821,42.408787],[-83.199017,42.408753],[-83.199055,42.409652],[-83.199092,42.410554],[-83.199115,42.411116],[-83.199173,42.412343],[-83.19924,42.414165],[-83.199316,42.415983],[-83.198366,42.416012],[-83.198123,42.416025],[-83.196868,42.416089],[-83.195611,42.416154],[-83.194447,42.416214],[-83.193274,42.416274],[-83.192041,42.416338],[-83.19073,42.416406],[-83.189863,42.416449],[-83.189555,42.416459],[-83.188428,42.416481],[-83.187251,42.416497],[-83.186111,42.416513],[-83.185175,42.416525],[-83.185078,42.414373],[-83.184955,42.411632],[-83.184846,42.409195],[-83.184846,42.409193]]]},"properties":{"OBJECTID":183,"council_district":1,"nhood_num":12,"nhood_name":"Hubbell-Puritan","Website":"https://theneighborhoods.org/neighborhoods/hubbell-puritan"}},{"type":"Feature","id":184,"geometry":{"type":"Polygon","coordinates":[[[-83.184224,42.394666],[-83.184224,42.394666],[-83.184079,42.391114],[-83.183948,42.387872],[-83.183902,42.386833],[-83.184958,42.387257],[-83.185421,42.387444],[-83.186021,42.387686],[-83.187212,42.388165],[-83.188379,42.388634],[-83.188969,42.388872],[-83.189407,42.389049],[-83.190111,42.389331],[-83.190412,42.389453],[-83.191298,42.389809],[-83.191784,42.390003],[-83.192497,42.390291],[-83.193361,42.39064],[-83.193962,42.390882],[-83.194579,42.39113],[-83.195183,42.391374],[-83.196335,42.391838],[-83.198365,42.392657],[-83.198422,42.394273],[-83.19853,42.396687],[-83.19864,42.399305],[-83.198666,42.400924],[-83.198695,42.401513],[-83.197539,42.401545],[-83.196281,42.401585],[-83.195024,42.401626],[-83.193827,42.401665],[-83.192615,42.401704],[-83.19138,42.401743],[-83.190083,42.401784],[-83.188917,42.401818],[-83.188909,42.401818],[-83.188909,42.401816],[-83.188815,42.399604],[-83.188607,42.394536],[-83.18746,42.394567],[-83.186294,42.394602],[-83.184224,42.394666]]]},"properties":{"OBJECTID":184,"council_district":1,"nhood_num":14,"nhood_name":"Hubbell-Lyndon","Website":"https://theneighborhoods.org/neighborhoods/hubbell-lyndon"}},{"type":"Feature","id":185,"geometry":{"type":"Polygon","coordinates":[[[-83.198365,42.392657],[-83.199428,42.393084],[-83.199821,42.393243],[-83.200498,42.393517],[-83.201226,42.393811],[-83.201611,42.393966],[-83.20268,42.394398],[-83.203844,42.394868],[-83.20494,42.395311],[-83.205036,42.395347],[-83.206034,42.395752],[-83.206386,42.395894],[-83.207218,42.39623],[-83.207616,42.396391],[-83.208225,42.396637],[-83.208569,42.396776],[-83.208898,42.396909],[-83.209693,42.39723],[-83.210222,42.397444],[-83.210862,42.397702],[-83.211508,42.397963],[-83.212035,42.398176],[-83.212713,42.398449],[-83.214128,42.39902],[-83.215176,42.399444],[-83.216119,42.399823],[-83.216708,42.400059],[-83.21799,42.40058],[-83.218203,42.400665],[-83.218203,42.401127],[-83.217898,42.401129],[-83.216188,42.401154],[-83.214234,42.401188],[-83.212686,42.40121],[-83.211463,42.401232],[-83.210635,42.401248],[-83.210364,42.401253],[-83.209389,42.401273],[-83.209044,42.401279],[-83.208411,42.401292],[-83.207842,42.401303],[-83.207292,42.401314],[-83.206622,42.401327],[-83.20625,42.401334],[-83.20517,42.401359],[-83.204092,42.401383],[-83.202937,42.40141],[-83.201553,42.401443],[-83.200171,42.401475],[-83.198695,42.401513],[-83.198666,42.400924],[-83.19864,42.399305],[-83.19853,42.396687],[-83.198422,42.394273],[-83.198365,42.392657]]]},"properties":{"OBJECTID":185,"council_district":1,"nhood_num":18,"nhood_name":"Grand River-St Marys","Website":"https://theneighborhoods.org/neighborhoods/grand-river-st-marys"}},{"type":"Feature","id":186,"geometry":{"type":"Polygon","coordinates":[[[-83.022991,42.419519],[-83.023713,42.419506],[-83.023869,42.423603],[-83.023886,42.424056],[-83.023898,42.424399],[-83.023927,42.425168],[-83.023955,42.425937],[-83.023984,42.426735],[-83.024,42.427152],[-83.024024,42.427791],[-83.024033,42.428016],[-83.024058,42.428697],[-83.024062,42.428784],[-83.024089,42.429474],[-83.024092,42.42957],[-83.024121,42.430323],[-83.024146,42.431029],[-83.02415,42.43114],[-83.024174,42.431758],[-83.024189,42.432165],[-83.024201,42.432492],[-83.024222,42.433048],[-83.024228,42.433212],[-83.024257,42.43397],[-83.02208,42.43401],[-83.021058,42.43403],[-83.019356,42.434061],[-83.018095,42.434085],[-83.01758,42.434095],[-83.016421,42.434116],[-83.014875,42.434145],[-83.014597,42.434158],[-83.014342,42.43417],[-83.014109,42.434181],[-83.013428,42.434201],[-83.013255,42.4342],[-83.01312,42.4342],[-83.012974,42.434199],[-83.01222,42.434221],[-83.011892,42.434231],[-83.011182,42.434253],[-83.010697,42.434268],[-83.010114,42.434285],[-83.009588,42.434301],[-83.008907,42.434322],[-83.008401,42.434337],[-83.008313,42.43253],[-83.00823,42.430734],[-83.008147,42.428927],[-83.008068,42.427193],[-83.008046,42.427136],[-83.008026,42.427069],[-83.007949,42.425316],[-83.007863,42.423741],[-83.00778,42.42208],[-83.007688,42.419865],[-83.00894,42.419826],[-83.009376,42.419813],[-83.010408,42.419781],[-83.011084,42.419761],[-83.011884,42.419738],[-83.013318,42.419693],[-83.013717,42.419681],[-83.018031,42.419589],[-83.019453,42.419559],[-83.022991,42.419519]]]},"properties":{"OBJECTID":186,"council_district":3,"nhood_num":75,"nhood_name":"Mount Olivet","Website":"https://theneighborhoods.org/neighborhoods/mount-olivet"}},{"type":"Feature","id":187,"geometry":{"type":"Polygon","coordinates":[[[-83.25711,42.407468],[-83.257292,42.411187],[-83.25748,42.414597],[-83.25747,42.414597],[-83.257348,42.41459],[-83.256243,42.414606],[-83.256065,42.414612],[-83.255042,42.414627],[-83.254932,42.414629],[-83.254522,42.414653],[-83.253851,42.414663],[-83.25304,42.414671],[-83.252717,42.41453],[-83.250975,42.41383],[-83.249878,42.413389],[-83.248818,42.412967],[-83.247633,42.412491],[-83.246466,42.412036],[-83.245391,42.411595],[-83.244959,42.41142],[-83.244256,42.411136],[-83.243119,42.41068],[-83.241977,42.410223],[-83.240832,42.409763],[-83.240069,42.409456],[-83.239457,42.40921],[-83.239122,42.409075],[-83.238506,42.408829],[-83.237791,42.40854],[-83.237743,42.407896],[-83.238325,42.407869],[-83.238783,42.407861],[-83.239672,42.407845],[-83.239857,42.407842],[-83.240766,42.407824],[-83.241853,42.407803],[-83.242947,42.407781],[-83.244061,42.407758],[-83.245178,42.407737],[-83.24629,42.407716],[-83.247435,42.407694],[-83.248545,42.407672],[-83.249625,42.407652],[-83.250711,42.407632],[-83.252294,42.407602],[-83.252891,42.407586],[-83.253502,42.407565],[-83.25468,42.407538],[-83.255884,42.407495],[-83.256283,42.407482],[-83.25711,42.407468]]]},"properties":{"OBJECTID":187,"council_district":1,"nhood_num":28,"nhood_name":"Miller Grove","Website":"https://theneighborhoods.org/neighborhoods/miller-grove"}},{"type":"Feature","id":188,"geometry":{"type":"Polygon","coordinates":[[[-83.197901,42.379235],[-83.198044,42.379232],[-83.198112,42.379233],[-83.198232,42.379234],[-83.202057,42.37922],[-83.202383,42.379216],[-83.204029,42.379196],[-83.205158,42.37916],[-83.205668,42.379139],[-83.206302,42.379113],[-83.206547,42.379099],[-83.2077,42.379033],[-83.208751,42.378981],[-83.209399,42.378936],[-83.21044,42.378884],[-83.211159,42.378859],[-83.2115,42.378855],[-83.216733,42.378803],[-83.21687,42.378802],[-83.216931,42.378803],[-83.216979,42.378803],[-83.217054,42.378805],[-83.217117,42.378804],[-83.217209,42.378803],[-83.217343,42.378801],[-83.217861,42.378798],[-83.217893,42.378798],[-83.21852,42.378777],[-83.218989,42.378753],[-83.219614,42.378711],[-83.22117,42.378545],[-83.222515,42.378381],[-83.222932,42.378325],[-83.223442,42.378264],[-83.224015,42.378205],[-83.224488,42.378163],[-83.224978,42.378126],[-83.225541,42.37809],[-83.226084,42.378063],[-83.226626,42.378041],[-83.227126,42.378028],[-83.227648,42.37802],[-83.22817,42.378019],[-83.228692,42.378024],[-83.2293,42.378037],[-83.229755,42.378052],[-83.23036,42.378082],[-83.230807,42.378112],[-83.230807,42.378112],[-83.231265,42.378149],[-83.231472,42.378171],[-83.231853,42.378223],[-83.23218,42.37829],[-83.232461,42.378354],[-83.232808,42.37844],[-83.233185,42.378558],[-83.233884,42.378839],[-83.234199,42.379],[-83.234494,42.37914],[-83.234897,42.37936],[-83.235494,42.379708],[-83.236506,42.380366],[-83.236653,42.380462],[-83.236658,42.380548],[-83.236665,42.380667],[-83.23667,42.380769],[-83.236673,42.380825],[-83.23669,42.381196],[-83.236698,42.38204],[-83.236717,42.382444],[-83.236727,42.382654],[-83.236774,42.383952],[-83.236807,42.384687],[-83.236815,42.38551],[-83.236851,42.386254],[-83.235648,42.386279],[-83.23442,42.386307],[-83.233241,42.386333],[-83.232007,42.386361],[-83.230859,42.386385],[-83.229684,42.386413],[-83.228425,42.38644],[-83.227167,42.386468],[-83.226003,42.386497],[-83.224769,42.386525],[-83.223555,42.386552],[-83.222304,42.38658],[-83.221025,42.386609],[-83.21984,42.386635],[-83.219046,42.386652],[-83.21864,42.386667],[-83.218058,42.386694],[-83.217735,42.38671],[-83.21755,42.386712],[-83.217216,42.386716],[-83.216819,42.386724],[-83.216259,42.386736],[-83.215025,42.386733],[-83.214564,42.386741],[-83.213822,42.386755],[-83.213227,42.386766],[-83.212608,42.386777],[-83.211892,42.38679],[-83.21139,42.386799],[-83.210561,42.386815],[-83.21017,42.386822],[-83.209279,42.386839],[-83.208965,42.386845],[-83.207865,42.386868],[-83.20769,42.386871],[-83.206774,42.386883],[-83.206559,42.386887],[-83.205651,42.386904],[-83.205353,42.38691],[-83.204544,42.386925],[-83.204136,42.386933],[-83.203472,42.386945],[-83.202942,42.386955],[-83.202391,42.386966],[-83.20175,42.386978],[-83.201296,42.386987],[-83.200538,42.387001],[-83.20023,42.387006],[-83.19932,42.387023],[-83.199189,42.387025],[-83.19817,42.387052],[-83.196847,42.38709],[-83.196218,42.387108],[-83.195642,42.387127],[-83.195022,42.387146],[-83.194744,42.387155],[-83.193785,42.387186],[-83.192503,42.387228],[-83.191461,42.387261],[-83.19119,42.38727],[-83.190497,42.387292],[-83.190025,42.387308],[-83.189476,42.387324],[-83.188903,42.387342],[-83.188461,42.387355],[-83.188323,42.387359],[-83.187447,42.387386],[-83.186104,42.387424],[-83.185421,42.387444],[-83.184958,42.387257],[-83.183902,42.386833],[-83.183109,42.386515],[-83.183096,42.38609],[-83.18307,42.385643],[-83.183047,42.385249],[-83.183034,42.385028],[-83.183013,42.384304],[-83.183015,42.384186],[-83.182983,42.383628],[-83.183014,42.383561],[-83.183053,42.38339],[-83.183048,42.382498],[-83.183113,42.38226],[-83.183157,42.38225],[-83.183301,42.382216],[-83.184601,42.38186],[-83.185169,42.381686],[-83.185694,42.38152],[-83.186682,42.381182],[-83.188129,42.380664],[-83.189028,42.380335],[-83.190257,42.379921],[-83.190383,42.379876],[-83.190628,42.379777],[-83.190896,42.379684],[-83.191548,42.379488],[-83.191845,42.379422],[-83.192147,42.379368],[-83.192453,42.379325],[-83.192762,42.379294],[-83.193123,42.379272],[-83.194554,42.379253],[-83.195224,42.379249],[-83.197901,42.379235]]]},"properties":{"OBJECTID":188,"council_district":1,"nhood_num":16,"nhood_name":"Schoolcraft Southfield","Website":"https://theneighborhoods.org/neighborhoods/schoolcraft-southfield"}},{"type":"Feature","id":189,"geometry":{"type":"Polygon","coordinates":[[[-83.037738,42.335675],[-83.037901,42.335601],[-83.037958,42.335574],[-83.038304,42.335413],[-83.039213,42.335042],[-83.040278,42.334554],[-83.040988,42.334265],[-83.041532,42.33407],[-83.041996,42.333998],[-83.043143,42.333568],[-83.044155,42.333132],[-83.044835,42.333979],[-83.044862,42.334203],[-83.045161,42.334706],[-83.045055,42.334733],[-83.044171,42.335118],[-83.04305,42.3356],[-83.042029,42.336037],[-83.041591,42.336225],[-83.041443,42.336292],[-83.039423,42.337171],[-83.039068,42.337306],[-83.038851,42.337389],[-83.038844,42.337378],[-83.038403,42.336704],[-83.03783,42.335795],[-83.037738,42.335675]]]},"properties":{"OBJECTID":189,"council_district":5,"nhood_num":132,"nhood_name":"Greektown","Website":"https://theneighborhoods.org/neighborhoods/greektown"}},{"type":"Feature","id":190,"geometry":{"type":"Polygon","coordinates":[[[-83.063611,42.418653],[-83.064737,42.418644],[-83.065814,42.418638],[-83.065883,42.418637],[-83.0665,42.418646],[-83.067704,42.418639],[-83.068788,42.418637],[-83.06987,42.41862],[-83.070964,42.418614],[-83.071526,42.418601],[-83.072587,42.418599],[-83.073489,42.418592],[-83.074034,42.418601],[-83.074578,42.418611],[-83.074736,42.418616],[-83.075179,42.418613],[-83.076166,42.418589],[-83.077153,42.418564],[-83.078108,42.41854],[-83.079198,42.41851],[-83.080238,42.418484],[-83.08123,42.418458],[-83.08225,42.418432],[-83.083449,42.418391],[-83.083656,42.418381],[-83.083992,42.418386],[-83.084682,42.418366],[-83.084986,42.418353],[-83.085909,42.418325],[-83.087225,42.418266],[-83.08775,42.418235],[-83.088058,42.418225],[-83.088605,42.418893],[-83.089191,42.419594],[-83.089902,42.420411],[-83.090418,42.420975],[-83.091196,42.421919],[-83.091612,42.422441],[-83.091948,42.422891],[-83.092713,42.423892],[-83.093302,42.424647],[-83.093498,42.424908],[-83.093184,42.424915],[-83.092748,42.424923],[-83.092299,42.424934],[-83.091081,42.424968],[-83.089876,42.425004],[-83.088652,42.42504],[-83.087424,42.425076],[-83.086199,42.425111],[-83.084973,42.425147],[-83.083987,42.425176],[-83.083747,42.425189],[-83.083519,42.425201],[-83.083215,42.425244],[-83.082544,42.42534],[-83.081507,42.425487],[-83.080542,42.425625],[-83.080146,42.425683],[-83.08,42.425703],[-83.07951,42.425708],[-83.079079,42.42571],[-83.078445,42.425715],[-83.077978,42.425719],[-83.077435,42.425724],[-83.076901,42.425731],[-83.076465,42.425737],[-83.07574,42.425748],[-83.075483,42.425752],[-83.074718,42.425764],[-83.074425,42.425768],[-83.073713,42.425775],[-83.072803,42.425786],[-83.072041,42.425795],[-83.071656,42.425799],[-83.071058,42.425808],[-83.070814,42.425809],[-83.070643,42.425809],[-83.070078,42.425821],[-83.069095,42.425832],[-83.068614,42.425834],[-83.067993,42.424967],[-83.067585,42.424395],[-83.067153,42.423789],[-83.066761,42.423243],[-83.066267,42.422553],[-83.065987,42.422161],[-83.065926,42.422068],[-83.065844,42.421943],[-83.065512,42.421467],[-83.06501,42.420715],[-83.0645,42.419965],[-83.064024,42.419266],[-83.063611,42.418653]]]},"properties":{"OBJECTID":190,"council_district":3,"nhood_num":83,"nhood_name":"Cadillac Heights","Website":"https://theneighborhoods.org/neighborhoods/cadillac-heights"}},{"type":"Feature","id":191,"geometry":{"type":"Polygon","coordinates":[[[-83.069644,42.440226],[-83.070639,42.440207],[-83.071637,42.440191],[-83.072634,42.440175],[-83.073742,42.440156],[-83.074968,42.440135],[-83.076194,42.440114],[-83.077419,42.440093],[-83.078812,42.440067],[-83.078957,42.440269],[-83.080588,42.442533],[-83.081708,42.444092],[-83.082319,42.444954],[-83.083153,42.446119],[-83.083266,42.446333],[-83.083339,42.446656],[-83.083386,42.44702],[-83.081287,42.447065],[-83.081037,42.447055],[-83.080163,42.447066],[-83.079798,42.44707],[-83.079089,42.447078],[-83.078733,42.447082],[-83.077861,42.447093],[-83.077754,42.447094],[-83.07691,42.447104],[-83.07664,42.447107],[-83.075413,42.447119],[-83.075073,42.447123],[-83.074182,42.447133],[-83.074076,42.447135],[-83.073609,42.447142],[-83.073525,42.447143],[-83.073023,42.44715],[-83.07284,42.447152],[-83.072496,42.447156],[-83.072336,42.447158],[-83.072037,42.447162],[-83.07187,42.447164],[-83.071469,42.447169],[-83.071431,42.44717],[-83.071046,42.447175],[-83.070825,42.447178],[-83.070582,42.447181],[-83.070362,42.447183],[-83.070034,42.447187],[-83.069955,42.445116],[-83.069898,42.443936],[-83.069815,42.44266],[-83.069695,42.440887],[-83.06966,42.440429],[-83.069644,42.440226]]]},"properties":{"OBJECTID":191,"council_district":3,"nhood_num":64,"nhood_name":"Butler","Website":"https://theneighborhoods.org/neighborhoods/butler"}},{"type":"Feature","id":192,"geometry":{"type":"Polygon","coordinates":[[[-83.07353,42.432929],[-83.073673,42.432929],[-83.075053,42.434838],[-83.075526,42.435494],[-83.076329,42.436615],[-83.077202,42.437827],[-83.077739,42.438571],[-83.078812,42.440067],[-83.077419,42.440093],[-83.076194,42.440114],[-83.074968,42.440135],[-83.073742,42.440156],[-83.072634,42.440175],[-83.071637,42.440191],[-83.070639,42.440207],[-83.069644,42.440226],[-83.068633,42.440247],[-83.067603,42.440269],[-83.066565,42.440289],[-83.065551,42.440306],[-83.064567,42.440315],[-83.063555,42.440328],[-83.063416,42.438058],[-83.063271,42.435701],[-83.063117,42.433129],[-83.064129,42.433106],[-83.065113,42.433084],[-83.066122,42.433062],[-83.067159,42.43304],[-83.067922,42.433024],[-83.068186,42.433018],[-83.068923,42.433002],[-83.069199,42.432996],[-83.069199,42.432996],[-83.069913,42.43298],[-83.070214,42.432973],[-83.070905,42.432959],[-83.071208,42.432952],[-83.071993,42.432937],[-83.072205,42.432935],[-83.07353,42.432929]]]},"properties":{"OBJECTID":192,"council_district":3,"nhood_num":65,"nhood_name":"Pershing","Website":"https://theneighborhoods.org/neighborhoods/pershing"}},{"type":"Feature","id":193,"geometry":{"type":"Polygon","coordinates":[[[-82.985407,42.442205],[-82.985163,42.442216],[-82.982947,42.44227],[-82.980495,42.442334],[-82.978042,42.442394],[-82.975588,42.442454],[-82.973303,42.442509],[-82.972807,42.442501],[-82.973359,42.441665],[-82.973924,42.440816],[-82.974464,42.439985],[-82.974603,42.439774],[-82.974984,42.439195],[-82.975373,42.438605],[-82.975693,42.438117],[-82.975982,42.437675],[-82.976317,42.437167],[-82.976481,42.436921],[-82.9769,42.436283],[-82.977114,42.43596],[-82.977696,42.435077],[-82.978197,42.434317],[-82.978295,42.434167],[-82.978688,42.43357],[-82.978911,42.433232],[-82.979183,42.432821],[-82.979488,42.432359],[-82.979678,42.432071],[-82.980076,42.431468],[-82.980167,42.43133],[-82.980651,42.430596],[-82.981179,42.429795],[-82.981674,42.429044],[-82.981739,42.428946],[-82.982549,42.427715],[-82.983069,42.426929],[-82.983327,42.426879],[-82.98463,42.426851],[-82.984797,42.426812],[-82.984889,42.42679],[-82.985779,42.426475],[-82.986813,42.426109],[-82.987836,42.425746],[-82.988881,42.425371],[-82.98908,42.425293],[-82.989184,42.427573],[-82.989712,42.42756],[-82.989789,42.429372],[-82.989862,42.431185],[-82.989935,42.432997],[-82.989991,42.434386],[-82.990013,42.434807],[-82.988785,42.434834],[-82.987548,42.434862],[-82.986346,42.434893],[-82.985315,42.434921],[-82.985125,42.434917],[-82.985207,42.43697],[-82.985237,42.437764],[-82.985266,42.438571],[-82.985308,42.439527],[-82.985346,42.440603],[-82.985377,42.441389],[-82.985407,42.442205]]]},"properties":{"OBJECTID":193,"council_district":3,"nhood_num":73,"nhood_name":"Franklin","Website":"https://theneighborhoods.org/neighborhoods/franklin"}},{"type":"Feature","id":194,"geometry":{"type":"Polygon","coordinates":[[[-82.985407,42.442205],[-82.986037,42.442179],[-82.986612,42.442164],[-82.987842,42.442131],[-82.98904,42.442099],[-82.990267,42.442068],[-82.991503,42.442038],[-82.992682,42.442006],[-82.993932,42.441973],[-82.995155,42.441941],[-82.99634,42.441912],[-82.997575,42.441881],[-82.998814,42.441849],[-83.000074,42.441817],[-83.001292,42.441792],[-83.002513,42.441758],[-83.003735,42.441728],[-83.004823,42.441702],[-83.004963,42.441681],[-83.00505,42.441663],[-83.00601,42.441639],[-83.007045,42.441612],[-83.008081,42.441584],[-83.009149,42.441557],[-83.01065,42.441658],[-83.010892,42.441364],[-83.011368,42.43995],[-83.011633,42.439588],[-83.011747,42.439442],[-83.011928,42.43923],[-83.014654,42.43661],[-83.014746,42.43685],[-83.014833,42.437013],[-83.014933,42.437171],[-83.015075,42.43737],[-83.015685,42.438146],[-83.015815,42.438313],[-83.016292,42.438925],[-83.016445,42.43912],[-83.016895,42.439696],[-83.017336,42.440256],[-83.017486,42.440447],[-83.017647,42.44064],[-83.017729,42.44072],[-83.017818,42.440797],[-83.017913,42.440869],[-83.018014,42.440937],[-83.018121,42.441],[-83.01825,42.441065],[-83.018491,42.441164],[-83.018708,42.441234],[-83.018933,42.441287],[-83.019072,42.441311],[-83.019212,42.441328],[-83.0194,42.441341],[-83.019542,42.441343],[-83.019666,42.44134],[-83.020778,42.441317],[-83.021218,42.441355],[-83.022314,42.441363],[-83.023086,42.441371],[-83.024501,42.441341],[-83.024594,42.443632],[-83.024602,42.443886],[-83.024678,42.446098],[-83.024745,42.448159],[-83.023613,42.448188],[-83.023599,42.448188],[-83.022812,42.44821],[-83.022555,42.448217],[-83.022354,42.448222],[-83.021938,42.448233],[-83.021499,42.448246],[-83.021478,42.448247],[-83.019842,42.448296],[-83.019719,42.4483],[-83.017581,42.448364],[-83.017424,42.448369],[-83.016866,42.448386],[-83.016239,42.448402],[-83.016076,42.448406],[-83.015318,42.448426],[-83.014908,42.448436],[-83.014374,42.44845],[-83.014173,42.448455],[-83.013115,42.448481],[-83.012914,42.448486],[-83.012489,42.448496],[-83.012445,42.448497],[-83.011011,42.448532],[-83.010798,42.448537],[-83.010732,42.44854],[-83.01008,42.448566],[-83.0093,42.448607],[-83.00761,42.448706],[-83.007372,42.448719],[-83.007274,42.448725],[-83.006945,42.448742],[-83.006272,42.448776],[-83.006073,42.448784],[-83.005885,42.448792],[-83.005497,42.448807],[-83.005341,42.448813],[-83.005266,42.448816],[-83.005185,42.448819],[-83.004866,42.448832],[-83.003772,42.448877],[-83.002698,42.448901],[-83.002516,42.448902],[-83.001106,42.44891],[-83.000736,42.448915],[-83.000348,42.44892],[-82.99914,42.448968],[-82.999098,42.44897],[-82.998877,42.448976],[-82.998574,42.448985],[-82.997865,42.449006],[-82.996626,42.449033],[-82.996529,42.449035],[-82.995439,42.449058],[-82.995424,42.449058],[-82.994199,42.449087],[-82.994122,42.449089],[-82.992949,42.449114],[-82.992933,42.449114],[-82.992279,42.44913],[-82.992163,42.449133],[-82.991771,42.449141],[-82.991743,42.449142],[-82.990746,42.449165],[-82.990543,42.449169],[-82.9893,42.449195],[-82.988164,42.449221],[-82.988093,42.449223],[-82.987815,42.449229],[-82.987788,42.44923],[-82.986888,42.449251],[-82.985659,42.44928],[-82.985628,42.448523],[-82.985632,42.44842],[-82.985603,42.447624],[-82.985569,42.446726],[-82.985537,42.445816],[-82.985473,42.444008],[-82.985407,42.442205]]]},"properties":{"OBJECTID":194,"council_district":3,"nhood_num":69,"nhood_name":"Conner Creek","Website":"https://theneighborhoods.org/neighborhoods/conner-creek"}},{"type":"Feature","id":195,"geometry":{"type":"Polygon","coordinates":[[[-83.083339,42.446656],[-83.083266,42.446333],[-83.083153,42.446119],[-83.082319,42.444954],[-83.081708,42.444092],[-83.080588,42.442533],[-83.078957,42.440269],[-83.078812,42.440067],[-83.077739,42.438571],[-83.077202,42.437827],[-83.076329,42.436615],[-83.075526,42.435494],[-83.075053,42.434838],[-83.073673,42.432929],[-83.073965,42.43292],[-83.074995,42.432917],[-83.075553,42.432917],[-83.076018,42.432917],[-83.07678,42.432916],[-83.077118,42.432916],[-83.078006,42.432915],[-83.078252,42.432915],[-83.079232,42.432903],[-83.079335,42.432901],[-83.080445,42.432915],[-83.081668,42.432913],[-83.082159,42.432913],[-83.082894,42.432901],[-83.083271,42.432896],[-83.083492,42.432888],[-83.084103,42.432866],[-83.085328,42.432822],[-83.086553,42.432777],[-83.087764,42.432734],[-83.088751,42.432699],[-83.089006,42.432689],[-83.089737,42.432663],[-83.09023,42.432645],[-83.090656,42.43263],[-83.091436,42.432601],[-83.091639,42.432593],[-83.092638,42.432558],[-83.093657,42.432521],[-83.09425,42.432499],[-83.094654,42.432484],[-83.094924,42.432473],[-83.095354,42.432457],[-83.095965,42.432434],[-83.096544,42.432413],[-83.096986,42.432396],[-83.098065,42.432366],[-83.099147,42.432341],[-83.100233,42.432326],[-83.100617,42.432318],[-83.100931,42.432312],[-83.102437,42.434161],[-83.102872,42.434694],[-83.103576,42.435556],[-83.104129,42.436234],[-83.104732,42.436972],[-83.106768,42.439481],[-83.107782,42.441009],[-83.107831,42.441077],[-83.108473,42.441812],[-83.108633,42.441994],[-83.108806,42.442192],[-83.109812,42.443322],[-83.110277,42.443881],[-83.110797,42.444448],[-83.11183,42.445663],[-83.112124,42.446045],[-83.11252,42.446593],[-83.112581,42.446708],[-83.111681,42.446728],[-83.110924,42.446754],[-83.110437,42.446782],[-83.109625,42.446827],[-83.108008,42.446867],[-83.10728,42.446885],[-83.106307,42.446911],[-83.10538,42.446935],[-83.105319,42.446936],[-83.104046,42.44697],[-83.103412,42.446988],[-83.102874,42.446988],[-83.101795,42.446944],[-83.10069,42.446888],[-83.10047,42.44688],[-83.09962,42.446843],[-83.098461,42.446785],[-83.09742,42.446753],[-83.095884,42.446778],[-83.095581,42.446782],[-83.095317,42.446789],[-83.095217,42.446793],[-83.094927,42.4468],[-83.094694,42.446805],[-83.094355,42.446813],[-83.094034,42.446817],[-83.093139,42.446831],[-83.092103,42.446854],[-83.091239,42.446873],[-83.089437,42.446896],[-83.089342,42.446898],[-83.089233,42.446901],[-83.088669,42.44691],[-83.088244,42.446917],[-83.087957,42.446922],[-83.087515,42.446928],[-83.087065,42.446935],[-83.086485,42.44695],[-83.085845,42.446965],[-83.084591,42.446996],[-83.083386,42.44702],[-83.083339,42.446656]]]},"properties":{"OBJECTID":195,"council_district":3,"nhood_num":63,"nhood_name":"Nolan","Website":"https://theneighborhoods.org/neighborhoods/nolan"}},{"type":"Feature","id":196,"geometry":{"type":"Polygon","coordinates":[[[-83.034046,42.433768],[-83.035135,42.433747],[-83.036356,42.433721],[-83.03703,42.433707],[-83.03779,42.433699],[-83.038273,42.433695],[-83.038948,42.433682],[-83.039019,42.435703],[-83.039041,42.436371],[-83.039073,42.437318],[-83.039115,42.438544],[-83.039193,42.440824],[-83.039201,42.441013],[-83.039317,42.444138],[-83.039369,42.445406],[-83.039381,42.44625],[-83.039417,42.447874],[-83.039364,42.447875],[-83.037044,42.447928],[-83.036621,42.447929],[-83.034713,42.447935],[-83.034519,42.447936],[-83.033304,42.447957],[-83.032739,42.447972],[-83.032666,42.447974],[-83.032096,42.447988],[-83.030827,42.448016],[-83.030618,42.448021],[-83.029631,42.448045],[-83.029558,42.448047],[-83.028406,42.448075],[-83.028392,42.448075],[-83.027583,42.448095],[-83.027542,42.448096],[-83.027184,42.448103],[-83.026775,42.448113],[-83.025961,42.448131],[-83.024745,42.448159],[-83.024678,42.446098],[-83.024602,42.443886],[-83.024594,42.443632],[-83.024501,42.441341],[-83.02487,42.441329],[-83.025775,42.44131],[-83.026545,42.441292],[-83.026941,42.441283],[-83.02766,42.44127],[-83.028165,42.44126],[-83.028812,42.441245],[-83.029402,42.441231],[-83.029929,42.441219],[-83.030625,42.441204],[-83.030978,42.441197],[-83.031848,42.441178],[-83.033073,42.441151],[-83.03401,42.441131],[-83.034298,42.44112],[-83.034291,42.440936],[-83.034213,42.438641],[-83.034118,42.435803],[-83.034046,42.433768]]]},"properties":{"OBJECTID":196,"council_district":3,"nhood_num":67,"nhood_name":"Sherwood","Website":"https://theneighborhoods.org/neighborhoods/sherwood"}},{"type":"Feature","id":197,"geometry":{"type":"Polygon","coordinates":[[[-83.159342,42.39524],[-83.159465,42.397969],[-83.159565,42.40024],[-83.159602,42.40105],[-83.15968,42.402514],[-83.15968,42.402515],[-83.158608,42.402526],[-83.157525,42.402533],[-83.156415,42.40254],[-83.155326,42.402548],[-83.154815,42.402551],[-83.154356,42.402554],[-83.153373,42.40256],[-83.152387,42.402566],[-83.151511,42.402572],[-83.15053,42.402578],[-83.149877,42.402583],[-83.149483,42.402585],[-83.148374,42.402595],[-83.147233,42.402605],[-83.146749,42.402609],[-83.146055,42.402615],[-83.144842,42.402625],[-83.143594,42.402635],[-83.142377,42.402645],[-83.14131,42.402654],[-83.140255,42.402664],[-83.140222,42.401917],[-83.14019,42.401194],[-83.14016,42.400558],[-83.140149,42.40039],[-83.14015,42.400327],[-83.140081,42.398759],[-83.140054,42.398117],[-83.139938,42.395418],[-83.141026,42.395406],[-83.142149,42.395395],[-83.143268,42.395383],[-83.144461,42.395371],[-83.145645,42.395362],[-83.146761,42.395353],[-83.147881,42.395341],[-83.148983,42.395332],[-83.150089,42.395323],[-83.151118,42.395315],[-83.152144,42.395306],[-83.153172,42.395296],[-83.154198,42.395287],[-83.15523,42.395277],[-83.156256,42.395268],[-83.157283,42.395259],[-83.15831,42.395251],[-83.159342,42.39524]]]},"properties":{"OBJECTID":197,"council_district":7,"nhood_num":194,"nhood_name":"Chalfonte","Website":"https://theneighborhoods.org/neighborhoods/chalfonte"}},{"type":"Feature","id":199,"geometry":{"type":"Polygon","coordinates":[[[-83.194751,42.438315],[-83.195036,42.438187],[-83.195226,42.438045],[-83.195245,42.437786],[-83.195282,42.437684],[-83.195277,42.43759],[-83.195265,42.437369],[-83.195183,42.435915],[-83.195085,42.434171],[-83.194982,42.432342],[-83.194878,42.430559],[-83.194887,42.430559],[-83.195018,42.430555],[-83.196163,42.430518],[-83.197423,42.430481],[-83.198683,42.430449],[-83.199866,42.430422],[-83.199939,42.432199],[-83.200018,42.434006],[-83.200091,42.435738],[-83.200096,42.435854],[-83.200169,42.437623],[-83.200314,42.441212],[-83.200385,42.442517],[-83.199966,42.442218],[-83.199599,42.441957],[-83.19889,42.441489],[-83.198499,42.44121],[-83.197374,42.44038],[-83.196569,42.439708],[-83.19601,42.439258],[-83.195514,42.438876],[-83.195162,42.438627],[-83.194751,42.438315]]]},"properties":{"OBJECTID":199,"council_district":2,"nhood_num":34,"nhood_name":"San Bernardo","Website":"https://theneighborhoods.org/neighborhoods/san-bernardo"}},{"type":"Feature","id":200,"geometry":{"type":"Polygon","coordinates":[[[-83.194878,42.430559],[-83.194982,42.432342],[-83.195085,42.434171],[-83.195183,42.435915],[-83.195265,42.437369],[-83.195277,42.43759],[-83.195282,42.437684],[-83.195245,42.437786],[-83.195226,42.438045],[-83.195036,42.438187],[-83.194751,42.438315],[-83.194536,42.438152],[-83.194336,42.437995],[-83.194161,42.437836],[-83.19348,42.437197],[-83.190353,42.434206],[-83.189563,42.433372],[-83.188768,42.432554],[-83.188128,42.431928],[-83.186946,42.430832],[-83.187158,42.430821],[-83.187259,42.430817],[-83.187385,42.430811],[-83.187607,42.4308],[-83.188788,42.43076],[-83.189921,42.430724],[-83.191134,42.430685],[-83.19127,42.430681],[-83.192356,42.430644],[-83.192579,42.430637],[-83.193574,42.430603],[-83.193815,42.430595],[-83.194878,42.430559]]]},"properties":{"OBJECTID":200,"council_district":2,"nhood_num":35,"nhood_name":"Seven Mile Lodge","Website":"https://theneighborhoods.org/neighborhoods/seven-mile-lodge"}},{"type":"Feature","id":201,"geometry":{"type":"Polygon","coordinates":[[[-83.161207,42.43851],[-83.161154,42.436762],[-83.161133,42.436028],[-83.161102,42.435045],[-83.161111,42.435045],[-83.161107,42.434852],[-83.161054,42.433777],[-83.161037,42.433153],[-83.160984,42.431347],[-83.160984,42.431345],[-83.162028,42.431332],[-83.163118,42.431329],[-83.164205,42.431319],[-83.166434,42.43129],[-83.169633,42.431254],[-83.169642,42.431262],[-83.169642,42.431255],[-83.170294,42.431251],[-83.170689,42.431249],[-83.170765,42.433019],[-83.170846,42.434912],[-83.170914,42.436617],[-83.170984,42.438431],[-83.170984,42.438433],[-83.170992,42.438433],[-83.171083,42.440715],[-83.171074,42.440715],[-83.169966,42.440736],[-83.16889,42.440758],[-83.161306,42.440914],[-83.161219,42.438852],[-83.161207,42.43851]]]},"properties":{"OBJECTID":201,"council_district":2,"nhood_num":40,"nhood_name":"McDowell","Website":"https://theneighborhoods.org/neighborhoods/mcdowell"}},{"type":"Feature","id":202,"geometry":{"type":"Polygon","coordinates":[[[-83.161306,42.440914],[-83.16889,42.440758],[-83.169966,42.440736],[-83.171074,42.440715],[-83.171083,42.440715],[-83.171083,42.440716],[-83.171176,42.443059],[-83.171248,42.445206],[-83.171258,42.445399],[-83.170707,42.445409],[-83.170143,42.44542],[-83.16905,42.445445],[-83.16898,42.445448],[-83.168384,42.44547],[-83.167983,42.445488],[-83.167176,42.445525],[-83.166916,42.445531],[-83.165865,42.445561],[-83.164772,42.445579],[-83.163669,42.445606],[-83.162567,42.445625],[-83.161508,42.445644],[-83.161496,42.445644],[-83.161496,42.445644],[-83.161306,42.440914]]]},"properties":{"OBJECTID":202,"council_district":2,"nhood_num":39,"nhood_name":"Pembroke","Website":"https://theneighborhoods.org/neighborhoods/pembroke"}},{"type":"Feature","id":204,"geometry":{"type":"Polygon","coordinates":[[[-83.164978,42.409617],[-83.165378,42.40961],[-83.166565,42.409589],[-83.167628,42.409571],[-83.168681,42.40955],[-83.169759,42.409533],[-83.172894,42.409472],[-83.175132,42.409435],[-83.178375,42.409379],[-83.181563,42.409295],[-83.18374,42.409228],[-83.184846,42.409194],[-83.184846,42.409195],[-83.184955,42.411632],[-83.185078,42.414373],[-83.185175,42.416525],[-83.184685,42.416532],[-83.184095,42.416539],[-83.183358,42.416548],[-83.182967,42.416554],[-83.182177,42.416565],[-83.181917,42.416568],[-83.181023,42.416569],[-83.180869,42.416571],[-83.179806,42.41659],[-83.179568,42.416584],[-83.178625,42.41659],[-83.177642,42.416595],[-83.177457,42.416596],[-83.176562,42.416603],[-83.176286,42.416607],[-83.17548,42.41662],[-83.174934,42.416624],[-83.174251,42.416629],[-83.173544,42.416632],[-83.17324,42.416634],[-83.172458,42.416639],[-83.172252,42.41664],[-83.172156,42.41664],[-83.172061,42.416641],[-83.171826,42.416395],[-83.170004,42.414418],[-83.169566,42.413951],[-83.168436,42.412831],[-83.168342,42.412744],[-83.168335,42.412737],[-83.167701,42.412143],[-83.166635,42.411195],[-83.166002,42.410647],[-83.165912,42.410565],[-83.165875,42.410531],[-83.165254,42.409918],[-83.164981,42.40962],[-83.164978,42.409617]]]},"properties":{"OBJECTID":204,"council_district":2,"nhood_num":57,"nhood_name":"Harmony Village","Website":"https://theneighborhoods.org/neighborhoods/harmony-village"}},{"type":"Feature","id":205,"geometry":{"type":"Polygon","coordinates":[[[-83.164978,42.409617],[-83.163607,42.408108],[-83.163359,42.407849],[-83.162859,42.407328],[-83.162557,42.407026],[-83.16225,42.406729],[-83.162084,42.406589],[-83.16189,42.406414],[-83.161463,42.406117],[-83.161241,42.405977],[-83.160994,42.405838],[-83.160762,42.405719],[-83.160433,42.405568],[-83.160113,42.405434],[-83.159824,42.405324],[-83.159816,42.405163],[-83.159809,42.405003],[-83.159795,42.404694],[-83.159775,42.404324],[-83.159728,42.403582],[-83.159701,42.402602],[-83.159688,42.402515],[-83.15968,42.402515],[-83.15968,42.402514],[-83.159602,42.40105],[-83.159565,42.40024],[-83.159465,42.397969],[-83.159342,42.39524],[-83.15935,42.39524],[-83.160407,42.395223],[-83.160939,42.395213],[-83.161472,42.395203],[-83.161802,42.395197],[-83.162535,42.395173],[-83.163205,42.395155],[-83.163607,42.39515],[-83.169053,42.395031],[-83.169559,42.395028],[-83.172902,42.394954],[-83.17315,42.394948],[-83.173399,42.394943],[-83.174473,42.39492],[-83.175556,42.394896],[-83.176638,42.394872],[-83.17772,42.394848],[-83.1788,42.394824],[-83.179852,42.394799],[-83.180728,42.394774],[-83.181951,42.394739],[-83.183082,42.394707],[-83.184224,42.394666],[-83.184224,42.394666],[-83.186294,42.394602],[-83.18746,42.394567],[-83.188607,42.394536],[-83.188815,42.399604],[-83.188909,42.401816],[-83.188909,42.401818],[-83.188909,42.401818],[-83.188985,42.403625],[-83.189065,42.405441],[-83.189136,42.407223],[-83.189224,42.409053],[-83.189225,42.409055],[-83.188093,42.409092],[-83.188093,42.40909],[-83.188084,42.40909],[-83.185837,42.409161],[-83.184846,42.409193],[-83.184846,42.409194],[-83.18374,42.409228],[-83.181563,42.409295],[-83.178375,42.409379],[-83.175132,42.409435],[-83.172894,42.409472],[-83.169759,42.409533],[-83.168681,42.40955],[-83.167628,42.409571],[-83.166565,42.409589],[-83.165378,42.40961],[-83.164978,42.409617]]]},"properties":{"OBJECTID":205,"council_district":2,"nhood_num":56,"nhood_name":"Bethune Community","Website":"https://theneighborhoods.org/neighborhoods/bethune-community"}},{"type":"Feature","id":206,"geometry":{"type":"Polygon","coordinates":[[[-82.947686,42.387302],[-82.94769,42.387298],[-82.948705,42.38714],[-82.949756,42.386971],[-82.950747,42.386814],[-82.951888,42.386638],[-82.952946,42.386478],[-82.954262,42.386261],[-82.955611,42.386035],[-82.956685,42.385852],[-82.95773,42.385638],[-82.958779,42.385384],[-82.95981,42.385134],[-82.96082,42.384888],[-82.961917,42.384621],[-82.963057,42.384342],[-82.964203,42.38406],[-82.964824,42.383915],[-82.965371,42.383824],[-82.96665,42.383754],[-82.967834,42.383695],[-82.967842,42.383694],[-82.967843,42.383696],[-82.968066,42.384042],[-82.968151,42.384165],[-82.968212,42.384245],[-82.968399,42.384458],[-82.968469,42.384536],[-82.968509,42.384589],[-82.968565,42.384663],[-82.968635,42.384754],[-82.969017,42.385336],[-82.9691,42.385448],[-82.969204,42.385561],[-82.970763,42.38707],[-82.970994,42.387293],[-82.97116,42.387454],[-82.971219,42.387497],[-82.971299,42.387545],[-82.971458,42.387613],[-82.972415,42.387986],[-82.97329,42.388302],[-82.973561,42.388399],[-82.976029,42.389288],[-82.975849,42.389332],[-82.974488,42.389819],[-82.973431,42.390199],[-82.972373,42.390579],[-82.971306,42.390966],[-82.970234,42.391353],[-82.969161,42.391739],[-82.968089,42.392124],[-82.967045,42.3925],[-82.966009,42.392873],[-82.965083,42.393205],[-82.964136,42.393545],[-82.963159,42.393896],[-82.962195,42.394244],[-82.961231,42.394593],[-82.960111,42.394995],[-82.958848,42.395448],[-82.957885,42.395795],[-82.956961,42.396128],[-82.956062,42.396453],[-82.955671,42.396594],[-82.955171,42.396775],[-82.954492,42.397021],[-82.953257,42.395585],[-82.953201,42.395512],[-82.953091,42.395358],[-82.952646,42.394692],[-82.952049,42.393796],[-82.951033,42.392279],[-82.950843,42.391995],[-82.949576,42.390103],[-82.949365,42.389786],[-82.947699,42.3873],[-82.947686,42.387302]]]},"properties":{"OBJECTID":206,"council_district":4,"nhood_num":99,"nhood_name":"Fox Creek","Website":"https://theneighborhoods.org/neighborhoods/fox-creek"}},{"type":"Feature","id":210,"geometry":{"type":"Polygon","coordinates":[[[-83.084564,42.371031],[-83.084036,42.370233],[-83.083856,42.369965],[-83.082786,42.368315],[-83.082155,42.367341],[-83.082003,42.367121],[-83.090237,42.363906],[-83.090708,42.363729],[-83.090791,42.363857],[-83.090791,42.363857],[-83.091466,42.364891],[-83.091528,42.364991],[-83.092073,42.3658],[-83.092358,42.366232],[-83.092592,42.366588],[-83.092858,42.366991],[-83.09313,42.367405],[-83.093379,42.367783],[-83.093688,42.368252],[-83.093767,42.368373],[-83.093857,42.36851],[-83.094025,42.368765],[-83.094244,42.369097],[-83.094352,42.369261],[-83.094736,42.369842],[-83.095095,42.370389],[-83.095336,42.370757],[-83.095342,42.370766],[-83.095542,42.370693],[-83.099143,42.369372],[-83.101631,42.368429],[-83.102177,42.368224],[-83.104635,42.367284],[-83.105107,42.36796],[-83.105223,42.368127],[-83.105583,42.368662],[-83.105775,42.368946],[-83.106058,42.369369],[-83.106327,42.369767],[-83.10653,42.370077],[-83.106904,42.370635],[-83.107005,42.370784],[-83.107458,42.371462],[-83.10796,42.372214],[-83.108372,42.372828],[-83.108507,42.373031],[-83.108798,42.373471],[-83.108642,42.373525],[-83.105994,42.374525],[-83.105716,42.374622],[-83.103281,42.375533],[-83.103074,42.375621],[-83.100302,42.376648],[-83.100264,42.376648],[-83.099901,42.376787],[-83.099764,42.376836],[-83.096956,42.377845],[-83.093906,42.378954],[-83.090735,42.380095],[-83.090529,42.379841],[-83.090406,42.379663],[-83.090001,42.379073],[-83.089744,42.378687],[-83.088203,42.376435],[-83.086581,42.373951],[-83.086325,42.373582],[-83.086053,42.373189],[-83.085807,42.372843],[-83.085572,42.372512],[-83.085175,42.371953],[-83.084564,42.371031]]]},"properties":{"OBJECTID":210,"council_district":5,"nhood_num":209,"nhood_name":"Virginia Park Community","Website":"https://theneighborhoods.org/neighborhoods/virginia-park-community"}},{"type":"Feature","id":214,"geometry":{"type":"Polygon","coordinates":[[[-83.255042,42.414627],[-83.256065,42.414612],[-83.256243,42.414606],[-83.257348,42.41459],[-83.25747,42.414597],[-83.258661,42.414581],[-83.258888,42.414586],[-83.259764,42.414585],[-83.261724,42.414584],[-83.262343,42.414612],[-83.26331,42.414648],[-83.263584,42.414645],[-83.263902,42.414655],[-83.264326,42.414662],[-83.264788,42.414666],[-83.265438,42.414685],[-83.26632,42.414727],[-83.266847,42.414724],[-83.266994,42.414724],[-83.268986,42.414691],[-83.269902,42.414671],[-83.272349,42.414626],[-83.274905,42.414576],[-83.276967,42.414535],[-83.277405,42.41453],[-83.277423,42.414767],[-83.277447,42.415568],[-83.277465,42.416157],[-83.277493,42.416902],[-83.277526,42.417729],[-83.277536,42.418459],[-83.277574,42.418937],[-83.277594,42.419371],[-83.277697,42.421726],[-83.277724,42.42242],[-83.277736,42.422983],[-83.277774,42.423535],[-83.277802,42.423964],[-83.277815,42.424385],[-83.277826,42.424735],[-83.277534,42.424616],[-83.277378,42.42456],[-83.276909,42.424381],[-83.276558,42.424244],[-83.275217,42.42372],[-83.274631,42.423484],[-83.27382,42.423146],[-83.272457,42.422624],[-83.271854,42.422384],[-83.270967,42.422045],[-83.269623,42.421516],[-83.26783,42.420738],[-83.266981,42.420361],[-83.266422,42.420112],[-83.265405,42.419604],[-83.265283,42.419555],[-83.265034,42.419456],[-83.264094,42.419079],[-83.263815,42.418967],[-83.262594,42.418478],[-83.262354,42.418381],[-83.260901,42.417801],[-83.259742,42.417337],[-83.258503,42.416834],[-83.257643,42.416489],[-83.256407,42.415998],[-83.256133,42.415889],[-83.255064,42.41549],[-83.254087,42.415115],[-83.253781,42.414988],[-83.253365,42.414813],[-83.25304,42.414671],[-83.253851,42.414663],[-83.254522,42.414653],[-83.254932,42.414629],[-83.255042,42.414627]]]},"properties":{"OBJECTID":214,"council_district":1,"nhood_num":30,"nhood_name":"Oak Grove District 1","Website":"https://theneighborhoods.org/neighborhoods/oak-grove"}},{"type":"Feature","id":215,"geometry":{"type":"Polygon","coordinates":[[[-83.161207,42.43851],[-83.160153,42.438525],[-83.159063,42.438543],[-83.157961,42.438561],[-83.156865,42.438579],[-83.155745,42.438599],[-83.15454,42.43862],[-83.153312,42.43864],[-83.152098,42.438661],[-83.15067,42.438686],[-83.149051,42.438713],[-83.147431,42.438739],[-83.146044,42.438761],[-83.144895,42.438777],[-83.143903,42.438796],[-83.142804,42.438814],[-83.141751,42.438834],[-83.141693,42.43702],[-83.141637,42.435335],[-83.142696,42.435317],[-83.143771,42.435297],[-83.144841,42.435276],[-83.145913,42.435254],[-83.147056,42.435231],[-83.14828,42.435207],[-83.14955,42.435181],[-83.150772,42.435158],[-83.15198,42.435142],[-83.153194,42.43513],[-83.154405,42.43512],[-83.155615,42.43511],[-83.15675,42.4351],[-83.157472,42.435094],[-83.157824,42.435091],[-83.158908,42.435083],[-83.160008,42.435073],[-83.161102,42.435045],[-83.161133,42.436028],[-83.161154,42.436762],[-83.161207,42.43851]]]},"properties":{"OBJECTID":215,"council_district":2,"nhood_num":42,"nhood_name":"Oak Grove District 2","Website":"https://theneighborhoods.org/neighborhoods/oak-grove"}}]}